t,x,y,v,a,vref,th,w,u
0.000000000000000000e+00,-1.000000000000000000e+01,-8.000000000000000000e+00,0.000000000000000000e+00,0.000000000000000000e+00,0.000000000000000000e+00,1.570796326794791753e+00,0.000000000000000000e+00,0.000000000000000000e+00
5.000000000000000278e-02,-1.000038906666638283e+01,-7.999485132616769079e+00,1.057416227308473899e-01,0.000000000000000000e+00,0.000000000000000000e+00,6.230731246266691947e+00,-3.494769306901682887e-02,0.000000000000000000e+00
1.000000000000000056e-01,-1.000038709735219378e+01,-7.999518534091370370e+00,5.463344248369003675e-02,-2.044327209886294128e-01,0.000000000000000000e+00,6.282126899403785991e+00,-1.461946882884619658e-02,1.000000000000000000e+00
1.500000000000000222e-01,-9.994825003328205781e+00,-7.999520608723697634e+00,9.689117010700629140e-02,5.484733702361466179e-03,0.000000000000000000e+00,6.283042480857718104e+00,-6.932196078299472652e-03,1.000000000000000000e+00
2.000000000000000111e-01,-9.987632068093036608e+00,-7.999509052844800294e+00,1.260110698656594919e-01,1.208673859965019304e-01,0.000000000000000000e+00,6.281373721284269074e+00,-4.192977080097935738e-03,1.000000000000000000e+00
2.500000000000000000e-01,-9.977619026705125904e+00,-7.999535772181856075e+00,1.721621876555732844e-01,2.812983799568568033e-01,0.000000000000000000e+00,1.583134648674722200e-02,5.415901705209290144e-03,1.000000000000000000e+00
2.999999999999999889e-01,-9.965576050718100376e+00,-7.999474672315022516e+00,2.139229595205031087e-01,3.920817914252048286e-01,0.000000000000000000e+00,6.281502160458703798e+00,-4.736371591010207424e-03,1.000000000000000000e+00
3.499999999999999778e-01,-9.950999382406704896e+00,-7.999304307328318764e+00,2.606180767435747891e-01,5.004459020324506513e-01,0.000000000000000000e+00,6.268638166660319477e+00,-7.216670797934230525e-03,1.000000000000000000e+00
3.999999999999999667e-01,-9.934854567713951923e+00,-7.999675673961213818e+00,2.981130572826563019e-01,5.503366437822866386e-01,0.000000000000000000e+00,4.188367445054907989e-02,2.127735615411905506e-02,1.000000000000000000e+00
4.499999999999999556e-01,-9.915696624279533467e+00,-7.999184716525588712e+00,3.492206703640463039e-01,6.446997673513894522e-01,0.000000000000000000e+00,6.256975519437409261e+00,-1.983845494605284213e-02,1.000000000000000000e+00
4.999999999999999445e-01,-9.894281614243810807e+00,-7.999715419191778309e+00,3.967779877245966591e-01,7.059890833233131158e-01,0.000000000000000000e+00,6.489587227716420159e-02,2.716671758471286141e-02,1.000000000000000000e+00
5.499999999999999334e-01,-9.871517488208880309e+00,-7.999553005558851737e+00,4.322349282357364486e-01,7.066190287032096951e-01,0.000000000000000000e+00,2.925139051002290103e-02,2.395236815848567763e-03,1.000000000000000000e+00
5.999999999999999778e-01,-9.845384938356128046e+00,-7.998933484883155920e+00,4.867062515659080768e-01,7.831805162832543576e-01,0.000000000000000000e+00,6.227019365522221683e+00,-3.759138173143591888e-02,1.000000000000000000e+00
6.500000000000000222e-01,-9.817331953640332287e+00,-7.999731159366712419e+00,5.314797321517689133e-01,8.056383353700468097e-01,0.000000000000000000e+00,8.027132763214162026e-02,3.833271844924651672e-02,1.000000000000000000e+00
7.000000000000000666e-01,-9.787667351670844340e+00,-7.999415105003301107e+00,5.687500241259428879e-01,7.935918361927333242e-01,0.000000000000000000e+00,6.272958102157651261e+00,-1.853497036860753122e-02,9.716664288618275247e-01
7.500000000000001110e-01,-9.755186639527893888e+00,-7.999076181404904062e+00,6.173134133644055943e-01,8.291270259080374405e-01,0.000000000000000000e+00,6.218096895934385415e+00,-3.198851808036662359e-02,9.059251195260907830e-01
8.000000000000001554e-01,-9.720858031769601837e+00,-7.999975311189776228e+00,6.590234627262672173e-01,8.301418181738763336e-01,0.000000000000000000e+00,1.014923249042078979e-01,5.061563863260119811e-02,8.166968696601493161e-01
8.500000000000001998e-01,-9.685555521930712786e+00,-7.999834838279099358e+00,6.873478490750783987e-01,7.774109999343457034e-01,0.000000000000000000e+00,3.285995655370221868e-02,7.570452927695633938e-04,7.403225549997858312e-01
9.000000000000002442e-01,-9.648430288549864287e+00,-7.999643103813046885e+00,7.205045021329674615e-01,7.545554121790327695e-01,0.000000000000000000e+00,6.270112142369002939e+00,-1.991948442422044468e-02,6.900888996712443157e-01
9.500000000000002887e-01,-9.609165333675884213e+00,-8.000415406816431485e+00,7.597644357785127145e-01,7.606840643254071388e-01,0.000000000000000000e+00,9.309083285963470900e-02,2.810660199570503073e-02,6.295638921188230208e-01
1.000000000000000222e+00,-9.570002823858430929e+00,-8.000482321538351371e+00,7.740826709316890319e-01,6.658201920730308920e-01,0.000000000000000000e+00,3.331936959681947030e-02,-3.191804209135952822e-03,5.560957259683982912e-01
1.050000000000000266e+00,-9.528883032161214572e+00,-8.000370242975327173e+00,8.030732251825616341e-01,6.486183706619153000e-01,0.000000000000000000e+00,6.251648097360630985e+00,-2.930328194800146599e-02,5.320709406735595337e-01
1.100000000000000311e+00,-9.486942288828918990e+00,-8.000430049683730616e+00,8.245313365612488843e-01,6.047271420442811296e-01,0.000000000000000000e+00,6.199706114840646265e+00,-3.469054627564376742e-02,4.782226888183334634e-01
1.150000000000000355e+00,-9.444285278777066139e+00,-8.000722366207330793e+00,8.417109073486345183e-01,5.524999967849674176e-01,0.000000000000000000e+00,6.180093426123754341e+00,-2.600817532269094484e-02,4.389642719395921433e-01
1.200000000000000400e+00,-9.400689057891145950e+00,-8.001248835028377471e+00,8.598779246070776816e-01,5.146680664617465650e-01,0.000000000000000000e+00,6.194275043616315202e+00,-6.070445799254888669e-03,4.078925698558059643e-01
1.250000000000000444e+00,-9.356447686957725551e+00,-8.001946862876463840e+00,8.749140274695617059e-01,4.718788646193333158e-01,0.000000000000000000e+00,6.235547957684451248e+00,1.319230937330526272e-02,3.744923562199051759e-01
1.300000000000000488e+00,-9.311588748040403374e+00,-8.002689950025111187e+00,8.883467571183598643e-01,4.312340102906592754e-01,0.000000000000000000e+00,6.279788690955152575e+00,2.349315807359951200e-02,3.470327291140509196e-01
1.350000000000000533e+00,-9.266145223934140418e+00,-8.003392769924356998e+00,9.007262582027359965e-01,3.945052125700319046e-01,0.000000000000000000e+00,2.407758706818885486e-02,2.191130764196028147e-02,3.225009976471210904e-01
1.400000000000000577e+00,-9.220224706110442980e+00,-8.004020931844952003e+00,9.113882721081834060e-01,3.582522256778151171e-01,0.000000000000000000e+00,3.015871018487725763e-02,1.308550829951798423e-02,2.998215985974801989e-01
1.450000000000000622e+00,-9.173859425728824846e+00,-8.004586033341691831e+00,9.209800049885300544e-01,3.249687120636386428e-01,0.000000000000000000e+00,1.632678273990961770e-02,1.392308551261204307e-03,2.803519187032836313e-01
1.500000000000000666e+00,-9.127075605734480845e+00,-8.005137625572491089e+00,9.298368740031208723e-01,2.954024457092741529e-01,0.000000000000000000e+00,6.272596094001523070e+00,-9.178691475721024312e-03,2.628235490877921521e-01
1.550000000000000711e+00,-9.079930830105634953e+00,-8.005737734545091300e+00,9.377178921656559307e-01,2.678460292175595114e-01,0.000000000000000000e+00,6.244634952166101094e+00,-1.465362699553740891e-02,2.465827414598838196e-01
1.600000000000000755e+00,-9.032462307288442460e+00,-8.006435302311825097e+00,9.447709367310332951e-01,2.424890016355570610e-01,0.000000000000000000e+00,6.225467107995516614e+00,-1.411479998876890088e-02,2.321288997818853339e-01
1.650000000000000799e+00,-8.984700432782080526e+00,-8.007252863691913802e+00,9.511348302618031214e-01,2.194467754315249375e-01,0.000000000000000000e+00,6.221139561042504873e+00,-8.476220182227158298e-03,2.191838203463270796e-01
1.700000000000000844e+00,-8.936682622634155138e+00,-8.008179618043701709e+00,9.567749650071046830e-01,1.981179593264261740e-01,0.000000000000000000e+00,6.231331802920985652e+00,-5.486163638547588567e-04,2.074846143849448099e-01
1.750000000000000888e+00,-8.888437037575009469e+00,-8.009178853822845667e+00,9.617811820755651775e-01,1.785192357349829062e-01,0.000000000000000000e+00,6.250847705466467730e+00,6.621351920223797483e-03,1.971145792845901967e-01
1.800000000000000933e+00,-8.839984293307436403e+00,-8.010196451317877830e+00,9.662736944724725774e-01,1.607854381756159134e-01,0.000000000000000000e+00,3.186360359454631919e-03,1.578520047965869741e-02,1.879073415174117856e-01
1.850000000000000977e+00,-8.791321450767883405e+00,-8.011187315972264855e+00,9.705846567416276383e-01,1.458721996171129520e-01,0.000000000000000000e+00,2.251557753977273535e-02,1.456434617937541268e-02,1.796336555284954728e-01
1.900000000000001021e+00,-8.742499627515941896e+00,-8.012113147125459633e+00,9.742010819733585292e-01,1.311634606206139031e-01,0.000000000000000000e+00,2.287659878845893502e-02,7.342900892916727831e-03,1.716355241792621167e-01
1.950000000000001066e+00,-8.693530966367186252e+00,-8.012995495768951315e+00,9.773997529086464464e-01,1.177254522376427887e-01,0.000000000000000000e+00,9.092434008566740999e-03,-1.135083605770101887e-03,1.649485430582502965e-01
2.000000000000000888e+00,-8.644425791667433856e+00,-8.013875156676686373e+00,9.803165393657953253e-01,1.058475076187097436e-01,0.000000000000000000e+00,6.270039860378711083e+00,-8.258819309909560397e-03,1.590297368771897979e-01
2.050000000000000711e+00,-8.595201457476306928e+00,-8.014799408109983148e+00,9.829227422214074084e-01,9.510281751741617162e-02,0.000000000000000000e+00,6.242451826080021249e+00,-1.362203536495454684e-02,1.536141016971411810e-01
2.100000000000000533e+00,-8.545865193916364788e+00,-8.015813581531153531e+00,9.853293363218396106e-01,8.570863041566179064e-02,0.000000000000000000e+00,6.221717651168690466e+00,-1.389564674420516038e-02,1.487649866907320151e-01
2.150000000000000355e+00,-8.496436446348827332e+00,-8.016943642731272135e+00,9.874317016917212309e-01,7.697636581205594131e-02,0.000000000000000000e+00,6.215734695917252139e+00,-8.954023873748839096e-03,1.442653430947524462e-01
2.200000000000000178e+00,-8.446926448203836202e+00,-8.018183233274273292e+00,9.892788445399249841e-01,6.896966404245979954e-02,0.000000000000000000e+00,6.224353038085848944e+00,-1.501510867243990334e-03,1.403296050452346178e-01
2.250000000000000000e+00,-8.397340099328477692e+00,-8.019502372037457860e+00,9.909582462187926932e-01,6.189333794943870093e-02,0.000000000000000000e+00,6.240197498331371939e+00,4.676357501947277923e-03,1.368652603417094826e-01
2.299999999999999822e+00,-8.347688283935942977e+00,-8.020863798148740287e+00,9.924290218267858288e-01,5.539777279152352518e-02,0.000000000000000000e+00,6.256662789846373585e+00,7.937237762730784546e-03,1.337014259169510277e-01
2.349999999999999645e+00,-8.297980301106832712e+00,-8.022237349418459118e+00,9.936950880404240571e-01,4.938248308777175993e-02,0.000000000000000000e+00,6.268321330316188877e+00,7.918877832360038047e-03,1.309236920142929639e-01
2.399999999999999467e+00,-8.248219492434717637e+00,-8.023606049275297636e+00,9.948335884980138433e-01,4.405998830057657190e-02,0.000000000000000000e+00,6.272117357571891816e+00,5.248993100311233687e-03,1.285283447258923073e-01
2.449999999999999289e+00,-8.198409790511792750e+00,-8.024971510729164592e+00,9.958744198848175078e-01,3.941131618767593214e-02,0.000000000000000000e+00,6.267229303358851311e+00,9.707210465700693257e-04,1.263642937891871765e-01
2.499999999999999112e+00,-8.148553614664153955e+00,-8.026351019951929899e+00,9.968528601023818325e-01,3.544281382039805861e-02,0.000000000000000000e+00,6.256122446700707940e+00,-3.284151088833038058e-03,1.243739485812361129e-01
2.549999999999998934e+00,-8.098655518429199063e+00,-8.027766394745565748e+00,9.977591370663362325e-01,3.197935891213606052e-02,0.000000000000000000e+00,6.243396560164264031e+00,-5.954269103306474367e-03,1.224882974432416893e-01
2.599999999999998757e+00,-8.048725527024583215e+00,-8.029235768314169519e+00,9.985229462291758118e-01,2.863872378106717756e-02,0.000000000000000000e+00,6.238309307808604487e+00,-4.699637924426099470e-03,1.207282433753526646e-01
2.649999999999998579e+00,-7.998766078365804333e+00,-8.030768765697819944e+00,9.992047724138640730e-01,2.563828376360679714e-02,0.000000000000000000e+00,6.244175383008480296e+00,-3.726907092306084440e-04,1.192366464339140314e-01
2.699999999999998401e+00,-7.948759792603398822e+00,-8.032348426862554902e+00,1.000056712788127466e+00,2.391838850793902294e-02,0.000000000000000000e+00,6.247867721120246465e+00,1.081120510064453432e-03,1.178946875543011308e-01
2.749999999999998224e+00,-7.898739431239130582e+00,-8.033959152768607836e+00,1.000578199892502296e+00,2.122065922385054509e-02,0.000000000000000000e+00,6.249054482677533606e+00,9.463375448844851909e-04,1.161969113692181005e-01
2.799999999999998046e+00,-7.848710140225309217e+00,-8.035603784922670911e+00,1.000907074937453567e+00,1.829202755888552356e-02,0.000000000000000000e+00,6.249583529497197532e+00,6.501119971249597323e-04,1.151468072101753809e-01
2.849999999999997868e+00,-7.798660753797037160e+00,-8.037281257630521480e+00,1.001292713380571131e+00,1.617617581957868367e-02,0.000000000000000000e+00,6.247803177877020886e+00,-2.740815184860098978e-04,1.144737131354026244e-01
2.899999999999997691e+00,-7.748593668698939396e+00,-8.038993685194968819e+00,1.001673423949251074e+00,1.446378293038272367e-02,0.000000000000000000e+00,6.244167480449583252e+00,-1.358909278309404977e-03,1.136798635136950647e-01
2.949999999999997513e+00,-7.698514386017583533e+00,-8.040748370999610373e+00,1.001989534612884203e+00,1.283546899883870017e-02,0.000000000000000000e+00,6.240838181982724997e+00,-1.798878240342008297e-03,1.128882147364532185e-01
2.999999999999997335e+00,-7.648423047197229430e+00,-8.042548757374650137e+00,1.002280012396187470e+00,1.143028633228403146e-02,0.000000000000000000e+00,6.238602857702432836e+00,-1.650110847682280694e-03,1.122188945786462833e-01
3.049999999999997158e+00,-7.598321718788961121e+00,-8.044396202707105203e+00,1.002536545424451475e+00,1.017036117888325125e-02,0.000000000000000000e+00,6.238145941887633938e+00,-9.766702733202865545e-04,1.115948130961604140e-01
3.099999999999996980e+00,-7.548212411928654220e+00,-8.046287990111974153e+00,1.002754675044480903e+00,9.008807423224317323e-03,0.000000000000000000e+00,6.238740189823857918e+00,-2.867465940305788451e-04,1.110332019132098114e-01
3.149999999999996803e+00,-7.498097144090442256e+00,-8.048221024760257691e+00,1.002932281227459921e+00,7.917470670495526525e-03,0.000000000000000000e+00,6.239910133459186881e+00,2.502037124864440326e-04,1.105437081792622067e-01
3.199999999999996625e+00,-7.447977656379800138e+00,-8.050190579133991164e+00,1.003070974560447581e+00,6.888749868347065694e-03,0.000000000000000000e+00,6.241974235500164170e+00,8.172870648094243034e-04,1.101313641339743271e-01
3.249999999999996447e+00,-7.397856080311084881e+00,-8.052193668602665610e+00,1.003167434854179252e+00,5.896841069604336939e-03,0.000000000000000000e+00,6.243155279903366939e+00,8.040827437395684299e-04,1.097937404087195590e-01
3.299999999999996270e+00,-7.347727080471311290e+00,-8.054225650927445912e+00,1.003308970751863205e+00,5.283616446419284012e-03,0.000000000000000000e+00,6.243443434879082155e+00,4.986027999821648297e-04,1.095382935941442704e-01
3.349999999999996092e+00,-7.297595301332792772e+00,-8.056272641985477989e+00,1.003406245792910489e+00,4.615993321324567307e-03,0.000000000000000000e+00,6.263698604165780282e+00,7.088479980698053108e-03,1.091902493346059017e-01
3.399999999999995914e+00,-7.247439804493564175e+00,-8.058315015882863364e+00,1.003727274906060618e+00,4.976911109660172965e-03,0.000000000000000000e+00,6.619695381591128580e-04,1.031109476093830697e-02,1.089284039506996232e-01
3.449999999999995737e+00,-7.197292055812811284e+00,-8.060309507953320463e+00,1.003739678168426464e+00,4.031141937191519940e-03,0.000000000000000000e+00,6.208094986455137132e-03,7.069314711226167523e-03,1.082145387065281961e-01
3.499999999999995559e+00,-7.147128314133927240e+00,-8.062250129042050517e+00,1.003911065241266609e+00,3.910461841113801497e-03,0.000000000000000000e+00,4.794825430552762668e-03,3.012031480334044324e-03,1.081150444397700333e-01
3.549999999999995381e+00,-7.096969845736667892e+00,-8.064150918460974538e+00,1.003898082197095754e+00,3.076437296207618771e-03,0.000000000000000000e+00,9.821337440138577790e-03,3.207577522717418479e-03,1.076955113521472635e-01
3.599999999999995204e+00,-7.046807499429846189e+00,-8.066004682837821349e+00,1.003918287541731402e+00,2.541971215508690395e-03,0.000000000000000000e+00,2.323526981952728221e-02,6.131986833225263819e-03,1.076434050097789530e-01
3.649999999999995026e+00,-6.996634325678948940e+00,-8.067789410620454404e+00,1.004026223721609989e+00,2.465321691921302724e-03,0.000000000000000000e+00,3.482977004502085805e-02,6.888470631922818596e-03,1.075248009863153248e-01
3.699999999999994849e+00,-6.946469384463537899e+00,-8.069493824830663797e+00,1.003937140994395572e+00,1.615926444679369450e-03,0.000000000000000000e+00,3.764439039339784188e-02,4.414287322391968402e-03,1.072293252540307551e-01
3.749999999999994671e+00,-6.896302527371416247e+00,-8.071122414298702807e+00,1.003894283452889002e+00,1.121310989717218699e-03,0.000000000000000000e+00,3.288585913768482527e-02,6.314774870683093760e-04,1.073279876704477942e-01
3.799999999999994493e+00,-6.846128880724002386e+00,-8.072692770949647212e+00,1.003936300960464711e+00,1.065118822076611526e-03,0.000000000000000000e+00,2.552280686944197186e-02,-2.186930361054565276e-03,1.073354513688490608e-01
3.849999999999994316e+00,-6.795955803184438260e+00,-8.074222818921267475e+00,1.003931344672134740e+00,8.322699043414034763e-04,0.000000000000000000e+00,1.892423897690065360e-02,-3.319375819333433841e-03,1.071730488816447086e-01
3.899999999999994138e+00,-6.745783516642921640e+00,-8.075725181345651649e+00,1.003909837126295557e+00,5.797857401163890529e-04,0.000000000000000000e+00,1.543569704229419415e-02,-2.830161101838236069e-03,1.071042922706852835e-01
3.949999999999993960e+00,-6.695609525511701854e+00,-8.077204382697827256e+00,1.003913425895646139e+00,4.781836694954395275e-04,0.000000000000000000e+00,1.575179430530404545e-02,-1.318256077504142282e-03,1.070689270889586681e-01
3.999999999999993783e+00,-6.645436458547576919e+00,-8.078657198329661782e+00,1.003894528868332525e+00,3.069588263418972229e-04,0.000000000000000000e+00,1.859241586450721684e-02,2.903605190432371336e-04,1.069835116562065647e-01
4.049999999999993605e+00,-6.595263530357366122e+00,-8.080075893405480159e+00,1.003873593027293731e+00,1.618236969183420315e-04,0.000000000000000000e+00,2.458793110753632050e-02,2.152384646081520556e-03,1.069432538816596501e-01
4.099999999999993427e+00,-6.545090120292779368e+00,-8.081450404285872580e+00,1.003856246002559516e+00,6.007085859781112036e-05,0.000000000000000000e+00,2.847638727834223005e-02,2.372305257548544891e-03,1.069074750573558441e-01
4.149999999999993250e+00,-6.494917058325897941e+00,-8.082775387707556547e+00,1.003829148576730557e+00,-6.033301643758801883e-05,0.000000000000000000e+00,3.286773789369679122e-02,2.653190618049992844e-03,1.068648961671815889e-01
4.199999999999993072e+00,-6.444743527299418240e+00,-8.084045438799801531e+00,1.003806895578672975e+00,-1.372784053803963612e-04,0.000000000000000000e+00,3.476306714049748336e-02,1.954550793795511304e-03,1.068422768341041051e-01
4.249999999999992895e+00,-6.394570831364779551e+00,-8.085260938529096109e+00,1.003771766368569907e+00,-2.503395647165923663e-04,0.000000000000000000e+00,3.497034895523665199e-02,1.056360366071069402e-03,1.068104550459816060e-01
4.299999999999992717e+00,-6.344396812186736234e+00,-8.086425263966766863e+00,1.003759029434647232e+00,-2.512193874639725359e-04,0.000000000000000000e+00,3.411248413748779740e-02,2.456009527846582515e-04,1.068049784090427251e-01
4.349999999999992539e+00,-6.294221851888073260e+00,-8.087542366473790878e+00,1.003752345173349658e+00,-2.277125551614730037e-04,0.000000000000000000e+00,3.354632403330626289e-02,-7.203367222858973479e-05,1.067551630165999715e-01
4.399999999999992362e+00,-6.244047251662562914e+00,-8.088615433607682093e+00,1.003733821136232107e+00,-2.562661925993827338e-04,0.000000000000000000e+00,3.267451083306838200e-02,-3.294019000545061852e-04,1.066934276061231451e-01
4.449999999999992184e+00,-6.193872351232349693e+00,-8.089645959292711908e+00,1.003719314137840435e+00,-2.630409476461958106e-04,0.000000000000000000e+00,3.379322619513125403e-02,2.011594062266593153e-04,1.066556412139535032e-01
4.499999999999992006e+00,-6.143699663334357020e+00,-8.090635933838472127e+00,1.003677170243162831e+00,-3.790083368273743829e-04,0.000000000000000000e+00,3.200855693195592266e-02,-5.010603794024228938e-04,1.066101451589725746e-01
4.549999999999991829e+00,-6.093529686352495034e+00,-8.091589611661756720e+00,1.003619352851266022e+00,-5.344762370491337776e-04,0.000000000000000000e+00,3.164579710369963550e-02,-3.627296827349827551e-04,1.066205299955639701e-01
4.599999999999991651e+00,-6.043359797959667823e+00,-8.092509007130471943e+00,1.003587484764698612e+00,-5.550533359089488902e-04,0.000000000000000000e+00,3.164101210628800231e-02,-1.797415855841028270e-04,1.066632844815709191e-01
4.649999999999991473e+00,-5.993198872843604974e+00,-8.093397850746207212e+00,1.003460629593965425e+00,-9.514633516599075138e-04,0.000000000000000000e+00,2.868159579086171362e-02,-1.015763389660304062e-03,1.066549991045864093e-01
4.699999999999991296e+00,-5.943033898910225155e+00,-8.094261048991942431e+00,1.003453123230100275e+00,-7.911961367885289413e-04,0.000000000000000000e+00,1.897835554685567416e-02,-3.722815924813984052e-03,1.068384147853407989e-01
4.749999999999991118e+00,-5.892842030453765645e+00,-8.095118797055899762e+00,1.003771732372707337e+00,6.414796609974314067e-04,0.000000000000000000e+00,7.403183239308219754e-03,-5.871263873360772420e-03,1.067843010238133800e-01
4.799999999999990941e+00,-5.842689347206837525e+00,-8.095983370023901671e+00,1.003430321956122917e+00,-8.524579375397401109e-04,0.000000000000000000e+00,6.280634020224541203e+00,-6.243653681258171453e-03,1.060743660519537362e-01
4.849999999999990763e+00,-5.792533989012173201e+00,-8.096873532928750450e+00,1.003331215403564070e+00,-1.078392560267183407e-03,0.000000000000000000e+00,6.282615929505420027e+00,-2.448598781829476340e-03,1.066856680073195729e-01
4.899999999999990585e+00,-5.742373305945141837e+00,-8.097766472561881201e+00,1.003356098519068595e+00,-7.631815861956427367e-04,0.000000000000000000e+00,1.764088094836857579e-02,4.844803419944408197e-03,1.068164115506904516e-01
4.949999999999990408e+00,-5.692232182034200783e+00,-8.098630155265635011e+00,1.003125181707444913e+00,-1.534212515451248166e-03,0.000000000000000000e+00,4.049141253751109559e-02,1.011985716822164962e-02,1.066997355629869249e-01
4.999999999999990230e+00,-5.642085191568643410e+00,-8.099421034798208296e+00,1.003088800602033981e+00,-1.372894434004727059e-03,0.000000000000000000e+00,6.203060228755852279e-02,1.229874580583271634e-02,1.070970963984811952e-01
5.049999999999990052e+00,-5.591934345618070346e+00,-8.100109747555858775e+00,1.003102424683854466e+00,-1.043819219921842756e-03,0.000000000000000000e+00,7.125784711328631005e-02,9.213785956089556861e-03,1.071077723970623174e-01
5.099999999999989875e+00,-5.541787955978016100e+00,-8.100692397856168014e+00,1.003038267690691487e+00,-1.091683348589387800e-03,0.000000000000000000e+00,6.901439355068994530e-02,3.871905059442178748e-03,1.070185919029262162e-01
5.149999999999989697e+00,-5.491639056249132622e+00,-8.101187228341276025e+00,1.003031398733084556e+00,-9.008225092992360470e-04,0.000000000000000000e+00,5.762455105169550507e-02,-1.897999025013074118e-03,1.070855935266309400e-01
5.199999999999989519e+00,-5.441489178623994505e+00,-8.101627025171891816e+00,1.003034231814845079e+00,-7.093256803972981979e-04,0.000000000000000000e+00,4.438823549162940196e-02,-5.420073877590285243e-03,1.070386449038512461e-01
5.249999999999989342e+00,-5.391345435150627807e+00,-8.102035786474075962e+00,1.002958610476200052e+00,-8.699458988979462100e-04,0.000000000000000000e+00,3.321110612798072736e-02,-6.464221925074339209e-03,1.069723182582620752e-01
5.299999999999989164e+00,-5.341211461239634417e+00,-8.102435641429892144e+00,1.002810274448523220e+00,-1.289300829825687066e-03,0.000000000000000000e+00,2.360458202128068450e-02,-6.421032694065760722e-03,1.070637440186059386e-01
5.349999999999988987e+00,-5.291080638726503693e+00,-8.102837431505978572e+00,1.002713309660132390e+00,-1.419299817423870080e-03,0.000000000000000000e+00,2.403028809398310983e-02,-3.045126862352078197e-03,1.073029460918866196e-01
5.399999999999988809e+00,-5.240957022409808985e+00,-8.103237012445578813e+00,1.002587870563683259e+00,-1.637196239735623764e-03,0.000000000000000000e+00,2.378158441144062607e-02,-1.564074552267711964e-03,1.074417829984933709e-01
5.449999999999988631e+00,-5.190824982037431035e+00,-8.103621625803118178e+00,1.002637342251856634e+00,-1.111870239094999270e-03,0.000000000000000000e+00,1.968644314566958542e-02,-2.158304763223720547e-03,1.076398347216532964e-01
5.499999999999988454e+00,-5.140677681442154423e+00,-8.104006084178269731e+00,1.002840411668551868e+00,-7.721852449506022217e-05,0.000000000000000000e+00,2.677006588658770170e-02,1.208182304092523867e-03,1.074885661082443239e-01
5.549999999999988276e+00,-5.090554450471863390e+00,-8.104364570735551609e+00,1.002630332187917084e+00,-9.020927421351867008e-04,0.000000000000000000e+00,4.216418928256349119e-02,5.755269375892743504e-03,1.070273498590729733e-01
5.599999999999988098e+00,-5.040440450797015970e+00,-8.104671156606357840e+00,1.002431417268501157e+00,-1.517333871371859266e-03,0.000000000000000000e+00,5.870284729172237093e-02,8.494081784409959410e-03,1.073931116165119243e-01
5.649999999999987921e+00,-4.990315689432653912e+00,-8.104900597739687740e+00,1.002476008466374413e+00,-1.035502305604462736e-03,0.000000000000000000e+00,6.899247125927043811e-02,7.654392799555218355e-03,1.077406180540144143e-01
5.699999999999987743e+00,-4.940199648766636642e+00,-8.105043653774945511e+00,1.002385342592240658e+00,-1.191065341018592103e-03,0.000000000000000000e+00,6.910264541057298260e-02,3.881252751798285050e-03,1.076022954441412938e-01
5.749999999999987566e+00,-4.890085694417948936e+00,-8.105108659904795232e+00,1.002322096547445751e+00,-1.205836451994501783e-03,0.000000000000000000e+00,6.261457072102949439e-02,-2.294211730923807584e-04,1.077351478074096147e-01
5.799999999999987388e+00,-4.839971428985587742e+00,-8.105115036526980177e+00,1.002300029020527061e+00,-1.052939269270361348e-03,0.000000000000000000e+00,5.411452977778985485e-02,-2.993181877540122306e-03,1.078146591093304130e-01
5.849999999999987210e+00,-4.789861866957647152e+00,-8.105082744684333207e+00,1.002234882640476332e+00,-1.102936935619206133e-03,0.000000000000000000e+00,4.717710311261669176e-02,-3.829680292105550922e-03,1.078126055752832019e-01
5.899999999999987033e+00,-4.739757936955183659e+00,-8.105025375876035554e+00,1.002141508380183232e+00,-1.255846589667765486e-03,0.000000000000000000e+00,4.285909402940824009e-02,-3.351747722072917490e-03,1.078976456827541175e-01
5.949999999999986855e+00,-4.689897514679264745e+00,-8.104945079255807983e+00,9.991880946735222091e-01,-1.281833209837834713e-02,0.000000000000000000e+00,3.174600300035557154e-02,-5.014863007343712056e-03,1.080407686177945054e-01
5.999999999999986677e+00,-4.641959863070726833e+00,-8.104858881927302861e+00,9.757758208603908301e-01,-1.039037609312285226e-01,0.000000000000000000e+00,1.076960941870552801e-02,-7.704476737256905731e-03,1.139387134319509720e-01
6.049999999999986500e+00,-4.594598858613410108e+00,-8.104775727680515018e+00,9.595335629757618667e-01,-1.480920402834989269e-01,0.000000000000000000e+00,7.937816895282168161e-03,-3.946359643620410418e-03,1.610512314581694082e-01
6.099999999999986322e+00,-4.547281593071112127e+00,-8.104701080903861765e+00,9.518742577531680293e-01,-1.491108531171745910e-01,0.000000000000000000e+00,9.979018979500153819e-03,4.940563904876770114e-04,1.942114823429921255e-01
6.149999999999986144e+00,-4.500841467965821074e+00,-8.104604693935417714e+00,9.385174027007527897e-01,-1.727161027034008201e-01,0.000000000000000000e+00,1.170791136152082856e-02,3.283443409208580688e-03,2.104303873955252202e-01
6.199999999999985967e+00,-4.454839413566126005e+00,-8.104454618811757882e+00,9.280359183578270610e-01,-1.800988195344237486e-01,0.000000000000000000e+00,1.415917217781803572e-02,5.865724653260340898e-03,2.382664382748864995e-01
6.249999999999985789e+00,-4.409081910187263809e+00,-8.104233144706345371e+00,9.207278878170150893e-01,-1.733111777907870021e-01,0.000000000000000000e+00,1.362807440886726340e-02,3.678967797729934194e-03,2.605855405335892327e-01
6.299999999999985612e+00,-4.363678090916629060e+00,-8.103966932387935529e+00,9.150210182776337131e-01,-1.614764203901551953e-01,0.000000000000000000e+00,1.566426815811006179e-02,4.344130425424733502e-03,2.767296228638502220e-01
6.349999999999985434e+00,-4.319477507899271096e+00,-8.103640299928169810e+00,8.996580722088252102e-01,-1.906329205873583954e-01,0.000000000000000000e+00,1.717707470800711178e-02,3.509718293592036745e-03,2.897984169641251717e-01
6.399999999999985256e+00,-4.276805945174499968e+00,-8.103262885783266256e+00,8.734486385729895996e-01,-2.573440710132295361e-01,0.000000000000000000e+00,1.724408613536176915e-02,2.311616039516690545e-03,3.224126626853184852e-01
6.449999999999985079e+00,-4.234968020461129079e+00,-8.102832930158559321e+00,8.531362694654403001e-01,-2.871247332407811381e-01,0.000000000000000000e+00,1.530665601896252781e-02,-1.193724782460788827e-03,3.771650506642014733e-01
6.499999999999984901e+00,-4.194041259677232958e+00,-8.102356501721168058e+00,8.346631565124992269e-01,-3.035922384043894806e-01,0.000000000000000000e+00,1.225761328063690314e-02,-4.501160604579832955e-03,4.205780116127137980e-01
6.549999999999984723e+00,-4.153977393210070979e+00,-8.101886207126383965e+00,8.163665340781149915e-01,-3.160602804610487815e-01,0.000000000000000000e+00,7.924288766989029398e-03,-7.741576003411973841e-03,4.606984640232341666e-01
6.599999999999984546e+00,-4.114644028534923059e+00,-8.101412135697234618e+00,8.002986485069386591e-01,-3.171197666535445769e-01,0.000000000000000000e+00,9.053530287526534437e-03,-2.432683118101755960e-03,5.008359930762137369e-01
6.649999999999984368e+00,-4.075881155603950923e+00,-8.100951989201885084e+00,7.871706487456423540e-01,-3.062078123680210817e-01,0.000000000000000000e+00,8.729568607252602419e-03,-1.636144056504050971e-03,5.368553915859936021e-01
6.699999999999984190e+00,-4.037680920120854999e+00,-8.100454114435743591e+00,7.750353327454506669e-01,-2.935075138951838136e-01,0.000000000000000000e+00,1.394032750804541365e-02,5.923375064115998789e-03,5.672794068733112427e-01
6.749999999999984013e+00,-3.999961038525726487e+00,-8.099905486920331299e+00,7.644133930443164360e-01,-2.772937699206841633e-01,0.000000000000000000e+00,1.615418523910694404e-02,5.864743507844746677e-03,5.959687613000010931e-01
6.799999999999983835e+00,-3.962579730396545763e+00,-8.099322858313911411e+00,7.560817308544757198e-01,-2.551616646959103396e-01,0.000000000000000000e+00,1.484021950792335787e-02,1.217876081540050000e-03,6.218548771323417768e-01
6.849999999999983658e+00,-3.925603917480182670e+00,-8.098690366202923485e+00,7.479705007106406400e-01,-2.365742523320687185e-01,0.000000000000000000e+00,1.188640437362309399e-02,-3.262012796420348838e-03,6.433427268250618836e-01
6.899999999999983480e+00,-3.888870174337482499e+00,-8.098074172090727885e+00,7.417189704831703700e-01,-2.142655227755361491e-01,0.000000000000000000e+00,2.573850475376282532e-03,-1.390325094119310156e-02,6.645539283148699239e-01
6.949999999999983302e+00,-3.851503656744630355e+00,-8.098199630147927763e+00,7.455569544096389833e-01,-1.560604825145544272e-01,0.000000000000000000e+00,3.477098265915401498e-02,3.292497455616855140e-02,6.821830297954168953e-01
6.999999999999983125e+00,-3.815904031708472477e+00,-8.098174189445533244e+00,7.282857449593785892e-01,-1.939332238126853791e-01,0.000000000000000000e+00,4.424914200496399275e-02,3.095171120584404301e-02,6.796201824539398473e-01
7.049999999999982947e+00,-3.779507361443322111e+00,-8.096847551292421841e+00,7.296458941424319722e-01,-1.497059823179347493e-01,0.000000000000000000e+00,6.275966767817237724e+00,-5.064132488270101790e-02,7.194887025099320210e-01
7.099999999999982769e+00,-3.743137461620577255e+00,-8.096710523068225029e+00,7.294340514020991595e-01,-1.206121568156790502e-01,0.000000000000000000e+00,2.645809828059952906e-03,-1.258811032011942707e-02,7.221839140302224180e-01
7.149999999999982592e+00,-3.708040544885256473e+00,-8.097025970629392333e+00,7.162926033914893686e-01,-1.490555174949826089e-01,0.000000000000000000e+00,3.356381495009763682e-02,3.407579382789744510e-02,7.280176048269960676e-01
7.199999999999982414e+00,-3.671573648917209276e+00,-8.095855325911111677e+00,7.251494431774694327e-01,-8.381705485206569772e-02,0.000000000000000000e+00,6.279123233660888204e+00,-3.195567277468107370e-02,7.598939032782536795e-01
7.249999999999982236e+00,-3.635519723635108225e+00,-8.095566032888799057e+00,7.240802345769219439e-01,-7.133047828384253553e-02,0.000000000000000000e+00,6.280650669049228085e+00,-1.379836118736837286e-02,7.477314929831504475e-01
7.299999999999982059e+00,-3.600367751485608725e+00,-8.095848733661878072e+00,7.144713231651076413e-01,-9.550002827433137775e-02,0.000000000000000000e+00,2.942596556884424785e-02,3.429410210408717630e-02,7.553817199951534667e-01
7.349999999999981881e+00,-3.563927777035226452e+00,-8.094836407769232522e+00,7.240303477598521997e-01,-3.816392424048672960e-02,0.000000000000000000e+00,6.270636880911382605e+00,-3.670545534933322002e-02,7.802513689689175580e-01
7.399999999999981704e+00,-3.527972850597532961e+00,-8.094597178711788743e+00,7.226087575377673211e-01,-3.621750028072891897e-02,0.000000000000000000e+00,6.269626893567107118e+00,-1.949457401751220412e-02,7.667111531838757266e-01
7.449999999999981526e+00,-3.492648892387974602e+00,-8.095179359164804467e+00,7.156973174614085220e-01,-5.661976053001843701e-02,0.000000000000000000e+00,2.639952595179018147e-02,4.116620418673752613e-02,7.750934182332575029e-01
7.499999999999981348e+00,-3.456159416231388892e+00,-8.094477480869041841e+00,7.251161324762853688e-01,-7.620548364507227779e-03,0.000000000000000000e+00,5.675743230440843945e-03,-6.450483350995239729e-03,7.945601037801723887e-01
7.549999999999981171e+00,-3.420251990784964224e+00,-8.094091818601899746e+00,7.227785699003055342e-01,-1.544668899552515372e-02,0.000000000000000000e+00,6.277600358522825275e+00,-1.742530642097111018e-02,7.812778268111777447e-01
7.599999999999980993e+00,-3.384539027533563171e+00,-8.094584412350791069e+00,7.199540660497947275e-01,-2.365536659846339401e-02,0.000000000000000000e+00,2.829246794408923904e-02,3.489786745874228630e-02,7.914829962511280570e-01
7.649999999999980815e+00,-3.347934866532865872e+00,-8.093729657786054688e+00,7.283442652780239834e-01,1.463650363414642497e-02,0.000000000000000000e+00,1.361364282939092618e-04,-1.880291053900083956e-02,8.027156038646340308e-01
7.699999999999980638e+00,-3.311856184362496514e+00,-8.093195629395822266e+00,7.263143469452559842e-01,3.589529576245113415e-03,0.000000000000000000e+00,6.276911773769777270e+00,-1.767670933257549717e-02,7.914199640266843527e-01
7.749999999999980460e+00,-3.275861623357040120e+00,-8.093521291095090220e+00,7.246663963129837960e-01,-3.720178868092686043e-03,0.000000000000000000e+00,2.728475368546057211e-02,3.441117386119304372e-02,8.009409641910260058e-01
7.799999999999980282e+00,-3.238841652434302887e+00,-8.092676193884987157e+00,7.351133234738667088e-01,3.881156554905765277e-02,0.000000000000000000e+00,6.281265655164835593e+00,-2.018136438479765579e-02,8.097333751646161870e-01
7.849999999999980105e+00,-3.202637507376381532e+00,-8.092015050168692269e+00,7.307778612819049169e-01,1.370740367139889476e-02,0.000000000000000000e+00,6.262045443180546123e+00,-3.501463800683836392e-02,7.942020677761050251e-01
7.899999999999979927e+00,-3.166183124069633870e+00,-8.092590560894885598e+00,7.317087656625465009e-01,1.468954045968546597e-02,0.000000000000000000e+00,2.290556353266914869e-02,3.896477473479570408e-02,8.082304248421958714e-01
7.949999999999979750e+00,-3.128980657350134642e+00,-8.091929415061802189e+00,7.402223524304623048e-01,4.580597943941171202e-02,0.000000000000000000e+00,4.193283616542586856e-03,-4.501801106414557441e-03,8.117402268672957444e-01
7.999999999999979572e+00,-3.092471571523865315e+00,-8.091370132983238150e+00,7.365816966589864290e-01,2.208216046562581220e-02,0.000000000000000000e+00,6.270111305496074650e+00,-2.450380930687631048e-02,7.999618647893493861e-01
8.049999999999979394e+00,-3.055626556962190321e+00,-8.091924748960064306e+00,7.386608203417813767e-01,2.598222310368047266e-02,0.000000000000000000e+00,2.589677376877830284e-02,3.792114580133594537e-02,8.124886921245823013e-01
8.099999999999980105e+00,-3.018056800183765098e+00,-8.091267354013556456e+00,7.473982857520033996e-01,5.573564012383259991e-02,0.000000000000000000e+00,6.203882761122159195e-03,-6.449011740791175951e-03,8.135702640016927445e-01
8.149999999999980815e+00,-2.981219364020285312e+00,-8.090680687978576202e+00,7.434895811564808943e-01,2.895369371697628647e-02,0.000000000000000000e+00,6.272870420009000192e+00,-2.445012726085842025e-02,8.012025511238746178e-01
8.199999999999981526e+00,-2.944031366177138676e+00,-8.091136248103566686e+00,7.455738313397977102e-01,3.149995570684817336e-02,0.000000000000000000e+00,2.462817439861808566e-02,3.288462278979830539e-02,8.141254020706952810e-01
8.249999999999982236e+00,-2.906065704745274036e+00,-8.090434441112865471e+00,7.548921514721699255e-01,6.247324509496687828e-02,0.000000000000000000e+00,6.282866076153098334e+00,-1.549087379881993257e-02,8.150586152952021823e-01
8.299999999999982947e+00,-2.868854560084600713e+00,-8.089871036412985106e+00,7.509696167241940445e-01,3.428845708407020354e-02,0.000000000000000000e+00,6.263273485601787982e+00,-3.318649922935060226e-02,8.013835547461173325e-01
8.349999999999983658e+00,-2.831302596369282387e+00,-8.090437486163663650e+00,7.529835279985093166e-01,3.548641076451714005e-02,0.000000000000000000e+00,1.488322386712237488e-02,2.820511010567378074e-02,8.141841280283592663e-01
8.399999999999984368e+00,-2.793042637166051723e+00,-8.090053281175869415e+00,7.614941779467007121e-01,6.243172840437881399e-02,0.000000000000000000e+00,6.278167843672107118e+00,-1.121945329041108136e-02,8.151095074395853235e-01
8.449999999999985079e+00,-2.755521922929088596e+00,-8.089577135669030028e+00,7.573554675406908299e-01,3.339054109946375942e-02,0.000000000000000000e+00,6.256893180107313768e+00,-3.377689119315988031e-02,8.029131030401140956e-01
8.499999999999985789e+00,-2.717303890576503456e+00,-8.090439860095964164e+00,7.631318146266978797e-01,4.981782122359888071e-02,0.000000000000000000e+00,1.897885112478014946e-02,4.168092823280544756e-02,8.160166986662781285e-01
8.549999999999986500e+00,-2.678856396978463117e+00,-8.090164594163301359e+00,7.680278131247730844e-01,5.943825097117964862e-02,0.000000000000000000e+00,1.630069834204395107e-02,1.692347262133738969e-02,8.092386953664300053e-01
8.599999999999987210e+00,-2.641384128798333286e+00,-8.089425743540441971e+00,7.602490915299549012e-01,1.643571439767143455e-02,0.000000000000000000e+00,6.273807925510661576e+00,-2.486105277841960809e-02,8.041180024675464999e-01
8.649999999999987921e+00,-2.602402475733677001e+00,-8.090022139691800618e+00,7.728171418979224994e-01,6.342077299000684065e-02,0.000000000000000000e+00,2.963930330408537372e-02,3.812036430587766034e-02,8.244199396541960212e-01
8.699999999999988631e+00,-2.563601842763964633e+00,-8.089470716926403071e+00,7.761684890175051255e-01,6.414200687033579096e-02,0.000000000000000000e+00,2.402096124717179038e-02,1.129518895557513752e-02,8.039093836082735756e-01
8.749999999999989342e+00,-2.525746722010114631e+00,-8.088250287644836334e+00,7.681914394722051398e-01,1.940540731506914390e-02,0.000000000000000000e+00,6.258660764886851524e+00,-5.735715448297760977e-02,8.017053821400220714e-01
8.799999999999990052e+00,-2.486502780567271920e+00,-8.088704368190514415e+00,7.792500982072425586e-01,5.975896079220436446e-02,0.000000000000000000e+00,7.034049211786630451e-03,1.333220887530132959e-02,8.222432948395980157e-01
8.849999999999990763e+00,-2.447468495122681720e+00,-8.088521473380188453e+00,7.818698196474049844e-01,5.828605439441305464e-02,0.000000000000000000e+00,3.352529471714049691e-03,2.027852617424150995e-03,8.046137040738613466e-01
8.899999999999991473e+00,-2.408861434190713524e+00,-8.087705674866786154e+00,7.786005911456044259e-01,3.355192950832840137e-02,0.000000000000000000e+00,6.253168018905384429e+00,-4.278711373824794356e-02,8.037542460226968499e-01
8.949999999999992184e+00,-2.369351077929036098e+00,-8.088405490477443394e+00,7.868161004362533850e-01,5.970358076925809387e-02,0.000000000000000000e+00,1.278535573845474005e-02,3.425422439251912810e-02,8.146990096824267003e-01
8.999999999999992895e+00,-2.329952135950213332e+00,-8.088409615576171774e+00,7.892927400409278649e-01,5.766942303410425852e-02,0.000000000000000000e+00,2.594743419960021669e-02,3.339923430155822270e-02,8.025863270477423539e-01
9.049999999999993605e+00,-2.291146599164601838e+00,-8.087550921409356164e+00,7.841971576241802966e-01,2.575320876029342163e-02,0.000000000000000000e+00,6.277203117065853988e+00,-2.387335733479625799e-02,8.018637827152717001e-01
9.099999999999994316e+00,-2.251152278521855621e+00,-8.087837895535061605e+00,7.946837246293845247e-01,6.254883502905106418e-02,0.000000000000000000e+00,2.643074858098337643e-02,2.937658756630497775e-02,8.163369285445966073e-01
9.149999999999995026e+00,-2.211546850569772626e+00,-8.087614637843341114e+00,7.951159774194197505e-01,5.176807918338172804e-02,0.000000000000000000e+00,3.575503014545056146e-02,2.650317453979728760e-02,7.995404874623033287e-01
9.199999999999995737e+00,-2.172215104320387447e+00,-8.086407647964659162e+00,7.926753825483481286e-01,3.165208386241903649e-02,0.000000000000000000e+00,6.274215394741172069e+00,-4.378131552580098729e-02,8.027765829141110254e-01
9.249999999999996447e+00,-2.131894215705566697e+00,-8.086500203796141761e+00,8.020534083284747151e-01,6.283377021044105060e-02,0.000000000000000000e+00,8.086364938424850379e-03,3.184245069720835486e-04,8.117877955946267710e-01
9.299999999999997158e+00,-2.092017803103201068e+00,-8.086344184140063618e+00,8.014581754332359420e-01,4.788608458739778556e-02,0.000000000000000000e+00,9.451574716935695619e-03,1.900886064204853091e-03,7.970542363505860317e-01
9.349999999999997868e+00,-2.052240019926065973e+00,-8.085383672324928384e+00,8.003733782030554300e-01,3.396967874919624292e-02,0.000000000000000000e+00,6.255109717372684841e+00,-4.782051393852006921e-02,8.022114821653181238e-01
9.399999999999998579e+00,-2.011746102202271125e+00,-8.085941808170511891e+00,8.074790341147696227e-01,5.559836664621336383e-02,0.000000000000000000e+00,1.284680100053670060e-02,2.913851787303090371e-02,8.083662239962794427e-01
9.449999999999999289e+00,-1.971325666357534701e+00,-8.085913955413614573e+00,8.099289724361082854e-01,5.427844660232520463e-02,0.000000000000000000e+00,2.191137656670427702e-02,2.583592268352126811e-02,7.980538870860509615e-01
9.500000000000000000e+00,-1.931373856922651511e+00,-8.085122569131593551e+00,8.060610862100208163e-01,2.795121237751050855e-02,0.000000000000000000e+00,6.274539578055797762e+00,-2.622744702131563771e-02,7.969722718315418453e-01
9.550000000000000711e+00,-1.890308782262668519e+00,-8.085478450759339353e+00,8.163076698684017529e-01,6.334730453553157059e-02,0.000000000000000000e+00,1.532846472222448853e-02,1.766772869804771745e-02,8.085602580803363804e-01
9.600000000000001421e+00,-1.849970910094565379e+00,-8.085623843843297465e+00,8.131595793303303399e-01,3.808548147613978474e-02,0.000000000000000000e+00,2.749053947511193030e-02,2.491669057422615796e-02,7.918115882492388069e-01
9.650000000000002132e+00,-1.809272336308163531e+00,-8.084742258827434469e+00,8.156029231864658779e-01,4.024176060545384126e-02,0.000000000000000000e+00,6.276468039676931454e+00,-3.161643809684749201e-02,8.018227764694503268e-01
9.700000000000002842e+00,-1.767981306458370039e+00,-8.084924053895633733e+00,8.229023397153216735e-01,6.139107459978584286e-02,0.000000000000000000e+00,1.559606691376558274e-02,1.236801462096547358e-02,8.006409437075781010e-01
9.750000000000003553e+00,-1.727375800771838499e+00,-8.084947459709393769e+00,8.189819661112774929e-01,3.343136526365217409e-02,0.000000000000000000e+00,3.231803045688419473e-02,2.791736884852568518e-02,7.896348944182547402e-01
9.800000000000004263e+00,-1.686518149594368854e+00,-8.083840763336292312e+00,8.201131329430864092e-01,3.126975953815733927e-02,0.000000000000000000e+00,6.275559986565266257e+00,-3.723614335309548273e-02,8.010686459045702756e-01
9.850000000000004974e+00,-1.644918763620986102e+00,-8.083899091845609064e+00,8.284329389910467523e-01,5.829503182236676906e-02,0.000000000000000000e+00,1.598981150725542477e-02,1.136699955587920988e-02,8.024119294646342437e-01
9.900000000000005684e+00,-1.604029497834000839e+00,-8.083844759791151802e+00,8.246334858087706055e-01,3.143821272878904310e-02,0.000000000000000000e+00,3.340527094727541169e-02,2.831024992185710715e-02,7.892619498191063565e-01
9.950000000000006395e+00,-1.562850423585104398e+00,-8.082695142347768424e+00,8.262177468674756220e-01,3.148761441785120907e-02,0.000000000000000000e+00,6.278933258138343021e+00,-3.418086265457058459e-02,8.003414932864082454e-01
1.000000000000000711e+01,-1.520931599032406156e+00,-8.082687980535732564e+00,8.347038658542900169e-01,5.913456748153807230e-02,0.000000000000000000e+00,1.447091714100157134e-02,6.735653331022301016e-03,8.006597315937657999e-01
1.005000000000000782e+01,-1.479705105394630626e+00,-8.082569018640354486e+00,8.311575985885448770e-01,3.312258492225009926e-02,0.000000000000000000e+00,3.120087256734827008e-02,2.494983584388329664e-02,7.870533191113930904e-01
1.010000000000000853e+01,-1.438188090926918905e+00,-8.081299560568325546e+00,8.329581479274743572e-01,3.370026529351789757e-02,0.000000000000000000e+00,6.278576835741730200e+00,-3.345591771819947380e-02,7.974975944136948325e-01
1.015000000000000924e+01,-1.396005506022129250e+00,-8.081138776778349353e+00,8.407296608692433892e-01,5.804626400189000224e-02,0.000000000000000000e+00,1.438215350022531425e-02,7.604089690720728517e-03,7.972500671479424428e-01
1.020000000000000995e+01,-1.354402251791472223e+00,-8.080839284971295555e+00,8.380329587520043422e-01,3.565020273255596617e-02,0.000000000000000000e+00,3.137701897704481269e-02,2.562403498657706696e-02,7.849477281645025339e-01
1.025000000000001066e+01,-1.312510679620245035e+00,-8.079455983474947089e+00,8.401496170773427030e-01,3.698679548739809697e-02,0.000000000000000000e+00,6.275131514389903131e+00,-3.782047478810256214e-02,7.935612329524200925e-01
1.030000000000001137e+01,-1.270040137637825417e+00,-8.079137775558610457e+00,8.470918461016034851e-01,5.735835248696121574e-02,0.000000000000000000e+00,1.911122535403642075e-02,1.583127863177327677e-02,7.925400205514591123e-01
1.035000000000001208e+01,-1.228129930899058975e+00,-8.078683492720752923e+00,8.443085798316883883e-01,3.475361690990874663e-02,0.000000000000000000e+00,3.184876278887305290e-02,2.432981382530747388e-02,7.817635067516962577e-01
1.040000000000001279e+01,-1.185990212060072047e+00,-8.077109105831286939e+00,8.458050727814288017e-01,3.378886532688856609e-02,0.000000000000000000e+00,6.274304539200091568e+00,-4.020524457314983424e-02,7.904238603194364554e-01
1.045000000000001350e+01,-1.143202381886854635e+00,-8.076686293780813486e+00,8.531825358144400351e-01,5.654094439355536461e-02,0.000000000000000000e+00,8.746196623775404078e-03,3.047177285070104547e-03,7.905255222477800547e-01
1.050000000000001421e+01,-1.101020877127919517e+00,-8.076190869254174842e+00,8.500397977298320695e-01,3.266180317641260988e-02,0.000000000000000000e+00,2.706679220433727551e-02,2.463373486453142303e-02,7.787602158931417051e-01
1.055000000000001492e+01,-1.058531329836984058e+00,-8.074622540826364769e+00,8.521744564391973142e-01,3.466807737859094879e-02,0.000000000000000000e+00,6.273224163327119740e+00,-3.528099963487069807e-02,7.880221467855605955e-01
1.060000000000001563e+01,-1.015514271422609083e+00,-8.074193706080134092e+00,8.585396904500515181e-01,5.319539794628921903e-02,0.000000000000000000e+00,1.196628899395513201e-02,1.086706565179121342e-02,7.867247832355984682e-01
1.065000000000001634e+01,-9.730709855291344024e-01,-8.073657111073206494e+00,8.553595684053316717e-01,2.983583017815217425e-02,0.000000000000000000e+00,3.136158948409573100e-02,2.996796882135575879e-02,7.768698000623394107e-01
1.070000000000001705e+01,-9.303172748047925378e-01,-8.072045575231205916e+00,8.575098705081655170e-01,3.246987255385699878e-02,0.000000000000000000e+00,6.277378238244583741e+00,-3.279398996967164415e-02,7.860996885462065986e-01
1.075000000000001776e+01,-8.869362665392502842e-01,-8.071529610054364312e+00,8.649436495485003373e-01,5.571101420442446661e-02,0.000000000000000000e+00,1.830172043580446939e-02,1.475171542997793378e-02,7.846645404740901775e-01
1.080000000000001847e+01,-8.444963326268233317e-01,-8.071042222203139715e+00,8.584961771166634836e-01,1.877892163619252278e-02,0.000000000000000000e+00,3.904576558605388215e-02,3.430481847901870746e-02,7.725525278426709219e-01
1.085000000000001918e+01,-8.011504511271516638e-01,-8.069263002805961094e+00,8.654449318072459096e-01,4.281815607128332951e-02,0.000000000000000000e+00,6.278241622943632194e+00,-3.932753159113717978e-02,7.882303238832372161e-01
1.090000000000001990e+01,-7.577103221030474511e-01,-8.068515383600928459e+00,8.690449925862443470e-01,4.865476797302020762e-02,0.000000000000000000e+00,6.388357809115063901e-03,-4.784725587008820114e-03,7.770748276523620213e-01
1.095000000000002061e+01,-7.150419100527318772e-01,-8.068025601728795237e+00,8.627604467655929366e-01,1.378563109581087964e-02,0.000000000000000000e+00,2.577952238028924370e-02,2.182218557060643105e-02,7.725203443865209518e-01
1.100000000000002132e+01,-6.715715648641507052e-01,-8.066295388840389435e+00,8.687106792943236622e-01,3.482943499157126893e-02,0.000000000000000000e+00,6.265729102767243930e+00,-4.420387882751489195e-02,7.877879717473087462e-01
1.105000000000002203e+01,-6.279967223614967287e-01,-8.065726981719587130e+00,8.720143963506852280e-01,4.107841621870308990e-02,0.000000000000000000e+00,6.279976408270838917e+00,-3.173596183100042822e-03,7.785570793911823495e-01
1.110000000000002274e+01,-5.854024263650396964e-01,-8.065621532879141853e+00,8.635021934494429008e-01,-1.186078630006359713e-03,0.000000000000000000e+00,3.527947953785037782e-02,4.755330711382788067e-02,7.745337985197175978e-01
1.115000000000002345e+01,-5.413796081890841494e-01,-8.064013778297216106e+00,8.751138756457379486e-01,4.549786588117444436e-02,0.000000000000000000e+00,6.281346959304509703e+00,-2.414921058558699291e-02,7.942253749084724479e-01
1.120000000000002416e+01,-4.976320282012974827e-01,-8.063294890548602822e+00,8.767534034503720042e-01,4.295640392347568892e-02,0.000000000000000000e+00,7.284153552077121674e-03,-2.480029967747189590e-04,7.735855330963042897e-01
1.125000000000002487e+01,-4.547684389236780755e-01,-8.063096836371652643e+00,8.684509550895637142e-01,1.155329695547865909e-03,0.000000000000000000e+00,4.446150408036508850e-02,4.793798311202247808e-02,7.727836164172637856e-01
1.130000000000002558e+01,-4.106724571522200051e-01,-8.061299308821707754e+00,8.781995369178496880e-01,3.991859106958163539e-02,0.000000000000000000e+00,6.282995750628158405e+00,-3.385255894673214194e-02,7.919579137935592872e-01
1.135000000000002629e+01,-3.667585567574065952e-01,-8.060451307277954669e+00,8.801167746548362869e-01,3.960382380361159721e-02,0.000000000000000000e+00,6.278892480628071482e+00,-2.153140589317889195e-02,7.749691257009292400e-01
1.140000000000002700e+01,-3.236374047215516137e-01,-8.060273991282642214e+00,8.727477694028473731e-01,2.207038034934043214e-03,0.000000000000000000e+00,2.267759191181895062e-02,2.293188222823993455e-02,7.735466419530001581e-01
1.145000000000002771e+01,-2.791670235567831893e-01,-8.058916704480873605e+00,8.841361204419869724e-01,4.731903458450498895e-02,0.000000000000000000e+00,6.274383384374528916e+00,-2.797224136599036834e-02,7.907748003797885339e-01
1.150000000000002842e+01,-2.351694389177114708e-01,-8.058206990287219540e+00,8.835224581198373173e-01,3.540057837900540544e-02,0.000000000000000000e+00,6.268914507324993224e+00,-2.054708421755677139e-02,7.704004099371781766e-01
1.155000000000002913e+01,-1.918385864981210498e-01,-8.058328784140744716e+00,8.766130454964875529e-01,6.828122098056603473e-04,0.000000000000000000e+00,2.330865177099283869e-02,3.673591548550838443e-02,7.739526752508414376e-01
1.160000000000002984e+01,-1.472233464185796481e-01,-8.057204281247033251e+00,8.874374995887285289e-01,4.384406613680782300e-02,0.000000000000000000e+00,1.953615104632433486e-03,-8.653800748544059757e-03,7.901875532021243043e-01
1.165000000000003055e+01,-1.032180422608607040e-01,-8.056368536170140260e+00,8.852873329196535579e-01,2.647458623314649998e-02,0.000000000000000000e+00,6.283020976096199917e+00,-7.230193929191698621e-03,7.708710482834700839e-01
1.170000000000003126e+01,-5.935731430090233213e-02,-8.056356789212403058e+00,8.829835537371033549e-01,1.196455225631651818e-02,0.000000000000000000e+00,3.813738683675982344e-02,4.544241625648061389e-02,7.774494354343716163e-01
1.175000000000003197e+01,-1.463161313503925920e-02,-8.054918137771576170e+00,8.915245866922949514e-01,4.373577362581912431e-02,0.000000000000000000e+00,3.467151342065655228e-03,-2.143809002778755690e-02,7.843800094756844254e-01
1.180000000000003268e+01,2.970317987156019870e-02,-8.053980965962422189e+00,8.907627181428993124e-01,3.194114470307278519e-02,0.000000000000000000e+00,6.280447858012413676e+00,-1.836182104644918517e-02,7.695318653946087162e-01
1.185000000000003340e+01,7.346463740183420410e-02,-8.053834888432485073e+00,8.846158646365469558e-01,9.655017370491514317e-04,0.000000000000000000e+00,3.062467620716802230e-02,3.310482047504630099e-02,7.732345771888069486e-01
1.190000000000003411e+01,1.184883527441466244e-01,-8.052396840172907133e+00,8.956615923895505649e-01,4.495531240165313164e-02,0.000000000000000000e+00,3.474186912011845152e-03,-1.804846818616687859e-02,7.877895866924975454e-01
1.195000000000003482e+01,1.628914180176053716e-01,-8.051329308415171582e+00,8.934703451671828223e-01,2.719926103185166255e-02,0.000000000000000000e+00,6.274917688892903911e+00,-2.405293322662629268e-02,7.678684732941886137e-01
1.200000000000003553e+01,2.071206799761466100e-01,-8.051223404873139700e+00,8.907781758374224701e-01,1.099073150644007402e-02,0.000000000000000000e+00,2.270542314253276572e-02,2.717187381694328649e-02,7.743648990064287974e-01
1.205000000000003624e+01,2.522769443969702374e-01,-8.050026740172921080e+00,8.997762608830146558e-01,4.478492538752029684e-02,0.000000000000000000e+00,6.279415062559317917e+00,-1.957513351954948133e-02,7.819132592778351709e-01
1.210000000000003695e+01,2.969673919843510701e-01,-8.049169667833487196e+00,8.983441576342530155e-01,3.009952731496975606e-02,0.000000000000000000e+00,6.264696518192719665e+00,-2.827594162620851101e-02,7.659900381036670591e-01
1.215000000000003766e+01,3.412850085448140280e-01,-8.049325202674861401e+00,8.939902190422983619e-01,6.663867484157436766e-03,0.000000000000000000e+00,2.026034886697303250e-02,3.448664343650147818e-02,7.708764172986100061e-01
1.220000000000003837e+01,3.867194805524787338e-01,-8.048325266305946357e+00,9.042632462017117234e-01,4.642320262497881544e-02,0.000000000000000000e+00,6.280013212090180375e+00,-1.199562322962418118e-02,7.816713243179710391e-01
1.225000000000003908e+01,4.313077338490750590e-01,-8.047471387682120891e+00,8.994151618077288468e-01,1.774622452405182418e-02,0.000000000000000000e+00,6.261675215169869801e+00,-3.015275186754121789e-02,7.631185174785338754e-01
1.230000000000003979e+01,4.761811370068969040e-01,-8.047818263013896356e+00,9.004715532950202661e-01,1.842254556840707685e-02,0.000000000000000000e+00,1.986341663813995240e-02,3.781711139790254472e-02,7.747892193934932115e-01
1.235000000000004050e+01,5.216625269314595359e-01,-8.047161455490625670e+00,9.075781169038317220e-01,4.316429088997108393e-02,0.000000000000000000e+00,1.136717544934739976e-02,8.004747102707477496e-03,7.746750862392766113e-01
1.240000000000004121e+01,5.665469407077289299e-01,-8.046392830519996764e+00,9.041268860643385530e-01,2.072650935400438543e-02,0.000000000000000000e+00,6.275677021017976642e+00,-1.991270936424938132e-02,7.623650050185309945e-01
1.245000000000004192e+01,6.115154226879916388e-01,-8.046691641169120501e+00,9.036115971062004260e-01,1.452005165065103041e-02,0.000000000000000000e+00,2.567980305674311126e-02,3.253868296546896799e-02,7.711583553744728592e-01
1.250000000000004263e+01,6.571845629921475584e-01,-8.045970130389221708e+00,9.111314621329786867e-01,4.169550142763343847e-02,0.000000000000000000e+00,3.775921910477819665e-03,-1.177235259539338025e-02,7.741127424409868230e-01
1.255000000000004334e+01,7.022992131912669800e-01,-8.045242861551155755e+00,9.081952593124760220e-01,2.161158986009625860e-02,0.000000000000000000e+00,6.264280586150874797e+00,-3.464123297939709911e-02,7.609083812919418266e-01
1.260000000000004405e+01,7.473712663735063710e-01,-8.045715606179534518e+00,9.065859593508729386e-01,1.085207204166476272e-02,0.000000000000000000e+00,1.722734479170640043e-02,2.862702754387485421e-02,7.685941786196313075e-01
1.265000000000004476e+01,7.931753745738215899e-01,-8.045164894470129724e+00,9.138839575958498385e-01,3.787365061323899607e-02,0.000000000000000000e+00,1.816165377634959555e-04,-7.361891945306255763e-03,7.736686471146015931e-01
1.270000000000004547e+01,8.381461024530807435e-01,-8.044412348627387743e+00,9.081347067653419147e-01,7.301917168559830806e-03,0.000000000000000000e+00,6.261217892600634549e+00,-3.292127305868038090e-02,7.608514360643312546e-01
1.275000000000004619e+01,8.837593547539712713e-01,-8.045008064568994754e+00,9.124784644581864779e-01,2.321656450622587228e-02,0.000000000000000000e+00,1.454807452805972900e-02,3.088508226555003455e-02,7.741427238101832309e-01
1.280000000000004690e+01,9.296922259683422229e-01,-8.044498290426767895e+00,9.177651013512501121e-01,3.971979917723493514e-02,0.000000000000000000e+00,7.813034527071494040e-03,6.765111566458287262e-03,7.672392494208203351e-01
1.285000000000004761e+01,9.747538214334863227e-01,-8.043756182099382812e+00,9.109622118914064703e-01,4.564281502413773672e-03,0.000000000000000000e+00,6.266460430525544467e+00,-2.845334712172377378e-02,7.583517958985908081e-01
1.290000000000004832e+01,1.020616583761027485e+00,-8.044301203472169703e+00,9.165375837605012066e-01,2.595291267830964962e-02,0.000000000000000000e+00,1.850091307677459440e-02,3.126661062068169378e-02,7.736854579039521562e-01
1.295000000000004903e+01,1.066606893923713661e+00,-8.043903653143351207e+00,9.202549757589573165e-01,3.563189813647195392e-02,0.000000000000000000e+00,4.778915836421759877e-03,-1.836665997770357134e-03,7.642472657020963345e-01
1.300000000000004974e+01,1.111733501758211506e+00,-8.043022376724128009e+00,9.129607429022976728e-01,-6.714129174605933115e-04,0.000000000000000000e+00,6.247151181249945395e+00,-5.502081314074460522e-02,7.584364015213501675e-01
1.305000000000005045e+01,1.158058624116918622e+00,-8.043843254093587802e+00,9.225570170463528452e-01,3.784796624225167383e-02,0.000000000000000000e+00,1.029141401153488289e-02,3.347102543857050083e-02,7.747088217917278419e-01
1.310000000000005116e+01,1.204046678823373018e+00,-8.043960757183580057e+00,9.229498566777759594e-01,3.184973151949377357e-02,0.000000000000000000e+00,9.781731237527679923e-03,1.601096489342453827e-02,7.571399932220785889e-01
1.315000000000005187e+01,1.249497070470028337e+00,-8.043355928976835045e+00,9.174974674637133010e-01,3.670228359344693964e-03,0.000000000000000000e+00,6.260651875080364803e+00,-3.387704627206465646e-02,7.578983980256972508e-01
1.320000000000005258e+01,1.295964495569769559e+00,-8.044191280682845502e+00,9.260469517467979639e-01,3.713411981981391830e-02,0.000000000000000000e+00,1.942380861566839201e-02,3.683609216740546533e-02,7.704105790552067123e-01
1.325000000000005329e+01,1.341996187716106625e+00,-8.044309216152150555e+00,9.249148650460217169e-01,2.517894905274620926e-02,0.000000000000000000e+00,2.891181208514836953e-02,3.003769479429694092e-02,7.548576572087596359e-01
1.330000000000005400e+01,1.387430471983057689e+00,-8.043604666094955391e+00,9.182999148885746532e-01,-6.316641387590912066e-03,0.000000000000000000e+00,6.278212195246332783e+00,-2.738655474664449668e-02,7.586146276500518315e-01
1.335000000000005471e+01,1.433981378411609331e+00,-8.044036132036838538e+00,9.273154337726976504e-01,3.100876242641875322e-02,0.000000000000000000e+00,1.749704924194617206e-02,1.462030327809784105e-02,7.734267103781048425e-01
1.340000000000005542e+01,1.479945850778198846e+00,-8.044110298437898265e+00,9.247981975686200284e-01,1.473806512482465914e-02,0.000000000000000000e+00,2.334750994608292274e-02,1.487820326649180389e-02,7.569200804495268553e-01
1.345000000000005613e+01,1.525685398732350873e+00,-8.043331333778237280e+00,9.215322951843238908e-01,-1.273157437324637029e-03,0.000000000000000000e+00,6.271226320282888622e+00,-3.753055041722591634e-02,7.634387745244903822e-01
1.350000000000005684e+01,1.572297349644290687e+00,-8.043726347871080762e+00,9.293938836095361200e-01,3.042782775098875486e-02,0.000000000000000000e+00,1.982377074537300388e-02,2.150310164943036034e-02,7.715143061649726297e-01
1.355000000000005755e+01,1.618331511630942021e+00,-8.043693288116674722e+00,9.266144781566659772e-01,1.322464038931059176e-02,0.000000000000000000e+00,2.908519030125589211e-02,2.275007640154654703e-02,7.572650943266058254e-01
1.360000000000005826e+01,1.664213293955774775e+00,-8.042717740660147996e+00,9.239500532425105606e-01,-7.798734517304103941e-05,0.000000000000000000e+00,6.275572354575178480e+00,-3.534591605646081325e-02,7.642696916202273982e-01
1.365000000000005898e+01,1.711041268860005404e+00,-8.042883487166740508e+00,9.328492924370510586e-01,3.553456690202305007e-02,0.000000000000000000e+00,1.154907138635952180e-02,6.704267732628853282e-03,7.710985849501564848e-01
1.370000000000005969e+01,1.757012144815273347e+00,-8.042986981152180803e+00,9.274905565393796181e-01,6.992709930932983209e-03,0.000000000000000000e+00,2.619872131321621112e-02,2.230983906802963546e-02,7.547133481437667823e-01
1.375000000000006040e+01,1.803245965336520484e+00,-8.042048979481382531e+00,9.281762018902779410e-01,8.336749348339639321e-03,0.000000000000000000e+00,6.273423438512132577e+00,-3.482002378207572219e-02,7.668386402611171437e-01
1.380000000000006111e+01,1.850114149967977628e+00,-8.042238897164381228e+00,9.351625350858807639e-01,3.461473226108260220e-02,0.000000000000000000e+00,1.859435414475107962e-02,1.825911982222235344e-02,7.669092329209792336e-01
1.385000000000006182e+01,1.896225599389862904e+00,-8.042262915353054709e+00,9.301670594571674888e-01,7.709883294013262361e-03,0.000000000000000000e+00,3.584154664607730467e-02,3.164206013884645480e-02,7.542886419254654085e-01
1.390000000000006253e+01,1.942573310444374979e+00,-8.041085026358253174e+00,9.306831122221217445e-01,8.232117695027603779e-03,0.000000000000000000e+00,6.280999379501874813e+00,-3.269212184370805241e-02,7.656366496075001082e-01
1.395000000000006324e+01,1.989519468279552283e+00,-8.040895810495305440e+00,9.372443919706165971e-01,3.283081315000112299e-02,0.000000000000000000e+00,7.953969305267705181e-03,-3.348756345446856492e-03,7.659949630948733601e-01
1.400000000000006395e+01,2.035635102403948515e+00,-8.040924916821982293e+00,9.312074689336492517e-01,2.116958372131862165e-03,0.000000000000000000e+00,2.678919876819119139e-02,2.274290356154518716e-02,7.541796037368172501e-01
1.405000000000006466e+01,2.082412175182571268e+00,-8.039788709266547428e+00,9.357703106245096603e-01,1.994493346114686871e-02,0.000000000000000000e+00,6.272370941398511590e+00,-3.694341159249123208e-02,7.675813617067281935e-01
1.410000000000006537e+01,2.129402551506095254e+00,-8.039655356370843720e+00,9.399243286782830165e-01,3.257201898401068663e-02,0.000000000000000000e+00,5.344178693249546086e-03,2.229402291025313343e-03,7.597764766897231459e-01
1.415000000000006608e+01,2.175613282447076191e+00,-8.039741371068355846e+00,9.335559541503795078e-01,5.841170755948761617e-04,0.000000000000000000e+00,3.120974847256086093e-02,3.445090681069709615e-02,7.527030686035396378e-01
1.420000000000006679e+01,2.222553470715840085e+00,-8.038572465333214012e+00,9.385909522508126823e-01,2.060728606220831385e-02,0.000000000000000000e+00,6.277018145312284858e+00,-3.084447735204547125e-02,7.667179917238644560e-01
1.425000000000006750e+01,2.269705580662376487e+00,-8.038420424098605466e+00,9.429528082056009008e-01,3.393325266891927816e-02,0.000000000000000000e+00,1.347795478246460732e-02,9.339103170852156716e-03,7.579162380664811183e-01
1.430000000000006821e+01,2.316020165347750570e+00,-8.038429448913305464e+00,9.361234452177588095e-01,-1.708498162325544634e-04,0.000000000000000000e+00,3.734175405613981980e-02,3.584673566285370011e-02,7.503683498399296159e-01
1.435000000000006892e+01,2.363052130514781801e+00,-8.037058578786764329e+00,9.408552681769056791e-01,1.879061198360116799e-02,0.000000000000000000e+00,6.279028257029097837e+00,-3.551409539332127385e-02,7.652500671125387344e-01
1.440000000000006963e+01,2.410346965682657050e+00,-8.036818256010004546e+00,9.455674654760801712e-01,3.388127878357863332e-02,0.000000000000000000e+00,7.563858587877447803e-03,-2.737524969135034236e-03,7.570070623373288399e-01
1.445000000000007034e+01,2.456492946730897575e+00,-8.037002554848717395e+00,9.357695964067096472e-01,-1.208645325061863396e-02,0.000000000000000000e+00,3.289762347826208355e-02,3.229317153940794438e-02,7.487090975129283565e-01
1.450000000000007105e+01,2.504030702265045871e+00,-8.035727774653487643e+00,9.462550128276177031e-01,3.227250308313672766e-02,0.000000000000000000e+00,6.278756450995821581e+00,-3.265007860829111791e-02,7.695111030731525137e-01
1.455000000000007176e+01,2.551313811319781522e+00,-8.035360161143771052e+00,9.477458471720527911e-01,3.178133984424964809e-02,0.000000000000000000e+00,1.583791826812230852e-03,-8.522239277693084702e-03,7.496990386746885671e-01
1.460000000000007248e+01,2.597721065539655427e+00,-8.035533046392929535e+00,9.394856056003759726e-01,-7.615894411307083667e-03,0.000000000000000000e+00,3.435026059947698940e-02,3.839333533865314785e-02,7.477744535188818320e-01
1.465000000000007319e+01,2.645324309653863448e+00,-8.034279290901375603e+00,9.486167759792427656e-01,3.043196598642098488e-02,0.000000000000000000e+00,6.279404800560824285e+00,-3.039474186754598933e-02,7.654389713524962779e-01
1.470000000000007390e+01,2.692773251607627039e+00,-8.033870226984237917e+00,9.506688552431070693e-01,3.255388984459389040e-02,0.000000000000000000e+00,5.275964294314761105e-03,-3.599847311906441416e-03,7.482775675594683928e-01
1.475000000000007461e+01,2.739268181774061173e+00,-8.033973222012889437e+00,9.417501729369646135e-01,-9.631617348894203762e-03,0.000000000000000000e+00,3.815279581601238590e-02,4.118440085122838934e-02,7.451765962366825313e-01
1.480000000000007532e+01,2.787023008328644913e+00,-8.032544654576874166e+00,9.513548784981789019e-01,3.071352836574125014e-02,0.000000000000000000e+00,6.270319353384707028e+00,-4.532013454630218902e-02,7.641072263827927147e-01
1.485000000000007603e+01,2.834555876029831278e+00,-8.032314320641400940e+00,9.527796167793175508e-01,3.026977581714751855e-02,0.000000000000000000e+00,6.275384799478418429e+00,-1.578360807496278009e-02,7.459479942360164317e-01
1.490000000000007674e+01,2.881015171699680799e+00,-8.032617764800260574e+00,9.425835127208117559e-01,-1.656859558030458757e-02,0.000000000000000000e+00,2.433019778534895039e-02,3.324775857535807594e-02,7.440544551347111346e-01
1.495000000000007745e+01,2.929046106070344102e+00,-8.031534324586550255e+00,9.547191171018496458e-01,3.528754105990720286e-02,0.000000000000000000e+00,6.266989506955010114e+00,-3.545302670775248022e-02,7.655128603885941185e-01
1.500000000000007816e+01,2.976602150065575714e+00,-8.031442892009991397e+00,9.545060097239983499e-01,2.737760333652058953e-02,0.000000000000000000e+00,6.275416664196690419e+00,-6.955138556130304600e-03,7.422451251694345276e-01
1.505000000000007887e+01,3.023337173285180590e+00,-8.031966152036213558e+00,9.462253543449556936e-01,-1.122053884695367945e-02,0.000000000000000000e+00,3.111551902192744024e-02,4.676809905472374684e-02,7.435794905333250604e-01
1.510000000000007958e+01,3.071385659758243847e+00,-8.030970011491563199e+00,9.564685193012276709e-01,3.199622874752438423e-02,0.000000000000000000e+00,6.273878303223279218e+00,-2.902128776188283438e-02,7.611494021735868420e-01
1.515000000000008029e+01,3.119045436602784882e+00,-8.030886649486944862e+00,9.565590818799634132e-01,2.595923331296247361e-02,0.000000000000000000e+00,6.282314360490143912e+00,-3.872348919170164744e-03,7.416165327056567502e-01
1.520000000000008100e+01,3.165911162456490846e+00,-8.031332883194124861e+00,9.485524429873416485e-01,-1.125916892011662868e-02,0.000000000000000000e+00,3.705946692884154459e-02,4.775122108938523180e-02,7.423049622176152162e-01
1.525000000000008171e+01,3.214038158869624962e+00,-8.030243619026444790e+00,9.583759039633856780e-01,3.028650876808226117e-02,0.000000000000000000e+00,6.281552134213679750e+00,-2.682057929212829789e-02,7.592823635979852881e-01
1.530000000000008242e+01,3.261724059539523601e+00,-8.029817443099421581e+00,9.578469913062673813e-01,2.211355638599265400e-02,0.000000000000000000e+00,7.607569659189294953e-04,-1.038724172103990505e-02,7.405475372704810599e-01
1.535000000000008313e+01,3.308934363647818344e+00,-8.030054563361044728e+00,9.526660306308796233e-01,-3.032997592756617178e-03,0.000000000000000000e+00,3.341673136690204160e-02,3.713702892785664816e-02,7.424441153217838929e-01
1.540000000000008384e+01,3.357134617149208911e+00,-8.028944150370806554e+00,9.609884822721295183e-01,3.086340849079381374e-02,0.000000000000000000e+00,6.281298774705229349e+00,-2.696711111141450110e-02,7.537106483153869219e-01
1.545000000000008455e+01,3.404904957400697096e+00,-8.028421790505372968e+00,9.599273424423725443e-01,2.044616747360721368e-02,0.000000000000000000e+00,6.282353909140668158e+00,-1.214222593964335052e-02,7.379136621502967452e-01
1.550000000000008527e+01,3.452133472448896789e+00,-8.028589000579859913e+00,9.538853466350338817e-01,-7.811049250468535265e-03,0.000000000000000000e+00,3.299263286899201120e-02,3.762083634102461605e-02,7.408287319297255369e-01
1.555000000000008598e+01,3.500485519944595669e+00,-8.027340816102409349e+00,9.632837236277571602e-01,3.134466857051775718e-02,0.000000000000000000e+00,6.277671777570622780e+00,-3.061100182558523092e-02,7.537858728066675340e-01
1.560000000000008669e+01,3.548304386624994144e+00,-8.026741366896235519e+00,9.614883215840746011e-01,1.789412668168407355e-02,0.000000000000000000e+00,6.277399960954817892e+00,-1.568956303984773981e-02,7.358000220288106741e-01
1.565000000000008740e+01,3.595622432720600781e+00,-8.026897000265385884e+00,9.556120104304571816e-01,-9.189943269122084757e-03,0.000000000000000000e+00,2.945215509455501035e-02,3.731069214381109445e-02,7.401463727909239898e-01
1.570000000000008811e+01,3.644095442466340984e+00,-8.025662084611232316e+00,9.654039400805386473e-01,3.181576398502763969e-02,0.000000000000000000e+00,6.272995391273519239e+00,-3.185159214441841274e-02,7.527388766077793836e-01
1.575000000000008882e+01,3.692013762282519984e+00,-8.025189890574498719e+00,9.634969016181440526e-01,1.782445733844384081e-02,0.000000000000000000e+00,6.268068858721965952e+00,-2.210871166847635724e-02,7.339268829314430365e-01
1.580000000000008953e+01,3.739408088966738042e+00,-8.025597138558477894e+00,9.573638370083723537e-01,-1.027269256833137495e-02,0.000000000000000000e+00,2.040898485213915592e-02,3.390007076305044664e-02,7.384553882494644395e-01
1.585000000000009024e+01,3.787971128107878283e+00,-8.024827415992405122e+00,9.671353835454865600e-01,3.086803209379116938e-02,0.000000000000000000e+00,6.280263496672847445e+00,-1.283505628700842491e-02,7.515241724860208805e-01
1.590000000000009095e+01,3.835849912122074379e+00,-8.024444582427644690e+00,9.638545300092427048e-01,1.157101153005770343e-02,0.000000000000000000e+00,6.275143324350001883e+00,-1.306199047292519802e-02,7.327182944090834260e-01
1.595000000000009166e+01,3.883554229902887123e+00,-8.024976439089952507e+00,9.608074640567841884e-01,-2.931454585787729092e-03,0.000000000000000000e+00,2.717011424381965412e-02,3.866968317339300465e-02,7.399759858772693155e-01
1.600000000000009237e+01,3.932179165301385559e+00,-8.024372922909034145e+00,9.693278887108186526e-01,3.173653494750719450e-02,0.000000000000000000e+00,4.541582591153670023e-03,-1.002430290460622556e-02,7.468290440699142385e-01
1.605000000000009308e+01,3.979987136879966414e+00,-8.023888140609354735e+00,9.641517446511481682e-01,4.684651719324112173e-03,0.000000000000000000e+00,6.269358134011925543e+00,-2.838273084912542460e-02,7.304715306722217028e-01
1.610000000000009379e+01,4.027999689677093542e+00,-8.024550791922511195e+00,9.641965898385459477e-01,3.927102125050405818e-03,0.000000000000000000e+00,2.180731260455104348e-02,3.140618432478774202e-02,7.414982500297850887e-01
1.615000000000009450e+01,4.076587729704797880e+00,-8.024225506692063803e+00,9.704395670623089387e-01,2.811359059509193487e-02,0.000000000000000000e+00,5.391838029257911558e-03,-5.536771880721144679e-03,7.421249953860740156e-01
1.620000000000009521e+01,4.124316716123135329e+00,-8.023682414649474737e+00,9.639748360562224727e-01,-3.368051548271949053e-03,0.000000000000000000e+00,6.267017483773323683e+00,-3.051402820236775310e-02,7.302815806275230193e-01
1.625000000000009592e+01,4.172729660976753685e+00,-8.024324670081474764e+00,9.684537341428334223e-01,1.522115110782598646e-02,0.000000000000000000e+00,1.938425993115622248e-02,3.040625281146105627e-02,7.438783976762969319e-01
1.630000000000009663e+01,4.221221593070340283e+00,-8.024112702857172152e+00,9.712622114483400182e-01,2.341083010828701183e-02,0.000000000000000000e+00,7.397954042652088447e-03,-2.247395801117917785e-04,7.355883112103771548e-01
1.635000000000009734e+01,4.268826698154668975e+00,-8.023398359605504737e+00,9.631507811270498820e-01,-1.371705719853047803e-02,0.000000000000000000e+00,6.253981666753198887e+00,-4.809325994168958673e-02,7.305692648752994955e-01
1.640000000000009805e+01,4.317610726169555768e+00,-8.024192582246829630e+00,9.721199744971504852e-01,2.490312772157752402e-02,0.000000000000000000e+00,1.217105497755355259e-02,3.000155683540953883e-02,7.474624237564808649e-01
1.645000000000009877e+01,4.365977033200189261e+00,-8.024325571159318216e+00,9.715111328717449535e-01,1.748713567563992682e-02,0.000000000000000000e+00,1.065286577957813563e-02,1.298549095741001122e-02,7.301554082512671240e-01
1.650000000000009948e+01,4.413772760023849884e+00,-8.023755490628017739e+00,9.652097478655710105e-01,-1.121583148418346838e-02,0.000000000000000000e+00,6.260338538844314016e+00,-3.674220598291862150e-02,7.319378395496722867e-01
1.655000000000010019e+01,4.462593307522259245e+00,-8.024591024821942753e+00,9.733920055813833905e-01,2.375636567590228010e-02,0.000000000000000000e+00,2.118927588908903203e-02,3.777441362439062228e-02,7.451845475030529631e-01
1.660000000000010090e+01,4.510894733582984095e+00,-8.024657934525544434e+00,9.712431235682466024e-01,1.040956448817479535e-02,0.000000000000000000e+00,3.151307897317146001e-02,3.153380602645156766e-02,7.294196060512093682e-01
1.665000000000010161e+01,4.558508601199289245e+00,-8.023833716888244538e+00,9.631630365453056619e-01,-2.399269650122346637e-02,0.000000000000000000e+00,6.279027782426916282e+00,-2.867826494209204866e-02,7.342747477424506064e-01
1.670000000000010232e+01,4.607354003669715148e+00,-8.024183906449874115e+00,9.727313188237389774e-01,1.907897191275394547e-02,0.000000000000000000e+00,2.546697298937772302e-02,2.256504310918677758e-02,7.511052328344528517e-01
1.675000000000010303e+01,4.655435331063342730e+00,-8.024008634184315980e+00,9.685090253306921637e-01,-1.625996441983858579e-03,0.000000000000000000e+00,3.360445028980407756e-02,2.177903563017090025e-02,7.325927654316384263e-01
1.680000000000010374e+01,4.703259876863103983e+00,-8.022694041436338352e+00,9.642526391093667604e-01,-1.832634203888846083e-02,0.000000000000000000e+00,6.268873913167285039e+00,-4.968314620556928823e-02,7.416323368436055219e-01
1.685000000000010445e+01,4.751862407021937962e+00,-8.022769093167163135e+00,9.705559170435331673e-01,1.055203810555449713e-02,0.000000000000000000e+00,5.265058449761994552e-03,4.013039577876152675e-04,7.508250935385689662e-01
1.690000000000010516e+01,4.799730230996473779e+00,-8.022772201648990631e+00,9.655959184957514374e-01,-1.139836370668304011e-02,0.000000000000000000e+00,1.087312798331829811e-02,7.429848708017697603e-03,7.388592507827005385e-01
1.695000000000010587e+01,4.848895630090902742e+00,-8.022280495979538628e+00,9.763925358777529873e-01,3.406777856265915533e-02,0.000000000000000000e+00,6.624355153643790572e-03,-2.221520154346019738e-03,7.494265154396055895e-01
1.700000000000010658e+01,4.896124250804236411e+00,-8.022438846846586813e+00,9.578529018107793114e-01,-4.690431341776632457e-02,0.000000000000000000e+00,3.775137538811890181e-02,2.869599823011602727e-02,7.283945393098315568e-01
1.705000000000010729e+01,4.947374935352081948e+00,-8.021950067506864457e+00,9.982394774740719345e-01,1.240228519189551515e-01,0.000000000000000000e+00,4.460918508016753492e-02,6.249605893030930545e-03,7.661643435464688956e-01
1.710000000000010800e+01,4.998682586968826058e+00,-8.021327223158232655e+00,1.015475256961116068e+00,1.681613994833396908e-01,0.000000000000000000e+00,4.122617383505833288e-03,-2.012991368830847894e-02,6.857621521301437983e-01
1.715000000000010871e+01,5.052724126093927737e+00,-8.021638840961577088e+00,1.054802050056240281e+00,2.918362919671664280e-01,0.000000000000000000e+00,1.840966518569408628e+00,2.907028004866776122e-02,6.511285967750614079e-01
1.720000000000010942e+01,5.106645363293045747e+00,-8.021693532098662871e+00,1.069181687846443518e+00,2.909875847345452793e-01,0.000000000000000000e+00,2.825961159203831397e+00,4.817376689892723107e-02,5.717249933947242679e-01
1.725000000000011013e+01,5.162329356046472917e+00,-8.020373954431180508e+00,1.096582482189801588e+00,3.423932451610669503e-01,0.000000000000000000e+00,3.146177010905518490e+00,-4.614043283646315080e-02,5.417118880538880354e-01
1.730000000000011084e+01,5.215814372635024121e+00,-8.019352137456966290e+00,1.081680389844986712e+00,2.143062267495948747e-01,0.000000000000000000e+00,3.183261720424373387e+00,-4.307341267839454035e-02,4.852308602725081688e-01
1.735000000000011156e+01,5.272005122898034024e+00,-8.019213516722256685e+00,1.111691005603342219e+00,2.914874444330962100e-01,0.000000000000000000e+00,3.089038876072146333e+00,2.518720624532121144e-02,5.132634792987391670e-01
1.740000000000011227e+01,5.331141397734635134e+00,-8.018742319641548377e+00,1.156575267624699199e+00,4.127270036319023450e-01,0.000000000000000000e+00,3.079145640820196927e+00,1.998809748055552574e-02,4.512881814811590120e-01
1.745000000000011298e+01,5.392175093971024680e+00,-8.017795295005228695e+00,1.196514380399216648e+00,4.899380540035894738e-01,0.000000000000000000e+00,3.112673851020412830e+00,-9.394215344508132989e-03,3.588208422813535248e-01
1.750000000000011369e+01,5.455774614906188091e+00,-8.016870755919338620e+00,1.245853691100603733e+00,5.893076860084172086e-01,0.000000000000000000e+00,3.132688915813793162e+00,-1.297834138244851818e-02,2.754117454538233534e-01
1.755000000000011440e+01,5.520995803044624672e+00,-8.015991120877817622e+00,1.284240671518709576e+00,6.249940704791550061e-01,0.000000000000000000e+00,3.141194047626642227e+00,-1.072122025340358983e-02,1.723281954468263155e-01
1.760000000000011511e+01,5.587784655691931945e+00,-8.015169612148973499e+00,1.317726243389946816e+00,6.339375438682710584e-01,0.000000000000000000e+00,3.142033069762660613e+00,-5.824611649753899494e-03,9.028219258194410124e-02
1.765000000000011582e+01,5.656120963182527994e+00,-8.014399596386576619e+00,1.350504004297709004e+00,6.382610787256637330e-01,0.000000000000000000e+00,3.136473080768954258e+00,5.378736256702485938e-04,1.732681945974760829e-02
1.770000000000011653e+01,5.725608406412096230e+00,-8.013655660318299567e+00,1.377436928572899788e+00,6.183405600812925673e-01,0.000000000000000000e+00,3.126287727315528731e+00,6.358828326642820827e-03,-5.486708333603238646e-02
1.775000000000011724e+01,5.796172919803337820e+00,-8.012900377309184918e+00,1.400858030911257934e+00,5.883568574184653288e-01,0.000000000000000000e+00,3.115317734971073005e+00,9.716185047117251519e-03,-1.084206783234821225e-01
1.780000000000011795e+01,5.867743508799125429e+00,-8.012103084130728803e+00,1.422537483454906049e+00,5.574032961093635663e-01,0.000000000000000000e+00,3.107375847301572236e+00,1.007339136437118005e-02,-1.549863323952664629e-01
1.785000000000011866e+01,5.940143971509192156e+00,-8.011245432234172625e+00,1.441271956297961232e+00,5.208605282597105202e-01,0.000000000000000000e+00,3.103587693998609343e+00,7.721844167780185855e-03,-1.980850963890336824e-01
1.790000000000011937e+01,6.013302023554318865e+00,-8.010324013818255651e+00,1.457785533428787472e+00,4.827427311310724667e-01,0.000000000000000000e+00,3.104383935601903399e+00,3.669388409284671682e-03,-2.353260212443929189e-01
1.795000000000012008e+01,6.087149880028739801e+00,-8.009349600277225534e+00,1.472736175281151638e+00,4.459967523143138490e-01,0.000000000000000000e+00,3.109294425322914002e+00,-8.284156062462967509e-04,-2.681497118158264192e-01
1.800000000000012079e+01,6.161590622252296257e+00,-8.008344152532963278e+00,1.485896414818738354e+00,4.094383600017972302e-01,0.000000000000000000e+00,3.115610213275626261e+00,-4.098134373257402222e-03,-2.978647895033978421e-01
1.805000000000012150e+01,6.236568932992303971e+00,-8.007328498296407915e+00,1.497604330555988295e+00,3.743823509504369262e-01,0.000000000000000000e+00,3.121777890930657939e+00,-5.668539652495923828e-03,-3.337377175421910591e-01
1.810000000000012221e+01,6.311990267399688825e+00,-8.006320846364960886e+00,1.507626831363357844e+00,3.395958839898272075e-01,0.000000000000000000e+00,3.125942972801425856e+00,-5.241897341443493841e-03,-3.669571806826631422e-01
1.815000000000012292e+01,6.387760988871105106e+00,-8.005330176202829051e+00,1.515861350430538490e+00,3.046147834605839044e-01,0.000000000000000000e+00,3.127467995215724716e+00,-3.435613123274512681e-03,-3.970267092147462540e-01
1.820000000000012363e+01,6.463823169921603551e+00,-8.004356976321362893e+00,1.522652595843217771e+00,2.708568084191838587e-01,0.000000000000000000e+00,3.126357689636294790e+00,-8.514765946624032944e-04,-4.237071622306183838e-01
1.825000000000012434e+01,6.540117297194845136e+00,-8.003394256776065419e+00,1.528155407230313623e+00,2.386966922837301941e-01,0.000000000000000000e+00,3.123368225390475761e+00,1.673644099114429294e-03,-4.476550049737707537e-01
1.830000000000012506e+01,6.616585482876635282e+00,-8.002429818813983076e+00,1.532456562393925914e+00,2.081619744814330875e-01,0.000000000000000000e+00,3.119803696151500105e+00,3.310483376575110420e-03,-4.691523868032373978e-01
1.835000000000012577e+01,6.693183197673681306e+00,-8.001451012868779245e+00,1.535737544214547334e+00,1.796535068676319569e-01,0.000000000000000000e+00,3.116803838638436908e+00,3.764374593050123785e-03,-4.883478806686885609e-01
1.840000000000012648e+01,6.769867788119375618e+00,-8.000449273432652220e+00,1.538098568999767046e+00,1.531669046349842800e-01,0.000000000000000000e+00,3.115340976355407410e+00,3.009037926951416662e-03,-5.055818117656073474e-01
1.845000000000012719e+01,6.846586816509872442e+00,-7.999419410028596467e+00,1.539470573446808821e+00,1.280215414961544396e-01,0.000000000000000000e+00,3.116178168968267048e+00,1.080321540414470524e-03,-5.210349887522340850e-01
1.850000000000012790e+01,6.923305918719565355e+00,-7.998369314158582100e+00,1.540026549169752457e+00,1.046411360886980724e-01,0.000000000000000000e+00,3.118450653268084682e+00,-8.798979727626212496e-04,-5.345504637514184587e-01
1.855000000000012861e+01,6.999999912590621598e+00,-7.997309599999939067e+00,1.539939257218080115e+00,8.336374106426909514e-02,0.000000000000000000e+00,3.121338608291770900e+00,-2.295074858825042578e-03,-5.464556696467350871e-01
1.860000000000012932e+01,7.076642253569251473e+00,-7.996250647739581829e+00,1.539280931261322927e+00,6.405768902438656320e-02,0.000000000000000000e+00,3.124147299293820179e+00,-2.977118565671016924e-03,-5.570810135267140195e-01
1.865000000000013003e+01,7.153210550912362464e+00,-7.995201544580853970e+00,1.538126882121694461e+00,4.662995466099545405e-02,0.000000000000000000e+00,3.125878067158355034e+00,-2.608034456170720081e-03,-5.665585955433769527e-01
1.870000000000013074e+01,7.229684462853699145e+00,-7.994127196093780974e+00,1.536534237536466119e+00,3.093338538788308750e-02,0.000000000000000000e+00,3.129630955285234162e+00,-3.803283213990541617e-03,-5.750281286958711657e-01
1.875000000000013145e+01,7.306042116016596033e+00,-7.993046151481389749e+00,1.534522568981250501e+00,1.670003408944411433e-02,0.000000000000000000e+00,3.136144654158838030e+00,-6.295427805470216708e-03,-5.825943358562745145e-01
1.880000000000013216e+01,7.382281078426602861e+00,-7.992031903207478472e+00,1.532299746982587196e+00,4.468739276902200172e-03,0.000000000000000000e+00,3.134971450268002613e+00,-2.282146677828844790e-03,-5.892877064062064241e-01
1.885000000000013287e+01,7.458360264491311398e+00,-7.990971316218380416e+00,1.529456523055743755e+00,-7.797904285851845266e-03,0.000000000000000000e+00,3.138356244827391617e+00,-3.443434892095784388e-03,-5.955170295989988816e-01
1.890000000000013358e+01,7.534271731107047287e+00,-7.989957156838930707e+00,1.526305587751464632e+00,-1.884206464579778889e-02,0.000000000000000000e+00,3.137908938750671783e+00,-1.451264233894996106e-03,-6.004567095558388523e-01
1.895000000000013429e+01,7.610058587873055558e+00,-7.988972216166965623e+00,1.523482167406360777e+00,-2.636733309705349346e-02,0.000000000000000000e+00,3.136190741295081796e+00,5.163199761645852551e-04,-6.047218718643547763e-01
1.900000000000013500e+01,7.685669487432955194e+00,-7.987991591365148913e+00,1.520224927437435092e+00,-3.412282635334534797e-02,0.000000000000000000e+00,3.131830574905342335e+00,3.347197875080295659e-03,-6.095812705616582283e-01
1.905000000000013571e+01,7.761079984240971896e+00,-7.986841354138428883e+00,1.516558227215417443e+00,-4.196506197074666850e-02,0.000000000000000000e+00,3.146903636749037947e+00,-8.723636994260321534e-03,-6.135134240312685172e-01
1.910000000000013642e+01,7.836292058948290951e+00,-7.985843844084802967e+00,1.512684547580272598e+00,-4.906676811717650133e-02,0.000000000000000000e+00,3.146886288623228278e+00,-4.332126165128431274e-03,-6.165585117687780725e-01
1.915000000000013713e+01,7.911305517112043439e+00,-7.984943333359869833e+00,1.508719991917583325e+00,-5.511163714449807127e-02,0.000000000000000000e+00,3.136881072305419682e+00,4.839543704752934800e-03,-6.191147142932922343e-01
1.920000000000013785e+01,7.986111805412822839e+00,-7.984066811246272266e+00,1.504627635052265822e+00,-6.045873717686824078e-02,0.000000000000000000e+00,3.125100701909589773e+00,1.072529590133294158e-02,-6.214109115437899122e-01
1.925000000000013856e+01,8.060700745836079761e+00,-7.983134909137315383e+00,1.500390419224819194e+00,-6.531585305128086161e-02,0.000000000000000000e+00,3.119185245121497196e+00,9.570451233125392906e-03,-6.233711602130579399e-01
1.930000000000013927e+01,8.135075571133295824e+00,-7.982130108422563985e+00,1.496129692237200270e+00,-6.929559039150014199e-02,0.000000000000000000e+00,3.120811256198843253e+00,3.700020507420859715e-03,-6.249586518104219834e-01
1.935000000000013998e+01,8.209233937670497028e+00,-7.981080571393097678e+00,1.491827549292909394e+00,-7.264504409036337540e-02,0.000000000000000000e+00,3.127359495258707600e+00,-2.713927332280181761e-03,-6.264140529348865005e-01
1.940000000000014069e+01,8.283174220509696539e+00,-7.980036987967727313e+00,1.487479236229814816e+00,-7.550928752466876115e-02,0.000000000000000000e+00,3.133898472017354386e+00,-5.929819211792054616e-03,-6.277009501636123812e-01
1.945000000000014140e+01,8.356891984748244795e+00,-7.979037304168571154e+00,1.483051495504414508e+00,-7.811839292133598844e-02,0.000000000000000000e+00,3.136706110490198096e+00,-4.916403391984879197e-03,-6.288089673361310084e-01
1.950000000000014211e+01,8.430386197267878856e+00,-7.978089240036306151e+00,1.478576517988660743e+00,-8.039462440008360300e-02,0.000000000000000000e+00,3.134906181749836040e+00,-1.146114693119088543e-03,-6.296704149399808825e-01
1.955000000000014282e+01,8.503658930802872717e+00,-7.977171305235842169e+00,1.474113447809842103e+00,-8.216798023534119255e-02,0.000000000000000000e+00,3.130566705394413507e+00,2.554565933707081665e-03,-6.303483164480209178e-01
1.960000000000014353e+01,8.576711013589427779e+00,-7.976252406112773308e+00,1.469672908705220715e+00,-8.349654060675826273e-02,0.000000000000000000e+00,3.126633212005592188e+00,4.131416027705179031e-03,-6.309604518123486105e-01
1.965000000000014424e+01,8.649540495169118159e+00,-7.975310987294724541e+00,1.465222455175992700e+00,-8.459904660231842843e-02,0.000000000000000000e+00,3.125342618761281166e+00,3.040008777284982332e-03,-6.315283877705453186e-01
1.970000000000014495e+01,8.722147071911853899e+00,-7.974346831877473285e+00,1.460762744032133797e+00,-8.551808185729010969e-02,0.000000000000000000e+00,3.126727455088732732e+00,5.812234178321641197e-04,-6.319874416811872564e-01
1.975000000000014566e+01,8.794529375485597100e+00,-7.973375179648868993e+00,1.456277734315182482e+00,-8.635450435363710431e-02,0.000000000000000000e+00,3.129331123061809272e+00,-1.533708401624469739e-03,-6.323387327315108664e-01
1.980000000000014637e+01,8.866687997674606692e+00,-7.972415326324281182e+00,1.451784218341010124e+00,-8.705766737959887147e-02,0.000000000000000000e+00,3.131293598762289854e+00,-2.144748312781243754e-03,-6.325498705421951362e-01
1.985000000000014708e+01,8.938626217797887463e+00,-7.971477806740823624e+00,1.447326492578703272e+00,-8.747703695290626191e-02,0.000000000000000000e+00,3.131661095182324051e+00,-1.306087441586601099e-03,-6.326540595077327911e-01
1.990000000000014779e+01,9.010342561975983600e+00,-7.970562255718855127e+00,1.442877246353510223e+00,-8.777861446309695448e-02,0.000000000000000000e+00,3.130904504332189031e+00,-8.455718839879826799e-05,-6.327400624568346732e-01
1.995000000000014850e+01,9.081834293251002777e+00,-7.969654949922869491e+00,1.438407983386459810e+00,-8.809994343867896816e-02,0.000000000000000000e+00,3.129577879109298522e+00,9.186326568821191838e-04,-6.327537666528395555e-01
2.000000000000014921e+01,9.153090689415732228e+00,-7.968741748645302714e+00,1.433757910655502732e+00,-8.908024567477122735e-02,0.000000000000000000e+00,3.128945575343143215e+00,8.779568782982085165e-04,-6.326381285773109431e-01
2.005000000000014992e+01,9.224130255116946842e+00,-7.967819584133397193e+00,1.429312059034004712e+00,-8.904760302580881637e-02,0.000000000000000000e+00,3.129058816887926753e+00,3.744554964061714772e-04,-6.320699033947932977e-01
2.010000000000015064e+01,9.294942902414678798e+00,-7.966888449289432295e+00,1.424819492755220907e+00,-8.920834753578202325e-02,0.000000000000000000e+00,3.130058400151189524e+00,-5.110037539142904799e-04,-6.318185386656132163e-01
2.015000000000015135e+01,9.365526430878022168e+00,-7.965958103583838934e+00,1.420238584337095489e+00,-8.969031170112702622e-02,0.000000000000000000e+00,3.131057739205930446e+00,-9.882114211765685718e-04,-6.313842910576004108e-01
2.020000000000015206e+01,9.435896526373859672e+00,-7.965024182319209167e+00,1.415814593145569456e+00,-8.944821412700550145e-02,0.000000000000000000e+00,3.132941205446380550e+00,-1.824359485738137653e-03,-6.306826359476971344e-01
2.025000000000015277e+01,9.506030017221290151e+00,-7.964102167771249796e+00,1.411214187896948857e+00,-8.996019229608653855e-02,0.000000000000000000e+00,3.132606706553991760e+00,-6.525864989861691456e-04,-6.302042687932289944e-01
2.030000000000015348e+01,9.575928748856854966e+00,-7.963181221269936216e+00,1.406561974252537928e+00,-9.057700841451268858e-02,0.000000000000000000e+00,3.131919110292136210e+00,1.601937106753318317e-04,-6.292830153356068212e-01
2.035000000000015419e+01,9.645611795301586966e+00,-7.962258363884009427e+00,1.402095306595207536e+00,-9.032827736093147764e-02,0.000000000000000000e+00,3.131776625556930593e+00,1.933489976363197797e-04,-6.281655403428466622e-01
2.040000000000015490e+01,9.715075720998774145e+00,-7.961336697134124840e+00,1.397671831532147912e+00,-8.995652214098343036e-02,0.000000000000000000e+00,3.132039735950371551e+00,-8.326770453871058949e-05,-6.273274288492969308e-01
2.045000000000015561e+01,9.784321942029730934e+00,-7.960420041603531338e+00,1.393280925082019728e+00,-8.952884351329923329e-02,0.000000000000000000e+00,3.132075195764858933e+00,-7.132557268963723453e-05,-6.264865503293217674e-01
2.050000000000015632e+01,9.853361862480088718e+00,-7.959509650300963912e+00,1.389031457778442391e+00,-8.862094402494849477e-02,0.000000000000000000e+00,3.131529008366926714e+00,3.603647108520207005e-04,-6.256224388836651995e-01
2.055000000000015703e+01,9.922198827248674746e+00,-7.958603226839332301e+00,1.384886748847453664e+00,-8.747559094391346712e-02,0.000000000000000000e+00,3.130728520944848992e+00,7.607258325774326341e-04,-6.249543826504515565e-01
2.060000000000015774e+01,9.990836079283306859e+00,-7.957696975439608522e+00,1.380826784126115925e+00,-8.622033164048151233e-02,0.000000000000000000e+00,3.129880463032530535e+00,9.938690170698785860e-04,-6.244115623705738249e-01
2.065000000000015845e+01,1.005927665945251803e+01,-7.956781069629208503e+00,1.376834074552580889e+00,-8.494710360652513170e-02,0.000000000000000000e+00,3.129993595464817258e+00,4.155782300439047131e-04,-6.239558905827568003e-01
2.070000000000015916e+01,1.012750397722853180e+01,-7.955858622330945096e+00,1.372645955130953332e+00,-8.471016057173010039e-02,0.000000000000000000e+00,3.130797519772163806e+00,-4.141332611239541793e-04,-6.235539477171102574e-01
2.075000000000015987e+01,1.019553838257102107e+01,-7.954935013049168724e+00,1.368674448786986630e+00,-8.365415383325067178e-02,0.000000000000000000e+00,3.131773558201861540e+00,-9.070623693125403307e-04,-6.226795673669991427e-01
2.080000000000016058e+01,1.026337459628320659e+01,-7.954016776321087612e+00,1.364706192289299125e+00,-8.279634905735033801e-02,0.000000000000000000e+00,3.132302578525637315e+00,-8.239027919876942309e-04,-6.221563141331493130e-01
2.085000000000016129e+01,1.033101204206831980e+01,-7.953105912800133126e+00,1.360705273064554799e+00,-8.224075614485736041e-02,0.000000000000000000e+00,3.132195670982335312e+00,-3.496540470197148599e-04,-6.215600236943911172e-01
2.090000000000016200e+01,1.039846917494395839e+01,-7.952195893934591808e+00,1.356911665382139587e+00,-8.096703564554652566e-02,0.000000000000000000e+00,3.132156070202837483e+00,-1.104640031250642991e-04,-6.208186333484837505e-01
2.095000000000016271e+01,1.046571278203779443e+01,-7.951292421111569197e+00,1.352828601746682402e+00,-8.110588305826572919e-02,0.000000000000000000e+00,3.130699083868626609e+00,1.003527837268758599e-03,-6.204134669744023611e-01
2.100000000000016342e+01,1.053275154104827571e+01,-7.950379936717931528e+00,1.348762290992954416e+00,-8.114994946152429001e-02,0.000000000000000000e+00,3.130288415594792539e+00,7.801654839332346127e-04,-6.193509339166932692e-01
2.105000000000016414e+01,1.059960413333090656e+01,-7.949463654075311858e+00,1.344888662445522076e+00,-8.041447375894857086e-02,0.000000000000000000e+00,3.130581449561689045e+00,1.888123237397463356e-04,-6.182402466385186202e-01
2.110000000000016485e+01,1.066626521667235750e+01,-7.948548958718481217e+00,1.341021195932881049e+00,-7.980144505772274188e-02,0.000000000000000000e+00,3.130713216864306148e+00,2.476574872171358622e-07,-6.174351081562921006e-01
2.115000000000016556e+01,1.073275944820153605e+01,-7.947657134834843262e+00,1.337495056104905933e+00,-7.794571535807846840e-02,0.000000000000000000e+00,3.128708123046918033e+00,1.498086255035932079e-03,-6.165647466320092196e-01
2.120000000000016627e+01,1.079905878888251536e+01,-7.946735521648664147e+00,1.333684317553236687e+00,-7.759952649313954509e-02,0.000000000000000000e+00,3.129728030072069345e+00,-4.516545957048063477e-05,-6.163025085952109627e-01
2.125000000000016698e+01,1.086516910171591910e+01,-7.945821920521528803e+00,1.329851579472049128e+00,-7.741057351926165786e-02,0.000000000000000000e+00,3.129812866079434208e+00,-1.671114328556251832e-04,-6.153979792993622411e-01
2.130000000000016769e+01,1.093112271719616402e+01,-7.944905295234593545e+00,1.326511286515412280e+00,-7.528963064195653976e-02,0.000000000000000000e+00,3.130237335843384816e+00,-3.283882655665009060e-04,-6.143729214271465011e-01
2.135000000000016840e+01,1.099687185994420346e+01,-7.943998301882439605e+00,1.322700287062849256e+00,-7.547570232381711763e-02,0.000000000000000000e+00,3.129661428673533585e+00,2.354117981261014635e-04,-6.142602716224101478e-01
2.140000000000016911e+01,1.106244129949753940e+01,-7.943081152120882393e+00,1.319016216748044368e+00,-7.511684311827304672e-02,0.000000000000000000e+00,3.130190483291535930e+00,-3.371066971550588280e-04,-6.131351870699318640e-01
2.145000000000016982e+01,1.112788220669843398e+01,-7.942170094080410081e+00,1.315914730459781579e+00,-7.249941964766941360e-02,0.000000000000000000e+00,3.131182921014424636e+00,-7.436553536351573658e-04,-6.121887329200282890e-01
2.150000000000017053e+01,1.119309459113019756e+01,-7.941257740085433170e+00,1.311990778747842423e+00,-7.369534256589194143e-02,0.000000000000000000e+00,3.131450977178087403e+00,-5.686589151753150767e-04,-6.123387868120624411e-01
2.155000000000017124e+01,1.125811699155617340e+01,-7.940349040846861328e+00,1.308146488807527152e+00,-7.433343381397441996e-02,0.000000000000000000e+00,3.131107672370915473e+00,-9.229321661240741923e-05,-6.107745240040081125e-01
2.160000000000017195e+01,1.132298461646169407e+01,-7.939439185844134883e+00,1.304693636251051281e+00,-7.327815727708282545e-02,0.000000000000000000e+00,3.131376746547951395e+00,-2.373239297644865972e-04,-6.092916823107228375e-01
2.165000000000017266e+01,1.138767768963300497e+01,-7.938535603949159913e+00,1.301237842529744615e+00,-7.244570070689272667e-02,0.000000000000000000e+00,3.131613524168259222e+00,-2.902622900757256537e-04,-6.085181923675404558e-01
2.170000000000017337e+01,1.145219767456153726e+01,-7.937638393967725747e+00,1.297783538027142081e+00,-7.177377857592412425e-02,0.000000000000000000e+00,3.131316553861007268e+00,5.004749466396203085e-05,-6.076696354125028510e-01
2.175000000000017408e+01,1.151656352181764298e+01,-7.936730502323699810e+00,1.294560374900831423e+00,-7.031167536598174894e-02,0.000000000000000000e+00,3.130788676717402463e+00,3.979403313637572357e-04,-6.067548528656837581e-01
2.180000000000017479e+01,1.158078788151989436e+01,-7.935829478326996700e+00,1.291540308931454550e+00,-6.832960417029272648e-02,0.000000000000000000e+00,3.130631303371556484e+00,3.371035790023252528e-04,-6.062352451871504400e-01
2.185000000000017550e+01,1.164484391797828344e+01,-7.934919036021016225e+00,1.288277191168389901e+00,-6.771615438849259982e-02,0.000000000000000000e+00,3.131965317038449825e+00,-8.487644842803620214e-04,-6.060591127543675238e-01
2.190000000000017621e+01,1.170876566313497591e+01,-7.934022794036389215e+00,1.285400035449006717e+00,-6.568154638832665593e-02,0.000000000000000000e+00,3.132974073297858819e+00,-1.164715255999649625e-03,-6.053341986069238345e-01
2.195000000000017693e+01,1.177255654924824491e+01,-7.933141021623464795e+00,1.282648104806447975e+00,-6.355295968089613723e-02,0.000000000000000000e+00,3.132826053841618830e+00,-4.577234191161176202e-04,-6.053193585752852934e-01
2.200000000000017764e+01,1.183620233775695496e+01,-7.932269152820384583e+00,1.279788509928830642e+00,-6.228074725518608495e-02,0.000000000000000000e+00,3.131813990973170370e+00,4.902632350947976926e-04,-6.054984945203640834e-01
2.205000000000017835e+01,1.189971352874079891e+01,-7.931402108108200011e+00,1.277039910850152671e+00,-6.081899411886060314e-02,0.000000000000000000e+00,3.130328433259849330e+00,1.315882884096158468e-03,-6.054062169688313455e-01
2.210000000000017906e+01,1.196309500746515120e+01,-7.930533927740763822e+00,1.274355974246067502e+00,-5.939094171142900863e-02,0.000000000000000000e+00,3.128790392909791329e+00,1.820808019263485487e-03,-6.054796847375057967e-01
2.215000000000017977e+01,1.202631902042529077e+01,-7.929659364160619006e+00,1.271396638331335538e+00,-5.935009702807089726e-02,0.000000000000000000e+00,3.127968696714704677e+00,1.511478091236741162e-03,-6.056280340996886835e-01
2.220000000000018048e+01,1.208938699106850656e+01,-7.928782859476607214e+00,1.268342339716764577e+00,-5.969727208074038921e-02,0.000000000000000000e+00,3.127319510279856551e+00,1.186446449931576877e-03,-6.051693134196814983e-01
2.225000000000018119e+01,1.215232250850809237e+01,-7.927902419843292137e+00,1.265513343675830349e+00,-5.907380182832906723e-02,0.000000000000000000e+00,3.127014613417850697e+00,8.333260019128904293e-04,-6.044605307501534908e-01
2.230000000000018190e+01,1.221510806654887915e+01,-7.927020847817184190e+00,1.262584681134439890e+00,-5.897369162822492517e-02,0.000000000000000000e+00,3.126875270923574757e+00,5.124818877584712967e-04,-6.041432706795122343e-01
2.235000000000018261e+01,1.227774989520490223e+01,-7.926138517329427202e+00,1.259683477523267481e+00,-5.878376774726941367e-02,0.000000000000000000e+00,3.126616510065142407e+00,4.171270429974369295e-04,-6.035691059898616873e-01
2.240000000000018332e+01,1.234026022802774847e+01,-7.925253473263585313e+00,1.256935623159708637e+00,-5.801843165205075592e-02,0.000000000000000000e+00,3.126530933930602441e+00,2.680177773579381167e-04,-6.029914681753159034e-01
2.245000000000018403e+01,1.240263516668251143e+01,-7.924366144079561636e+00,1.254211787047429416e+00,-5.731008977075734145e-02,0.000000000000000000e+00,3.126643472784332189e+00,5.315007215371035198e-05,-6.026638619481956560e-01
2.250000000000018474e+01,1.246487571813998940e+01,-7.923477744384935129e+00,1.251506504238831141e+00,-5.666920305099882454e-02,0.000000000000000000e+00,3.126716460592547264e+00,-2.988641791135544226e-05,-6.023294952690824156e-01
2.255000000000018545e+01,1.252698659703828099e+01,-7.922589009839974494e+00,1.248858338592184980e+00,-5.592802502738355996e-02,0.000000000000000000e+00,3.126819044554475457e+00,-8.882104775214568469e-05,-6.019778691122830150e-01
2.260000000000018616e+01,1.258896925828583235e+01,-7.921701391369995626e+00,1.246252785547386166e+00,-5.516463220110195964e-02,0.000000000000000000e+00,3.126738111489307581e+00,1.132304433070069056e-05,-6.016868454570282188e-01
2.265000000000018687e+01,1.265082636580369879e+01,-7.920814413129967591e+00,1.243697717825617666e+00,-5.435197664795542866e-02,0.000000000000000000e+00,3.126499303826040244e+00,1.697186093065088564e-04,-6.014284249420215334e-01
2.270000000000018758e+01,1.271256150132573914e+01,-7.919927276840482477e+00,1.241204735215490018e+00,-5.345351175887479850e-02,0.000000000000000000e+00,3.126170910874854769e+00,3.117616094803379151e-04,-6.012192823216767623e-01
2.275000000000018829e+01,1.277417682062745108e+01,-7.919037486082737942e+00,1.238765524010314811e+00,-5.251965422780052739e-02,0.000000000000000000e+00,3.126047449178035009e+00,2.370056128230915195e-04,-6.010837397847953456e-01
2.280000000000018900e+01,1.283567334965738915e+01,-7.918144916070696482e+00,1.236362342610424658e+00,-5.162844898180089792e-02,0.000000000000000000e+00,3.126166478853268593e+00,2.869004348902986666e-05,-6.010063368324417565e-01
2.285000000000018971e+01,1.289705161639684761e+01,-7.917250648024273474e+00,1.233978906028800004e+00,-5.083650551193920342e-02,0.000000000000000000e+00,3.126399041904624365e+00,-1.535731606787225803e-04,-6.009525006551884596e-01
2.290000000000019043e+01,1.295831262347520507e+01,-7.916356569098338625e+00,1.231613480570665775e+00,-5.013090624208815099e-02,0.000000000000000000e+00,3.126529268708159837e+00,-1.685370991158554590e-04,-6.008902291947448848e-01
2.295000000000019114e+01,1.301945730119901690e+01,-7.915463612793793402e+00,1.229264015585239234e+00,-4.950258493537655624e-02,0.000000000000000000e+00,3.126543362145954852e+00,-9.514706434225125582e-05,-6.008164346336425377e-01
2.300000000000019185e+01,1.308048806876603543e+01,-7.914572246573032821e+00,1.226949368661638395e+00,-4.886065564270446887e-02,0.000000000000000000e+00,3.126358274310047758e+00,8.114760570224831379e-05,-6.007273573929146071e-01
2.305000000000019256e+01,1.314140754012071000e+01,-7.913681331047439649e+00,1.224681482650157305e+00,-4.816006856008780979e-02,0.000000000000000000e+00,3.125897626741234170e+00,3.660392059070363452e-04,-6.006612133026483225e-01
2.310000000000019327e+01,1.320221682807536112e+01,-7.912788132493058235e+00,1.222448619277309856e+00,-4.745950833945992292e-02,0.000000000000000000e+00,3.125593983218629024e+00,3.916830893002309303e-04,-6.006427010147696866e-01
2.315000000000019398e+01,1.326291843271073745e+01,-7.911891248666364618e+00,1.220260001935487892e+00,-4.672207603885566995e-02,0.000000000000000000e+00,3.125600149883597911e+00,1.858149480027931487e-04,-6.006491691101070174e-01
2.320000000000019469e+01,1.332351244070252427e+01,-7.910991513084336013e+00,1.218091383338367306e+00,-4.605213521956675465e-02,0.000000000000000000e+00,3.125838603836056162e+00,-7.885705134612669876e-05,-6.006998556215829010e-01
2.325000000000019540e+01,1.338399829807557317e+01,-7.910090392674082871e+00,1.215923171378066936e+00,-4.551455601685475832e-02,0.000000000000000000e+00,3.126109212168648455e+00,-2.333581149832747708e-04,-6.007469194742909302e-01
2.330000000000019611e+01,1.344437734301461340e+01,-7.909190099692516185e+00,1.213768364162130409e+00,-4.503087367722979906e-02,0.000000000000000000e+00,3.126142080850175642e+00,-1.380733821243187911e-04,-6.007513881839952052e-01
2.335000000000019682e+01,1.350465075493918832e+01,-7.908290729988363132e+00,1.211632637672494406e+00,-4.456760490032773275e-02,0.000000000000000000e+00,3.126013424110848149e+00,2.417540613537301779e-05,-6.007393919819913330e-01
2.340000000000019753e+01,1.356481988603975708e+01,-7.907392257316177897e+00,1.209519469192949837e+00,-4.410675783844034831e-02,0.000000000000000000e+00,3.125623712715303260e+00,2.867031343326231188e-04,-6.007226067271316250e-01
2.345000000000019824e+01,1.362488774385655788e+01,-7.906492139699279775e+00,1.207453201902007223e+00,-4.355047543452261749e-02,0.000000000000000000e+00,3.125356769550503788e+00,3.283632890075415586e-04,-6.007084034367463632e-01
2.350000000000019895e+01,1.368485533826708433e+01,-7.905589453781500353e+00,1.205421258454142386e+00,-4.296815413907732750e-02,0.000000000000000000e+00,3.125340719243391518e+00,1.687682501245333028e-04,-6.007461578670881819e-01
2.355000000000019966e+01,1.374472317239253094e+01,-7.904684637230998234e+00,1.203409217889831018e+00,-4.242268556850722211e-02,0.000000000000000000e+00,3.125349323240003141e+00,7.202529856680684611e-05,-6.008115331443548701e-01
2.360000000000020037e+01,1.380449240422866275e+01,-7.903777468653228944e+00,1.201418739429804150e+00,-4.190006229491313738e-02,0.000000000000000000e+00,3.125590514343922433e+00,-1.369096089470447800e-04,-6.008762346982103875e-01
2.365000000000020108e+01,1.386416244323113212e+01,-7.902870164449455004e+00,1.199429201925281685e+00,-4.147819985402025761e-02,0.000000000000000000e+00,3.125684032025808801e+00,-1.331157118660917919e-04,-6.009439962893114995e-01
2.370000000000020179e+01,1.392373445345531024e+01,-7.901962740679872255e+00,1.197451420650686771e+00,-4.109368498159575445e-02,0.000000000000000000e+00,3.125736188084128120e+00,-9.999318493263770148e-05,-6.009738057711156989e-01
2.375000000000020250e+01,1.398320900516977972e+01,-7.901056923411363009e+00,1.195484131318019561e+00,-4.074410531594533508e-02,0.000000000000000000e+00,3.125489450348797771e+00,1.270798996696505126e-04,-6.009874187837940251e-01
2.380000000000020322e+01,1.404258796246116958e+01,-7.900150848881902554e+00,1.193544197081367608e+00,-4.035502119936396764e-02,0.000000000000000000e+00,3.125248926840894725e+00,2.303607646401451025e-04,-6.009825300303068829e-01
2.385000000000020393e+01,1.410187362533837607e+01,-7.899243634850702911e+00,1.191644389910878843e+00,-3.988324564144613005e-02,0.000000000000000000e+00,3.125012398737510022e+00,2.771079737317620121e-04,-6.009932423694783754e-01
2.390000000000020464e+01,1.416106765253648803e+01,-7.898334058157328919e+00,1.189781675232461922e+00,-3.935745522682448927e-02,0.000000000000000000e+00,3.124904208118194138e+00,2.108798287714554328e-04,-6.010457742698357420e-01
2.395000000000020535e+01,1.422016760503850641e+01,-7.897413246915348850e+00,1.187904552053782758e+00,-3.899445689617614397e-02,0.000000000000000000e+00,3.125700873787313760e+00,-4.769196533236096948e-04,-6.011348310661214223e-01
2.400000000000020606e+01,1.427914514260789858e+01,-7.896482435413401113e+00,1.185643418988836295e+00,-4.024009777672664379e-02,0.000000000000000000e+00,3.127673139965127191e+00,-1.736371305258906919e-03,-6.011576443920364499e-01
2.405000000000020677e+01,1.433802262232114799e+01,-7.895552645285626170e+00,1.183572256786049159e+00,-4.047672703252973986e-02,0.000000000000000000e+00,3.129583879492613629e+00,-2.240003286231828997e-03,-6.003710560000642404e-01
2.410000000000020748e+01,1.439679112639566583e+01,-7.894629334546010568e+00,1.181453870263271533e+00,-4.085492771713418458e-02,0.000000000000000000e+00,3.130872162385416768e+00,-2.019477508226649124e-03,-5.999210316075321847e-01
2.415000000000020819e+01,1.445442668643731920e+01,-7.893658812987006002e+00,1.165697497274833294e+00,-9.570943412745940015e-02,0.000000000000000000e+00,3.136286653143970593e+00,-6.807692105584996212e-03,-5.993346286350050844e-01
2.420000000000020890e+01,1.451033949457947969e+01,-7.892752099947275113e+00,1.137482932183649043e+00,-1.894258076667029167e-01,0.000000000000000000e+00,3.130620841061269921e+00,-6.974507829437487892e-03,-5.712930086213560132e-01
2.425000000000020961e+01,1.456611048057755298e+01,-7.891853884670399388e+00,1.125066620566432585e+00,-2.012058926022274874e-01,0.000000000000000000e+00,3.123039577479234552e+00,-6.399347941225560707e-03,-5.178897158277713242e-01
2.430000000000021032e+01,1.462123064255197491e+01,-7.890991568946807533e+00,1.112508422053863244e+00,-2.111975081320586756e-01,0.000000000000000000e+00,3.028319877400261539e+00,-3.355756775957843656e-03,-4.956778182159265467e-01
2.435000000000021103e+01,1.467543049041208825e+01,-7.890146631398659238e+00,1.096002057910756999e+00,-2.349834630780709976e-01,0.000000000000000000e+00,6.777933625623688840e-02,-9.356111630934729013e-04,-4.729310142560460561e-01
2.440000000000021174e+01,1.472934131798564295e+01,-7.889262497792429940e+00,1.085771867629900189e+00,-2.289075315858834780e-01,0.000000000000000000e+00,3.851356295435337529e-02,-2.031893635785360884e-03,-4.419932586603824709e-01
2.445000000000021245e+01,1.478307741875339332e+01,-7.888367882817097332e+00,1.079319791475548573e+00,-2.089343298861129072e-01,0.000000000000000000e+00,3.898759393356598935e-02,-2.705558701553005627e-03,-4.233431752915012836e-01
2.450000000000021316e+01,1.483492442471499295e+01,-7.887495548014105573e+00,1.054004207184723541e+00,-2.684098010721890359e-01,0.000000000000000000e+00,3.096867906677580606e-02,-2.790734102137482076e-03,-4.120847884914383141e-01
2.455000000000021387e+01,1.488530769337343962e+01,-7.886653068439737346e+00,1.026325277350050413e+00,-3.254435601964421609e-01,0.000000000000000000e+00,2.286870057465062445e-02,-2.552795398845291927e-03,-3.627632310133904747e-01
2.460000000000021458e+01,1.493495156980894123e+01,-7.885837681287130252e+00,1.006339262461644291e+00,-3.402989077107771432e-01,0.000000000000000000e+00,1.123905673007641326e-02,-4.000850109209349269e-03,-3.081765973898458189e-01
2.465000000000021529e+01,1.498355105894503936e+01,-7.885080456255368020e+00,9.858049352584620229e-01,-3.543764349813496306e-01,0.000000000000000000e+00,6.278404496255582501e+00,-5.718734319967682181e-03,-2.685040085332286997e-01
2.470000000000021600e+01,1.503117522853253618e+01,-7.884399107602517276e+00,9.658748946634581056e-01,-3.632213103650942521e-01,0.000000000000000000e+00,6.280183837220391752e+00,-2.816509997395504755e-03,-2.273253090303989921e-01
2.475000000000021672e+01,1.507811986386427705e+01,-7.883774067428054089e+00,9.497355119143023883e-01,-3.551345792886974051e-01,0.000000000000000000e+00,3.839307994887519726e-03,2.559294403399496251e-04,-1.869480382311752009e-01
2.480000000000021743e+01,1.512438772922542718e+01,-7.883186578818910384e+00,9.351539763377598735e-01,-3.424338057371271726e-01,0.000000000000000000e+00,9.071390399066459054e-03,1.458069579885312283e-03,-1.537953792417373899e-01
2.485000000000021814e+01,1.517002007457202595e+01,-7.882621098373050472e+00,9.216922397852331805e-01,-3.277939907998077551e-01,0.000000000000000000e+00,1.075191641930484110e-02,1.139569416005511938e-03,-1.234521970937134672e-01
2.490000000000021885e+01,1.521514140169949414e+01,-7.882076144434907228e+00,9.101724023939778974e-01,-3.083145422048667039e-01,0.000000000000000000e+00,8.768848887823921245e-03,1.092885920262810003e-05,-9.506880337632972466e-02
2.495000000000021956e+01,1.525980538651944585e+01,-7.881555817975788969e+00,9.000731827300050281e-01,-2.870485124197842963e-01,0.000000000000000000e+00,4.650338988094304682e-03,-1.157810014449532719e-03,-7.032226346860162569e-02
2.500000000000022027e+01,1.530405635047398860e+01,-7.881069876414153796e+00,8.910729127281028505e-01,-2.656398899434356253e-01,0.000000000000000000e+00,1.420300047689337930e-03,-1.534917663471347098e-03,-4.820298658344807086e-02
2.505000000000022098e+01,1.534795927366774571e+01,-7.880623692575246864e+00,8.832915055873420407e-01,-2.436375405177912956e-01,0.000000000000000000e+00,6.282942602374971486e+00,-1.292580126623570341e-03,-2.809241822771167685e-02
2.510000000000022169e+01,1.539156031088756649e+01,-7.880217427329855973e+00,8.765517621811265148e-01,-2.218690060390947627e-01,0.000000000000000000e+00,2.458230851107856552e-04,-5.453194760350645043e-04,-1.025411402874559438e-02
2.515000000000022240e+01,1.543489738431011027e+01,-7.879845689557053667e+00,8.706847364003396095e-01,-2.009633079544231038e-01,0.000000000000000000e+00,1.321961674994653890e-03,7.461270945837003218e-06,5.643928748808268309e-03
2.520000000000022311e+01,1.547801552223004151e+01,-7.879504385617575046e+00,8.657077807678106307e-01,-1.806784688936541317e-01,0.000000000000000000e+00,2.344534405714249203e-03,3.241954497763399742e-04,-3.665586786342763664e-03
2.525000000000022382e+01,1.552083895731460572e+01,-7.879188395912905207e+00,8.601783456911369363e-01,-1.666605154216177775e-01,0.000000000000000000e+00,2.561881942742871843e-03,1.762483833601411550e-04,2.725159619751111109e-02
2.530000000000022453e+01,1.556351068159435513e+01,-7.878896301754423348e+00,8.561440398716422262e-01,-1.494656356152728460e-01,0.000000000000000000e+00,1.221761392709908023e-03,-3.175540495450902010e-04,1.726990785589301372e-02
2.535000000000022524e+01,1.560598193991279459e+01,-7.878629468077738451e+00,8.521228125724193969e-01,-1.356574176891093830e-01,0.000000000000000000e+00,6.282277708518689607e+00,-7.892348777987635670e-04,2.530909177498251797e-02
2.540000000000022595e+01,1.564822950458130002e+01,-7.878392986616110427e+00,8.478278834783500306e-01,-1.257056505275647440e-01,0.000000000000000000e+00,6.281050066511671304e+00,-8.149620289053920988e-04,3.332235172389715061e-02
2.545000000000022666e+01,1.569034132127066883e+01,-7.878186432216463864e+00,8.444790518285438807e-01,-1.139598470212762060e-01,0.000000000000000000e+00,6.279509714040942825e+00,-8.952925632978673415e-04,4.188117994929828336e-02
2.550000000000022737e+01,1.573231385955137718e+01,-7.878012018738600020e+00,8.414664649432388455e-01,-1.032182251582409449e-01,0.000000000000000000e+00,6.279188964775666904e+00,-5.530529127680825288e-04,4.855475743204942796e-02
2.555000000000022808e+01,1.577414768838424663e+01,-7.877868050496215524e+00,8.385955478025945986e-01,-9.405824868916957959e-02,0.000000000000000000e+00,6.278924162426129385e+00,-3.824851566381181744e-04,5.455834520890849582e-02
2.560000000000022879e+01,1.581586945137384781e+01,-7.877755098564611203e+00,8.361012491195703999e-01,-8.522379368343233064e-02,0.000000000000000000e+00,6.279182657289975822e+00,-1.780405958931676510e-04,8.450776942911870926e-02
2.565000000000022951e+01,1.585759636119845695e+01,-7.877668843384510566e+00,8.351645193748410412e-01,-7.192595392566324131e-02,0.000000000000000000e+00,6.278549622380216633e+00,-3.090871407667702465e-04,9.275658873821182593e-02
2.570000000000023022e+01,1.589931978045084371e+01,-7.877613075720061531e+00,8.347473164150114311e-01,-5.920957497984901535e-02,0.000000000000000000e+00,6.277610011136069090e+00,-4.500905268740282338e-04,9.792010436165776710e-02
2.575000000000023093e+01,1.594101381173456389e+01,-7.877586746400419671e+00,8.342274310632229462e-01,-4.944720139103312567e-02,0.000000000000000000e+00,6.277230191594107112e+00,-3.732865579440181525e-04,1.020566030113344708e-01
2.580000000000023164e+01,1.598272122633947845e+01,-7.877589060446217317e+00,8.341799679168492299e-01,-3.974761369832136709e-02,0.000000000000000000e+00,6.277007080536149530e+00,-2.739869101853744868e-04,1.064081374726711937e-01
2.585000000000023235e+01,1.602444759990860845e+01,-7.877620036545378568e+00,8.343886383104696103e-01,-3.096340938417558100e-02,0.000000000000000000e+00,6.276031116506036511e+00,-4.613474002492202954e-04,1.098191278586571756e-01
2.590000000000023306e+01,1.606619009567485179e+01,-7.877679058970596948e+00,8.346659566277949693e-01,-2.366145423803904871e-02,0.000000000000000000e+00,6.275216127759740914e+00,-5.100192619288509066e-04,1.127154940738954031e-01
2.595000000000023377e+01,1.610796220472686358e+01,-7.877767891352850604e+00,8.351328642788006240e-01,-1.706153278640865079e-02,0.000000000000000000e+00,6.274605357174142028e+00,-4.668187509070555316e-04,1.154695054591889369e-01
2.600000000000023448e+01,1.614976897513124854e+01,-7.877886610638928921e+00,8.357364418189925370e-01,-1.123491606835930363e-02,0.000000000000000000e+00,6.274207042888678920e+00,-3.744434488061462924e-04,1.178363463494434688e-01
2.605000000000023519e+01,1.619161440549917330e+01,-7.878034190537569259e+00,8.364428984221414787e-01,-6.162106442091716194e-03,0.000000000000000000e+00,6.273777095709498930e+00,-3.397350781064360586e-04,1.199187485542193288e-01
2.610000000000023590e+01,1.623350398772019432e+01,-7.878209089001219745e+00,8.372565542338237243e-01,-1.675061906944436910e-03,0.000000000000000000e+00,6.273906769556196750e+00,-1.368525656149681619e-04,1.217819979985590578e-01
2.615000000000023661e+01,1.627544239397133907e+01,-7.878410268693643914e+00,8.381693052425236434e-01,2.310954509244074473e-03,0.000000000000000000e+00,6.273766495874808058e+00,-1.243024383729041018e-04,1.234153430054864692e-01
2.620000000000023732e+01,1.631743274939943689e+01,-7.878637266634653358e+00,8.391593625630436870e-01,5.808992889475377702e-03,0.000000000000000000e+00,6.274205442184713988e+00,7.585262811647982661e-05,1.248329541814699739e-01
2.625000000000023803e+01,1.635946970434461889e+01,-7.878887095304650146e+00,8.401161446746649997e-01,8.474322758065498673e-03,0.000000000000000000e+00,6.277602400845658792e+00,1.173299565433939080e-03,1.260767100581566269e-01
2.630000000000023874e+01,1.640158216027347748e+01,-7.879119111238149564e+00,8.414036896875622951e-01,1.192963825804150765e-02,0.000000000000000000e+00,6.267027489612305047e+00,-3.011932695852751439e-03,1.273676514196754872e-01
2.635000000000023945e+01,1.644376782204194853e+01,-7.879429296902882740e+00,8.428042838554833383e-01,1.514608727811729907e-02,0.000000000000000000e+00,6.281106580437564979e+00,3.284035182050006833e-03,1.279736889881561979e-01
2.640000000000024016e+01,1.648599129174873923e+01,-7.879730127381634475e+00,8.438165700699373772e-01,1.616601468030993971e-02,0.000000000000000000e+00,6.282513053037962258e+00,2.132077860606423816e-03,1.283264402656320580e-01
2.645000000000024087e+01,1.652828511620722551e+01,-7.879998656128007539e+00,8.450627566504063104e-01,1.791755806612361362e-02,0.000000000000000000e+00,6.275864051367701535e+00,-1.214487973054629048e-03,1.294327926432429221e-01
2.650000000000024158e+01,1.657065562817949811e+01,-7.880311705467306638e+00,8.464853669648499945e-01,2.002448771067354832e-02,0.000000000000000000e+00,6.270911371813348012e+00,-2.304205129115749484e-03,1.300481091489971708e-01
2.655000000000024230e+01,1.661308169278082403e+01,-7.880672106536697363e+00,8.477252917960903522e-01,2.097928949350020070e-02,0.000000000000000000e+00,6.275986786605457723e+00,5.882545467169764553e-04,1.302834084394970116e-01
2.660000000000024301e+01,1.665556636833136039e+01,-7.881050085374932124e+00,8.489265632472663414e-01,2.158851739950404941e-02,0.000000000000000000e+00,6.278989998922675397e+00,1.322790930102644980e-03,1.308579808900214303e-01
2.665000000000024372e+01,1.669811745916762646e+01,-7.881394997672936498e+00,8.502004927965910452e-01,2.236653211690198262e-02,0.000000000000000000e+00,6.281073618628106203e+00,1.375742677888446225e-03,1.314855688153273583e-01
2.670000000000024443e+01,1.674074627493154921e+01,-7.881644430157102477e+00,8.516347579760806807e-01,2.363028641148004830e-02,0.000000000000000000e+00,6.267041982653445586e+00,-4.104287151138722931e-03,1.319428992754463625e-01
2.675000000000024514e+01,1.678342980626607783e+01,-7.882006599861552942e+00,8.528747169332880906e-01,2.386406495801361022e-02,0.000000000000000000e+00,6.268792201650118301e+00,-1.453185161161543596e-03,1.320520475098715396e-01
2.680000000000024585e+01,1.682618176150597478e+01,-7.882361060614078596e+00,8.541909999973263945e-01,2.435638422256403146e-02,0.000000000000000000e+00,6.274435478900551644e+00,1.194944971842720749e-03,1.325236177244030200e-01
2.685000000000024656e+01,1.686900408868412882e+01,-7.882680518770674105e+00,8.555586315922649732e-01,2.495563375780546558e-02,0.000000000000000000e+00,6.265813877169104984e+00,-2.328867183259769429e-03,1.328167812685726312e-01
2.690000000000024727e+01,1.691189166599138005e+01,-7.883034459047469689e+00,8.568919066748007518e-01,2.529760733638741071e-02,0.000000000000000000e+00,6.264208905760058066e+00,-1.708333800423819703e-03,1.329802832542165691e-01
2.695000000000024798e+01,1.695484444939714663e+01,-7.883404768696218312e+00,8.582093204673009179e-01,2.550774103911052082e-02,0.000000000000000000e+00,6.269321794616128152e+00,8.780265229821891974e-04,1.331855984180881913e-01
2.700000000000024869e+01,1.699787080000034223e+01,-7.883859888618256484e+00,8.596288370882174679e-01,2.608425931495453667e-02,0.000000000000000000e+00,1.934399219779336931e-02,1.171788522637481206e-02,1.333961872902936219e-01
2.705000000000024940e+01,1.704097064883389834e+01,-7.884009390289570263e+00,8.610528337728691195e-01,2.656339419057015747e-02,0.000000000000000000e+00,6.267976507728159952e+00,-5.870200214884388826e-03,1.333749409309171741e-01
2.710000000000025011e+01,1.708412397103018066e+01,-7.884229770771094437e+00,8.622679270327711087e-01,2.611108839206401425e-02,0.000000000000000000e+00,6.257084491090304290e+00,-6.646680850203040211e-03,1.333163044273837639e-01
2.715000000000025082e+01,1.712735882291798362e+01,-7.884526657039354625e+00,8.637376823969786788e-01,2.676789217048140823e-02,0.000000000000000000e+00,6.252763946228523828e+00,-4.771071365587499502e-03,1.336496588475490910e-01
2.720000000000025153e+01,1.717065687417517239e+01,-7.884900168120255515e+00,8.650910480074340825e-01,2.682777617820666580e-02,0.000000000000000000e+00,6.245763564894111219e+00,-4.750602925586943498e-03,1.334461758967076805e-01
2.725000000000025224e+01,1.721402296652079755e+01,-7.885346595038851270e+00,8.664571034918137071e-01,2.692644288008375769e-02,0.000000000000000000e+00,6.241420882646421475e+00,-3.841083110540173713e-03,1.334475675993861410e-01
2.730000000000025295e+01,1.725746300556867396e+01,-7.885864864450903511e+00,8.679004248965651591e-01,2.731443992307273222e-02,0.000000000000000000e+00,6.244626760349698102e+00,-8.085890182697918951e-04,1.333963674718981751e-01
2.735000000000025366e+01,1.730096440167456251e+01,-7.886440163355763033e+00,8.692225706446299327e-01,2.714013493071720795e-02,0.000000000000000000e+00,6.254988439775537756e+00,3.090331285974571261e-03,1.331623549146769281e-01
2.740000000000025437e+01,1.734453157371000032e+01,-7.887047191957485381e+00,8.705458655340359009e-01,2.700528750219756413e-02,0.000000000000000000e+00,6.267335397499848249e+00,5.714538675448466165e-03,1.331433731072301230e-01
2.745000000000025508e+01,1.738816414375428465e+01,-7.887658842342763599e+00,8.718606961308427161e-01,2.686355238898523873e-02,0.000000000000000000e+00,6.281585927461527774e+00,7.700625133067707899e-03,1.330956504811289798e-01
2.750000000000025580e+01,1.743187694362776341e+01,-7.888252887348054188e+00,8.733463160212922016e-01,2.743332147298604973e-02,0.000000000000000000e+00,1.912570723158069086e-02,1.092138991692480354e-02,1.330385119851007769e-01
2.755000000000025651e+01,1.747567059213906049e+01,-7.888793292741875796e+00,8.749023661883851277e-01,2.817085784676045743e-02,0.000000000000000000e+00,3.695456841453470531e-02,1.148389038491831257e-02,1.326113649193393917e-01
2.760000000000025722e+01,1.751951978290586709e+01,-7.889250065375007281e+00,8.761797839425951029e-01,2.764635729424819513e-02,0.000000000000000000e+00,5.933552488025206628e-02,1.337191418386485947e-02,1.320127788026656812e-01
2.765000000000025793e+01,1.756345308363700752e+01,-7.889605455040904936e+00,8.776889043529445544e-01,2.815356747679627694e-02,0.000000000000000000e+00,7.255059128731922158e-02,1.100804946501379028e-02,1.319438542849614149e-01
2.770000000000025864e+01,1.760744182604627284e+01,-7.889852711593489332e+00,8.789488133185130447e-01,2.756248984371091615e-02,0.000000000000000000e+00,6.759746898461926889e-02,3.832676977701206158e-03,1.313830842731006088e-01
2.775000000000025935e+01,1.765149345693333061e+01,-7.890020521415751276e+00,8.802030037574630761e-01,2.706675363076879032e-02,0.000000000000000000e+00,4.847427395834991160e-02,-4.498224871480029953e-03,1.312936961909348388e-01
2.780000000000026006e+01,1.769561019457541917e+01,-7.890152349544104382e+00,8.814845217322858639e-01,2.677947480390611285e-02,0.000000000000000000e+00,2.404879381879965194e-02,-1.048037577123689910e-02,1.311906320612915289e-01
2.785000000000026077e+01,1.773981695487729482e+01,-7.890293426024248546e+00,8.830777384082895143e-01,2.779644654713940219e-02,0.000000000000000000e+00,5.546535001490049410e-03,-1.156787956414238178e-02,1.310075006224774574e-01
2.790000000000026148e+01,1.778407412127322829e+01,-7.890468095413700311e+00,8.843212516903991016e-01,2.721121036614980448e-02,0.000000000000000000e+00,4.405767171775210045e-03,-6.176602869864896046e-03,1.301714606548839137e-01
2.795000000000026219e+01,1.782838370385815097e+01,-7.890666716013117643e+00,8.854488708394964158e-01,2.627944488930903863e-02,0.000000000000000000e+00,1.768876366204175099e-02,1.423743679220031231e-03,1.300073496393624184e-01
2.800000000000026290e+01,1.787276735351189316e+01,-7.890855277296445536e+00,8.867881539279590664e-01,2.638068826529775882e-02,0.000000000000000000e+00,3.646844143491456691e-02,7.053893464374465412e-03,1.300516153377664630e-01
2.805000000000026361e+01,1.791720993406964624e+01,-7.890997911590636349e+00,8.880289825933724845e-01,2.606786527389181110e-02,0.000000000000000000e+00,5.328436993952756495e-02,9.214369587068964654e-03,1.296473735723550902e-01
2.810000000000026432e+01,1.796171162449191172e+01,-7.891069386460242363e+00,8.892325676081083152e-01,2.566863227805670292e-02,0.000000000000000000e+00,6.250939468606020455e-02,7.746203670981399031e-03,1.294144961265709937e-01
2.815000000000026503e+01,1.800627680554966759e+01,-7.891063163739014286e+00,8.904752054905278325e-01,2.550545735212336393e-02,0.000000000000000000e+00,6.293579921464953486e-02,3.996287956332278402e-03,1.292317658577558648e-01
2.820000000000026574e+01,1.805089806346472514e+01,-7.890990469946268959e+00,8.916458877771474834e-01,2.508709502817723161e-02,0.000000000000000000e+00,5.407973618318173692e-02,-9.970497582481945530e-04,1.289463849953748353e-01
2.825000000000026645e+01,1.809556866669642261e+01,-7.890874366144865704e+00,8.927074698873451730e-01,2.431600446333248566e-02,0.000000000000000000e+00,3.891490999174607168e-02,-5.567407775073677893e-03,1.287809694313777620e-01
2.830000000000026716e+01,1.814030826199865132e+01,-7.890742025325470976e+00,8.939605098061338406e-01,2.446496324582059234e-02,0.000000000000000000e+00,3.008828059635249019e-02,-5.764821763166588786e-03,1.288117063230472537e-01
2.835000000000026787e+01,1.818512780086264868e+01,-7.890612409398899629e+00,8.954211123852007237e-01,2.541438091292392426e-02,0.000000000000000000e+00,2.548567741429330624e-02,-4.545074318822130664e-03,1.284359310461230530e-01
2.840000000000026859e+01,1.822997102678304060e+01,-7.890481975943272275e+00,8.962894352069911141e-01,2.380479601750065330e-02,0.000000000000000000e+00,2.949351778264919233e-02,-9.121015702120913171e-04,1.276174113357876061e-01
2.845000000000026930e+01,1.827486176151369790e+01,-7.890339227233951647e+00,8.972073665778271812e-01,2.271556229734474075e-02,0.000000000000000000e+00,4.015704782059614786e-02,3.194108720150866214e-03,1.279615890664907440e-01
2.850000000000027001e+01,1.831982212857095504e+01,-7.890162296048425894e+00,8.984115474630076648e-01,2.298917337859765833e-02,0.000000000000000000e+00,5.152375237187190038e-02,5.414819067386222873e-03,1.281885757979179807e-01
2.855000000000027072e+01,1.836483185862838496e+01,-7.889936852566276748e+00,8.994881603216134947e-01,2.269779013730138795e-02,0.000000000000000000e+00,6.006019647554694529e-02,5.617152555501143604e-03,1.278211726406836557e-01
2.860000000000027143e+01,1.840989775501046566e+01,-7.889651803360235860e+00,9.005968539032949138e-01,2.259300643656672603e-02,0.000000000000000000e+00,6.242302876488814434e-02,3.631729757863305305e-03,1.276864101953012753e-01
2.865000000000027214e+01,1.845501583806040458e+01,-7.889310640319249224e+00,9.016712374519841866e-01,2.237193934401041084e-02,0.000000000000000000e+00,5.764794294770858585e-02,2.352826227134542213e-04,1.274655678603550113e-01
2.870000000000027285e+01,1.850018678916744008e+01,-7.888935267783919514e+00,9.027386547609550504e-01,2.216722071109172507e-02,0.000000000000000000e+00,3.794944702831770655e-02,-6.529388445560227287e-03,1.272916054044844203e-01
2.875000000000027356e+01,1.854543877627822468e+01,-7.888558630234560276e+00,9.041382047680882605e-01,2.333197659740614271e-02,0.000000000000000000e+00,1.410559638760489065e-02,-1.141119523382239272e-02,1.271101834393172092e-01
2.880000000000027427e+01,1.859071377265008351e+01,-7.888226581306689411e+00,9.049699063651617248e-01,2.199238766621872815e-02,0.000000000000000000e+00,6.276045486944498819e+00,-1.290294687691189920e-02,1.262390667914060627e-01
2.885000000000027498e+01,1.863604841905545229e+01,-7.887962405921098430e+00,9.060129614875098714e-01,2.176613062236750981e-02,0.000000000000000000e+00,6.268021046136929897e+00,-9.163368532247213177e-03,1.264826601819034890e-01
2.890000000000027569e+01,1.868142593501313087e+01,-7.887764514355656509e+00,9.069405633446101511e-01,2.112331192629507415e-02,0.000000000000000000e+00,6.282830097038402783e+00,4.374286249425943240e-04,1.262843187660234179e-01
2.895000000000027640e+01,1.872684215070029268e+01,-7.887608067774204201e+00,9.077740715917259617e-01,2.023268252949925877e-02,0.000000000000000000e+00,7.204958307063691336e-03,2.778829199920184161e-03,1.262974510059206579e-01
2.900000000000027711e+01,1.877231879430739170e+01,-7.887463817195945026e+00,9.088321077166942041e-01,2.041829052347231971e-02,0.000000000000000000e+00,5.440650170140060027e-03,7.899585218182514790e-04,1.264813815432156707e-01
2.905000000000027782e+01,1.881783820155795439e+01,-7.887340970136892615e+00,9.097677222908826522e-01,2.007709071553159808e-02,0.000000000000000000e+00,1.183024599473725402e-04,-1.406788741369822699e-03,1.261968357875361546e-01
2.910000000000027853e+01,1.886340000122084959e+01,-7.887245692027134325e+00,9.106499094869044963e-01,1.959042135651260785e-02,0.000000000000000000e+00,2.700960562920684538e-03,1.701499910153634948e-04,1.261374836044903136e-01
2.915000000000027924e+01,1.890903426204670268e+01,-7.887164710703716608e+00,9.118720597278753282e-01,2.056093804909334480e-02,0.000000000000000000e+00,1.762265629999593131e-02,5.120751133195278366e-03,1.261669363064947536e-01
2.920000000000027995e+01,1.895469440388520255e+01,-7.887072986856082935e+00,9.126716458731659598e-01,1.964709502043715875e-02,0.000000000000000000e+00,3.600525603968218746e-02,8.807280069829557731e-03,1.254946610615669811e-01
2.925000000000028066e+01,1.900040364916165103e+01,-7.886945597836633404e+00,9.135817844788802766e-01,1.935823043920694222e-02,0.000000000000000000e+00,4.495023674214948528e-02,7.472971232534549903e-03,1.256482560929634285e-01
2.930000000000028137e+01,1.904617381071692606e+01,-7.886758092164043887e+00,9.146793175528682429e-01,1.987671664731735510e-02,0.000000000000000000e+00,5.049606832682762558e-02,5.544709195171601199e-03,1.251556805008321449e-01
2.935000000000028209e+01,1.909198635041818903e+01,-7.886518952046266406e+00,9.156296937241525935e-01,1.970287800299123232e-02,0.000000000000000000e+00,4.897995243303654433e-02,1.742265877060653273e-03,7.789256260834599710e-02
2.940000000000028280e+01,1.913765704823352110e+01,-7.886246606600590958e+00,9.143100079639611133e-01,1.048355936162713963e-02,0.000000000000000000e+00,4.948921119463811635e-02,4.895377514062355852e-04,2.925905187508566485e-02
2.945000000000028351e+01,1.918303141393521472e+01,-7.885945434020892542e+00,9.102284284128845382e-01,-7.939470715004356624e-03,0.000000000000000000e+00,4.651946040112164837e-02,-9.038528087487140679e-04,-1.637210950434962731e-02
2.950000000000028422e+01,1.922806380065781440e+01,-7.885628675508921326e+00,9.044933959740544260e-01,-2.929170632732361335e-02,0.000000000000000000e+00,4.167622823274363952e-02,-2.245859205804078863e-03,-5.776275939525462449e-02
2.955000000000028493e+01,1.927263445786964269e+01,-7.885305069234559205e+00,8.966593420578105045e-01,-5.476958072683413281e-02,0.000000000000000000e+00,3.439470078960571442e-02,-3.563866525170015283e-03,-9.686522158110899561e-02
2.960000000000028564e+01,1.931663388582977703e+01,-7.884986379944055379e+00,8.866707218994787087e-01,-8.377014521479392295e-02,0.000000000000000000e+00,3.141484876899625078e-02,-2.817535323172707263e-03,-1.327405162639885838e-01
2.965000000000028635e+01,1.935999279209817558e+01,-7.884673890906955585e+00,8.749886867788593259e-01,-1.137442566543120093e-01,0.000000000000000000e+00,3.521561272116002783e-02,-4.923214653264136771e-04,-1.652343195954955879e-01
2.970000000000028706e+01,1.940263481137977664e+01,-7.884362897229519440e+00,8.617133288731737562e-01,-1.440968369461911314e-01,0.000000000000000000e+00,4.589624003165582167e-02,2.520306755270960292e-03,-1.952679275828889671e-01
2.975000000000028777e+01,1.944449152195918273e+01,-7.884039099432787800e+00,8.469808971144523468e-01,-1.742071965918376986e-01,0.000000000000000000e+00,5.676454280856635393e-02,3.939996467482756795e-03,-2.230361377514111232e-01
2.980000000000028848e+01,1.948548907519763773e+01,-7.883689369637774114e+00,8.307808979459330168e-01,-2.041657539475465744e-01,0.000000000000000000e+00,6.219282472738463241e-02,3.114956765846749187e-03,-2.508506366630913753e-01
2.985000000000028919e+01,1.952556093083872213e+01,-7.883312029753251515e+00,8.131959513593590705e-01,-2.336723895043320565e-01,0.000000000000000000e+00,6.210874995294712875e-02,1.250407430668368843e-03,-2.768963714577666324e-01
2.990000000000028990e+01,1.956464697001847242e+01,-7.882916868006152988e+00,7.943348207916732795e-01,-2.623824338742077322e-01,0.000000000000000000e+00,5.741837944378680447e-02,-8.266828431906711721e-04,-3.013349412015749462e-01
2.995000000000029061e+01,1.960268916704082898e+01,-7.882516514495125470e+00,7.742655717269990578e-01,-2.901829433580619400e-01,0.000000000000000000e+00,5.048794650065602241e-02,-2.358836306452811917e-03,-3.243969791713482986e-01
3.000000000000029132e+01,1.963963117061539165e+01,-7.882124530717137034e+00,7.530352356310365813e-01,-3.170676990702982478e-01,0.000000000000000000e+00,4.199988956911404614e-02,-3.416519703631024779e-03,-3.462448684955554135e-01
