t,x,y,v,a,vref,th,w,u
0.000000000000000000e+00,-3.000000000000000000e+00,-8.000000000000000000e+00,0.000000000000000000e+00,0.000000000000000000e+00,0.000000000000000000e+00,1.570796326794791753e+00,0.000000000000000000e+00,0.000000000000000000e+00
5.000000000000000278e-02,-3.000675935381261983e+00,-7.999489974285419969e+00,1.007361365662508695e-01,0.000000000000000000e+00,0.000000000000000000e+00,6.247536632185865635e+00,-3.614037265265988841e-02,0.000000000000000000e+00
1.000000000000000056e-01,-3.000410565052288980e+00,-7.999546467869064870e+00,4.944824277479223373e-02,-2.051515751658345155e-01,0.000000000000000000e+00,6.281746816511086351e+00,-1.408508853654079872e-02,5.000000000000000000e-01
1.500000000000000222e-01,-2.997101324641925135e+00,-7.999550640403469970e+00,7.731010005759365866e-02,-5.267383100146191821e-02,0.000000000000000000e+00,2.016364419641369921e-03,-6.115760562066031338e-03,5.000000000000000000e-01
2.000000000000000111e-01,-2.992934156321380712e+00,-7.999541386444997570e+00,8.661193567868789855e-02,-4.931722316792584715e-03,0.000000000000000000e+00,1.320758917506381636e-03,-3.185827884896954339e-03,5.000000000000000000e-01
2.500000000000000000e-01,-2.987607202119161975e+00,-7.999546364607354576e+00,9.890337164986595653e-02,4.522036603127817939e-02,0.000000000000000000e+00,2.264214177223777824e-03,-1.202048535555560235e-03,5.000000000000000000e-01
2.999999999999999889e-01,-2.980789532597642122e+00,-7.999527963475789427e+00,1.226228738095219706e-01,1.310543014636466330e-01,0.000000000000000000e+00,4.829033387823145063e-04,-1.236768401790720121e-03,5.000000000000000000e-01
3.499999999999999778e-01,-2.973161480681232760e+00,-7.999551342743536964e+00,1.406982910218764204e-01,1.771451100203351170e-01,0.000000000000000000e+00,3.783383495836289967e-03,5.804494225391764167e-04,5.000000000000000000e-01
3.999999999999999667e-01,-2.964310218282571796e+00,-7.999513937186234713e+00,1.625899468292944239e-01,2.292827112459401295e-01,0.000000000000000000e+00,6.281880986228214780e+00,-1.562238551450368957e-03,5.000000000000000000e-01
4.499999999999999556e-01,-2.954343942315439620e+00,-7.999528167063007622e+00,1.846859142027419409e-01,2.718100384905421940e-01,0.000000000000000000e+00,5.722498206157666800e-03,1.815954898592899791e-03,5.000000000000000000e-01
4.999999999999999445e-01,-2.943353155540734178e+00,-7.999523536833886617e+00,2.057639912901239598e-01,3.017603391419618752e-01,0.000000000000000000e+00,3.121223928533645164e-03,-2.897253833187500138e-05,5.000000000000000000e-01
5.499999999999999334e-01,-2.931210975161651966e+00,-7.999500176761420001e+00,2.280210473917466674e-01,3.304364957200603969e-01,0.000000000000000000e+00,3.479132524990546926e-04,-1.057515460382910805e-03,5.000000000000000000e-01
5.999999999999999778e-01,-2.917985571846380743e+00,-7.999537009996326553e+00,2.499143848854006589e-01,3.519225465506643502e-01,0.000000000000000000e+00,5.216133185070859213e-03,1.314474281697861589e-03,5.000000000000000000e-01
6.500000000000000222e-01,-2.903718615349712096e+00,-7.999522529491187584e+00,2.711740624739394923e-01,3.665767475946867804e-01,0.000000000000000000e+00,4.006397946255013665e-03,2.054412178037855327e-04,5.000000000000000000e-01
7.000000000000000666e-01,-2.888401550668803885e+00,-7.999538513124358374e+00,2.922746880671556191e-01,3.776639004486138651e-01,0.000000000000000000e+00,5.476161492312670021e-03,6.605303205423035222e-04,5.000000000000000000e-01
7.500000000000001110e-01,-2.872060994464071371e+00,-7.999514975766541802e+00,3.129973154694675186e-01,3.850216299681386567e-01,0.000000000000000000e+00,2.672536373148126643e-03,-7.275745575055529366e-04,5.000000000000000000e-01
8.000000000000001554e-01,-2.854660038553315182e+00,-7.999501812927546140e+00,3.340107945172142712e-01,3.920712201654978912e-01,0.000000000000000000e+00,2.527025613995981246e-03,-4.197865048182005429e-04,5.000000000000000000e-01
8.500000000000001998e-01,-2.836219109124232141e+00,-7.999509961083195897e+00,3.548954949941769410e-01,3.971957780402489702e-01,0.000000000000000000e+00,4.879488364387896127e-03,6.888683076459424992e-04,5.000000000000000000e-01
9.000000000000002442e-01,-2.816751591747348904e+00,-7.999496589974556926e+00,3.755685376924541297e-01,4.004487932253079085e-01,0.000000000000000000e+00,3.161494656830576844e-03,-3.096340253006793952e-04,5.000000000000000000e-01
9.500000000000002887e-01,-2.796242269421147952e+00,-7.999422871484436648e+00,3.963409016596514123e-01,4.034484904490354129e-01,0.000000000000000000e+00,6.273342941025398467e+00,-5.144971488828490626e-03,5.000000000000000000e-01
1.000000000000000222e+00,-2.774699662561070035e+00,-7.999377559543124683e+00,4.170482238967306299e-01,4.055880813075451452e-01,0.000000000000000000e+00,6.269159684763796037e+00,-4.176785533897175301e-03,5.000000000000000000e-01
1.050000000000000266e+00,-2.752129983072713948e+00,-7.999509139166550931e+00,4.376600581036632631e-01,4.069178018737668046e-01,0.000000000000000000e+00,1.240469613267691784e-02,8.059035135904101324e-03,5.000000000000000000e-01
1.100000000000000311e+00,-2.728522155375489255e+00,-7.999304099029737714e+00,4.583687043612769130e-01,4.083688265294679876e-01,0.000000000000000000e+00,6.257234020981979228e+00,-1.069543016719053455e-02,5.000000000000000000e-01
1.150000000000000355e+00,-2.703892745790572594e+00,-7.999474768936538638e+00,4.789075011785445257e-01,4.088502484926447855e-01,0.000000000000000000e+00,7.291413759545228856e-03,7.414420501122452253e-03,5.000000000000000000e-01
1.200000000000000400e+00,-2.678227120011893003e+00,-7.999338451908414527e+00,4.995548837477791770e-01,4.096697290710544226e-01,0.000000000000000000e+00,6.265856499150443071e+00,-5.753722155743846815e-03,5.000000000000000000e-01
1.250000000000000444e+00,-2.651532989372626936e+00,-7.999273595297042405e+00,5.201525119598152669e-01,4.101262961049878530e-01,0.000000000000000000e+00,6.256050522942557812e+00,-6.630114126718005332e-03,5.000000000000000000e-01
1.300000000000000488e+00,-2.623819038814555693e+00,-7.999260088538029834e+00,5.406284572750037487e-01,4.100048181447441542e-01,0.000000000000000000e+00,6.255351880423321909e+00,-3.612861885988655902e-03,5.000000000000000000e-01
1.350000000000000533e+00,-2.595071225893694766e+00,-7.999289842064753131e+00,5.612253237685728147e-01,4.103913204900715428e-01,0.000000000000000000e+00,6.262118258272827198e+00,7.934179190474009366e-04,5.000000000000000000e-01
1.400000000000000577e+00,-2.565295060440586195e+00,-7.999354977971175451e+00,5.818049797782069987e-01,4.106316804305939483e-01,0.000000000000000000e+00,6.275742657585827722e+00,5.640934955700041900e-03,5.000000000000000000e-01
1.450000000000000622e+00,-2.534494282998979386e+00,-7.999443252140333804e+00,6.023328392491273942e-01,4.106167822281567292e-01,0.000000000000000000e+00,1.065045048460078192e-02,9.787726862098593966e-03,5.000000000000000000e-01
1.500000000000000666e+00,-2.502665098868763316e+00,-7.999542164528889998e+00,6.228851896992995130e-01,4.107028275832138031e-01,0.000000000000000000e+00,3.056343135167693958e-02,1.257516418890193728e-02,5.000000000000000000e-01
1.550000000000000711e+00,-2.469808639054689614e+00,-7.999641650632922207e+00,6.434334024241745720e-01,4.107551129660712563e-01,0.000000000000000000e+00,5.071113064068022425e-02,1.407214923800363324e-02,5.000000000000000000e-01
1.600000000000000755e+00,-2.435926529532498996e+00,-7.999732890002880126e+00,6.639601497512409578e-01,4.107110796811225262e-01,0.000000000000000000e+00,6.945850811324660867e-02,1.430280877050803777e-02,5.000000000000000000e-01
1.650000000000000799e+00,-2.401022730011076689e+00,-7.999515559470412818e+00,6.844377792884572820e-01,4.104793818937632621e-01,0.000000000000000000e+00,3.264781001561090079e-02,-7.054599187656327049e-03,5.000000000000000000e-01
1.700000000000000844e+00,-2.365089304447041130e+00,-7.999113963872426680e+00,7.050031491204384881e-01,4.106449848429353788e-01,0.000000000000000000e+00,6.244813544442795461e+00,-3.100570971305167262e-02,5.000000000000000000e-01
1.750000000000000888e+00,-2.328133899536243057e+00,-7.998831158257901919e+00,7.254791556453221713e-01,4.104200139738830022e-01,0.000000000000000000e+00,6.196498400776091486e+00,-3.423068634827852730e-02,5.000000000000000000e-01
1.800000000000000933e+00,-2.290168297588099033e+00,-7.999020567777337831e+00,7.457846034615593922e-01,4.095578024440552634e-01,0.000000000000000000e+00,6.232847925018732305e+00,-3.084717846090477902e-03,5.000000000000000000e-01
1.850000000000000977e+00,-2.251171345609659813e+00,-7.999437662845503283e+00,7.663040451685254606e-01,4.097240087831084399e-01,0.000000000000000000e+00,2.744971478814051125e-02,2.864363038787669929e-02,5.000000000000000000e-01
1.900000000000001021e+00,-2.211155673139198363e+00,-7.999814383457456657e+00,7.867310293529945486e-01,4.094871437643630707e-01,0.000000000000000000e+00,9.732129633430552929e-02,4.146313367538352612e-02,5.000000000000000000e-01
1.950000000000001066e+00,-2.170134734831927315e+00,-7.999702331462771099e+00,8.069455373176690482e-01,4.084477468701884217e-01,0.000000000000000000e+00,7.823375585143566013e-02,1.344222101845712371e-02,5.000000000000000000e-01
2.000000000000000888e+00,-2.128081569062360678e+00,-7.999450670819643783e+00,8.274252422060726087e-01,4.086770170497649457e-01,0.000000000000000000e+00,3.024966759789471382e-02,-1.201619918501769732e-02,5.000000000000000000e-01
2.050000000000000711e+00,-2.085012322200660684e+00,-7.999261070888207037e+00,8.478060986068071125e-01,4.084650392427502941e-01,0.000000000000000000e+00,6.280081159550984893e+00,-1.896833113728545878e-02,5.000000000000000000e-01
2.100000000000000533e+00,-2.040934362796729129e+00,-7.999137713807589201e+00,8.680600244464318216e-01,4.077877347526993601e-01,0.000000000000000000e+00,6.260625998770461997e+00,-1.706571922669036789e-02,5.000000000000000000e-01
2.150000000000000355e+00,-1.995829748750385546e+00,-7.999095685428622815e+00,8.884796201049414144e-01,4.079085704361981590e-01,0.000000000000000000e+00,6.262575233116848494e+00,-7.762954384256392192e-03,5.000000000000000000e-01
2.200000000000000178e+00,-1.949713255416855473e+00,-7.999111484872645228e+00,9.087898010877886179e-01,4.075675802803476189e-01,0.000000000000000000e+00,6.264879525603596733e+00,-2.979754563521125853e-03,5.000000000000000000e-01
2.250000000000000000e+00,-1.902584228682023149e+00,-7.999170319932898288e+00,9.290646824109272117e-01,4.071535895168327812e-01,0.000000000000000000e+00,6.269953112587966615e+00,4.784228376398798159e-04,5.000000000000000000e-01
2.299999999999999822e+00,-1.854435037797014463e+00,-7.999272762927938984e+00,9.494174722646672171e-01,4.071340310284265462e-01,0.000000000000000000e+00,5.717127051731552001e-03,7.609034069891511612e-03,5.000000000000000000e-01
2.349999999999999645e+00,-1.805273961583012454e+00,-7.999411351609492904e+00,9.697022515970425971e-01,4.068463421522430790e-01,0.000000000000000000e+00,2.939977127144643987e-02,1.302511419005191601e-02,5.000000000000000000e-01
2.399999999999999467e+00,-1.755100118600611436e+00,-7.999551505285981357e+00,9.899693690796287360e-01,4.065455436521392962e-01,0.000000000000000000e+00,5.838299687241121916e-02,1.779910596835480863e-02,5.000000000000000000e-01
2.449999999999999289e+00,-1.703904874113066681e+00,-7.999694311880970687e+00,1.010333082369688995e+00,4.066912880819527620e-01,0.000000000000000000e+00,8.777135013982828582e-02,2.036427952647448109e-02,5.000000000000000000e-01
2.499999999999999112e+00,-1.651702261452669074e+00,-7.999810877894390160e+00,1.030566169323491099e+00,4.062853782807709369e-01,0.000000000000000000e+00,1.113202770066941127e-01,1.954069243697223110e-02,5.000000000000000000e-01
2.549999999999998934e+00,-1.598487707700519067e+00,-7.999892482368601065e+00,1.050801864027814281e+00,4.059710814419097979e-01,0.000000000000000000e+00,1.149864904454789283e-01,1.121625378475855743e-02,5.000000000000000000e-01
2.599999999999998757e+00,-1.544247981803550385e+00,-7.999935110881577494e+00,1.071197695412863915e+00,4.063601906937266972e-01,0.000000000000000000e+00,1.170256394110653630e-01,6.324652884795746270e-03,5.000000000000000000e-01
2.649999999999998579e+00,-1.489003140619364673e+00,-7.999953536083569183e+00,1.091417217844678600e+00,4.059662422822403749e-01,0.000000000000000000e+00,1.168122359565835211e-01,3.160534875714348692e-03,5.000000000000000000e-01
2.699999999999998401e+00,-1.432744067158127965e+00,-7.999945379635448717e+00,1.111675776995875387e+00,4.058072304305797573e-01,0.000000000000000000e+00,1.249266384187901480e-01,4.782787309242531905e-03,5.000000000000000000e-01
2.749999999999998224e+00,-1.375469765502063346e+00,-7.999918892541581172e+00,1.131962024793184973e+00,4.057907755337024636e-01,0.000000000000000000e+00,1.224137468908494952e-01,1.312377269426890291e-03,5.000000000000000000e-01
2.799999999999998046e+00,-1.317192098976687209e+00,-7.999859707099953532e+00,1.152117173500190717e+00,4.052532152549852551e-01,0.000000000000000000e+00,1.134177954710366976e-01,-2.789348656873206524e-03,5.000000000000000000e-01
2.849999999999997868e+00,-1.257898555113105665e+00,-7.999789281001784325e+00,1.172369897870155997e+00,4.052134696838496364e-01,0.000000000000000000e+00,1.107298174641995203e-01,-2.464623104786472021e-03,5.000000000000000000e-01
2.899999999999997691e+00,-1.197594296090866539e+00,-7.999712911828988027e+00,1.192599648731852202e+00,4.050897791938648518e-01,0.000000000000000000e+00,9.970618831308630803e-02,-5.567598996483359361e-03,5.000000000000000000e-01
2.949999999999997513e+00,-1.136283861397864081e+00,-7.999617507442577491e+00,1.212765968524532001e+00,4.047371025258113542e-01,0.000000000000000000e+00,7.710869987264601377e-02,-1.160092754265952195e-02,5.000000000000000000e-01
2.999999999999997335e+00,-1.073958447120890947e+00,-7.999528973197174153e+00,1.233012114421673466e+00,4.047742656092152558e-01,0.000000000000000000e+00,6.813117321428485695e-02,-9.360580631018829492e-03,5.000000000000000000e-01
3.049999999999997158e+00,-1.010625309176850450e+00,-7.999474431164730781e+00,1.253202786645160938e+00,4.045821013813223899e-01,0.000000000000000000e+00,7.071620498626884910e-02,-3.727529349277387653e-03,5.000000000000000000e-01
3.099999999999996980e+00,-9.462957614128141293e-01,-7.999418148900181436e+00,1.273235983345858191e+00,4.037984679078472361e-01,0.000000000000000000e+00,6.705883253759914453e-02,-3.252002769504839554e-03,5.000000000000000000e-01
3.149999999999996803e+00,-8.809602149649415903e-01,-7.999361131077390219e+00,1.293321250195965666e+00,4.033798417267079883e-01,0.000000000000000000e+00,5.193800533613845971e-02,-7.534400445992656126e-03,5.000000000000000000e-01
3.199999999999996625e+00,-8.146192584085847344e-01,-7.999317655569075036e+00,1.313420151402109770e+00,4.030994782059431070e-01,0.000000000000000000e+00,3.251118453799417551e-02,-1.136204615066284049e-02,5.000000000000000000e-01
3.249999999999996447e+00,-7.472791906880356105e-01,-7.999304218145714351e+00,1.333448889314094776e+00,4.025945342126948101e-01,0.000000000000000000e+00,1.623360088611391916e-02,-1.201712389051186325e-02,5.000000000000000000e-01
3.299999999999996270e+00,-6.789340477823457842e-01,-7.999332585382282090e+00,1.353521342308825703e+00,4.023654393490798675e-01,0.000000000000000000e+00,2.634057822184843189e-03,-1.131389928162720993e-02,5.000000000000000000e-01
3.349999999999996092e+00,-6.095826588831764203e-01,-7.999407871501089673e+00,1.373625694819285759e+00,4.023097615211044253e-01,0.000000000000000000e+00,6.275755190362268365e+00,-9.586671646794518720e-03,5.000000000000000000e-01
3.399999999999995914e+00,-5.392306146500311925e-01,-7.999535487499015218e+00,1.393676198617438411e+00,4.020498244094944384e-01,0.000000000000000000e+00,6.270765987239295569e+00,-6.741334314676928480e-03,5.000000000000000000e-01
3.449999999999995737e+00,-4.678762463254117487e-01,-7.999715544169568204e+00,1.413725627570177057e+00,4.018375753385504123e-01,0.000000000000000000e+00,6.276649382758075824e+00,-1.072225678816162570e-03,5.000000000000000000e-01
3.499999999999995559e+00,-3.955231400301635891e-01,-7.999943719799827768e+00,1.433731844211200368e+00,4.014949268349338740e-01,0.000000000000000000e+00,1.733234489951396284e-02,8.781203140113217481e-03,5.000000000000000000e-01
3.549999999999995381e+00,-3.221681868715126629e-01,-8.000221220141948919e+00,1.453758474243715515e+00,4.013024615980079757e-01,0.000000000000000000e+00,5.744430367615471766e-02,2.008651462261688836e-02,5.000000000000000000e-01
3.599999999999995204e+00,-2.478173112398114331e-01,-8.000499870886685017e+00,1.473720166918578656e+00,4.008887399778592320e-01,0.000000000000000000e+00,8.353306681957661795e-02,2.032286160141869719e-02,5.000000000000000000e-01
3.649999999999995026e+00,-1.724633295452474568e-01,-8.000734609526299224e+00,1.493740235445575770e+00,4.007912660902761548e-01,0.000000000000000000e+00,9.653066595069681455e-02,1.527486885023293661e-02,5.000000000000000000e-01
3.699999999999994849e+00,-9.610771804351289638e-02,-8.000943037840261951e+00,1.513766847152369976e+00,4.007394596993980596e-01,0.000000000000000000e+00,1.120881968359652703e-01,1.377614505546405702e-02,5.000000000000000000e-01
3.749999999999994671e+00,-1.875982161820525726e-02,-8.001120023035479534e+00,1.533683926184631563e+00,4.002598838885650934e-01,0.000000000000000000e+00,1.279318945273075769e-01,1.313567507113359151e-02,5.000000000000000000e-01
3.799999999999994493e+00,5.959120461882875391e-02,-8.001254408208923863e+00,1.553687269242882252e+00,4.002212793438551519e-01,0.000000000000000000e+00,1.370324609509818714e-01,1.013471208134524015e-02,5.000000000000000000e-01
3.849999999999994316e+00,1.389310205003108367e-01,-8.001333978618029974e+00,1.573553178260247210e+00,3.996406595445442522e-01,0.000000000000000000e+00,1.557709934669322394e-01,1.261014366713286879e-02,5.000000000000000000e-01
3.899999999999994138e+00,2.192756841892250785e-01,-8.001365109138173892e+00,1.593557307949238222e+00,3.997290463915997294e-01,0.000000000000000000e+00,1.673170638072827288e-01,1.095678108644208490e-02,5.000000000000000000e-01
3.949999999999993960e+00,3.006171448590870821e-01,-8.001334696266985347e+00,1.613520519472099846e+00,3.996360832047265998e-01,0.000000000000000000e+00,1.777653491677178010e-01,9.671461008383869240e-03,5.000000000000000000e-01
3.999999999999993783e+00,3.829548149360622600e-01,-8.001228367765055083e+00,1.633461072582473195e+00,3.994710790052749538e-01,0.000000000000000000e+00,1.643289887626213641e-01,-5.944431104816117611e-04,5.000000000000000000e-01
4.049999999999993605e+00,4.662823412270424295e-01,-8.001046599962387873e+00,1.653317126317605412e+00,3.990010781447491106e-01,0.000000000000000000e+00,1.513800180764208747e-01,-5.404039583673267942e-03,5.000000000000000000e-01
4.099999999999993427e+00,5.506099704265119410e-01,-8.000830345674334154e+00,1.673261737065393051e+00,3.989793055069501548e-01,0.000000000000000000e+00,1.382056489263341348e-01,-8.011747587769787321e-03,5.000000000000000000e-01
4.149999999999993250e+00,6.359246958831519247e-01,-8.000572229728062368e+00,1.693086091187600228e+00,3.984808608943891106e-01,0.000000000000000000e+00,1.254338420286948974e-01,-9.022212651195411770e-03,5.000000000000000000e-01
4.199999999999993072e+00,7.222371398287494859e-01,-8.000316456418625322e+00,1.712988312885395548e+00,3.983935755066928541e-01,0.000000000000000000e+00,1.232627218385893286e-01,-5.386107446727735754e-03,5.000000000000000000e-01
4.249999999999992895e+00,8.095403442574001796e-01,-8.000037058400673473e+00,1.732839147123419021e+00,3.981181973574484667e-01,0.000000000000000000e+00,1.039338009491643788e-01,-1.031720921426346541e-02,5.000000000000000000e-01
4.299999999999992717e+00,8.978331914050856621e-01,-7.999729942489632428e+00,1.752656235816512975e+00,3.977629126583349106e-01,0.000000000000000000e+00,7.858849609570661698e-02,-1.516924474255378422e-02,5.000000000000000000e-01
4.349999999999992539e+00,9.871189972615679320e-01,-7.999429451123670098e+00,1.772498234496693081e+00,3.975783248473886422e-01,0.000000000000000000e+00,5.384196312796163397e-02,-1.731620759921938257e-02,5.000000000000000000e-01
4.399999999999992362e+00,1.077386169791015202e+00,-7.999155248295598319e+00,1.792210366192203308e+00,3.969111866599521199e-01,0.000000000000000000e+00,4.617998004398771172e-02,-1.165847259812967732e-02,5.000000000000000000e-01
4.449999999999992184e+00,1.168651725118295293e+00,-7.998945476481482686e+00,1.812073705518541633e+00,3.969823066333152961e-01,0.000000000000000000e+00,5.285537695452902085e-02,-3.211517961091916659e-03,5.000000000000000000e-01
4.499999999999992006e+00,1.260905409498372709e+00,-7.998748649129882260e+00,1.831876215229987004e+00,3.967958841524339975e-01,0.000000000000000000e+00,7.313199856523233677e-02,6.383292109997767451e-03,5.000000000000000000e-01
4.549999999999991829e+00,1.354152130227824768e+00,-7.998555957644155612e+00,1.851713523990817789e+00,3.967859423652706496e-01,0.000000000000000000e+00,9.220952854129293996e-02,1.069643132915076497e-02,5.000000000000000000e-01
4.599999999999991651e+00,1.448386365031893330e+00,-7.998360293437978719e+00,1.871498666733150795e+00,3.965693248615488331e-01,0.000000000000000000e+00,1.182880052158559181e-01,1.562789887544042272e-02,5.000000000000000000e-01
4.649999999999991473e+00,1.543600026437004225e+00,-7.998124978731935286e+00,1.891166892948101363e+00,3.959283647490416391e-01,0.000000000000000000e+00,1.536297098317538357e-01,2.188490747328303981e-02,5.000000000000000000e-01
4.699999999999991296e+00,1.639803451302788373e+00,-7.997828748554371536e+00,1.910913332216483518e+00,3.957284488727622063e-01,0.000000000000000000e+00,1.793434389394850115e-01,2.135953678280618634e-02,5.000000000000000000e-01
4.749999999999991118e+00,1.737002765539479299e+00,-7.997452211850630377e+00,1.930765860891065611e+00,3.959928737965384138e-01,0.000000000000000000e+00,1.957185461283286187e-01,1.719641040317029801e-02,5.000000000000000000e-01
4.799999999999990941e+00,1.835183070484888379e+00,-7.996986376858198575e+00,1.950483266150489836e+00,3.956639200749279550e-01,0.000000000000000000e+00,1.923600556030731212e-01,7.188080500891180433e-03,5.000000000000000000e-01
4.849999999999990763e+00,1.934337275780323662e+00,-7.996407050899426494e+00,1.970064090785940358e+00,3.948544346017447415e-01,0.000000000000000000e+00,1.608147362071088438e-01,-8.931586690068740036e-03,5.000000000000000000e-01
4.899999999999990585e+00,2.034486786621456211e+00,-7.995772680086131068e+00,1.989843876413437851e+00,3.950026901913860633e-01,0.000000000000000000e+00,1.168834380067442780e-01,-2.200670725745144940e-02,5.000000000000000000e-01
4.949999999999990408e+00,2.135616390391743558e+00,-7.995105128293568342e+00,2.009519234394966603e+00,3.947035840792241790e-01,0.000000000000000000e+00,8.193000979643372261e-02,-2.479808420963984864e-02,5.000000000000000000e-01
4.999999999999990230e+00,2.237736852637807416e+00,-7.994481458566042420e+00,2.029276094108723338e+00,3.947903061184065976e-01,0.000000000000000000e+00,6.710053513965252847e-02,-1.825765632219114240e-02,5.000000000000000000e-01
5.049999999999990052e+00,2.340835193841278361e+00,-7.993873184444955093e+00,2.048912065478451172e+00,3.943761303736368906e-01,0.000000000000000000e+00,7.494900597256659580e-02,-6.084686145921081382e-03,5.000000000000000000e-01
5.099999999999989875e+00,2.444974019111233243e+00,-7.993284617610468601e+00,2.069250933283512506e+00,3.968563755191551468e-01,0.000000000000000000e+00,1.122197079358517868e-01,-1.628954409257756322e-03,0.000000000000000000e+00
5.149999999999989697e+00,2.548010799009999161e+00,-7.992709811018372079e+00,2.064160975476325710e+00,2.971252691865768902e-01,0.000000000000000000e+00,1.070732962809461952e-01,-2.053903624074968071e-03,0.000000000000000000e+00
5.199999999999989519e+00,2.650553867818858933e+00,-7.992152253777993209e+00,2.056199434205561616e+00,2.058540502662050409e-01,0.000000000000000000e+00,8.738540735661803893e-02,-2.027218027823891530e-03,0.000000000000000000e+00
5.249999999999989342e+00,2.753357885986461806e+00,-7.991606579069975069e+00,2.056145436737736532e+00,1.644672503416637066e-01,0.000000000000000000e+00,1.009674546057386380e-01,-2.125069078988102780e-05,0.000000000000000000e+00
5.299999999999989164e+00,2.855636290283563916e+00,-7.991072030147964078e+00,2.049815802330577696e+00,1.062552626446955362e-01,0.000000000000000000e+00,1.146699364352485873e-01,3.961412186899341582e-03,0.000000000000000000e+00
5.349999999999988987e+00,2.957573600506450795e+00,-7.990546320592480711e+00,2.043190321721339409e+00,5.850228767880318037e-02,0.000000000000000000e+00,1.268196339503049330e-01,7.389672711962452442e-03,0.000000000000000000e+00
5.399999999999988809e+00,3.059393532784642211e+00,-7.990009423302706359e+00,2.039132336733315842e+00,3.056989019094822138e-02,0.000000000000000000e+00,1.454257830588705502e-01,8.059037305487723457e-03,0.000000000000000000e+00
5.449999999999988631e+00,3.160875837616007988e+00,-7.989452222453641284e+00,2.033458949996177711e+00,1.762365204205973424e-03,0.000000000000000000e+00,1.556896062690373839e-01,7.069911054187021093e-03,0.000000000000000000e+00
5.499999999999988454e+00,3.262065601052745567e+00,-7.988871611321518351e+00,2.027680736326174404e+00,-2.170296251664853224e-02,0.000000000000000000e+00,1.517054954293248770e-01,2.951864861359697334e-03,0.000000000000000000e+00
5.549999999999988276e+00,3.363025933853321270e+00,-7.988264874070527988e+00,2.022618166577734300e+00,-3.761264900707932124e-02,0.000000000000000000e+00,1.438673494377864515e-01,-1.337357531039441109e-03,0.000000000000000000e+00
5.599999999999988098e+00,3.463692288016247289e+00,-7.987646064205646823e+00,2.017066340208912401e+00,-5.229742468095113783e-02,0.000000000000000000e+00,1.331825434852067502e-01,-3.827622442952355493e-03,0.000000000000000000e+00
5.649999999999987921e+00,3.564084408785483049e+00,-7.987022178901604264e+00,2.011555248353706915e+00,-6.388230716558293554e-02,0.000000000000000000e+00,1.243900741340437932e-01,-4.330316216865456001e-03,0.000000000000000000e+00
5.699999999999987743e+00,3.664224147266019749e+00,-7.986407902785335189e+00,2.006321569442784281e+00,-7.204056137615696964e-02,0.000000000000000000e+00,1.246052579672305427e-01,-2.245225647442681497e-03,0.000000000000000000e+00
5.749999999999987566e+00,3.764085978038708813e+00,-7.985792475931179801e+00,2.000893353657187568e+00,-7.934531224331251020e-02,0.000000000000000000e+00,1.271928849880650247e-01,-4.111965308067887801e-04,0.000000000000000000e+00
5.799999999999987388e+00,3.863672451957191889e+00,-7.985179212042480046e+00,1.995417688463931638e+00,-8.537891056767381304e-02,0.000000000000000000e+00,1.379085959127204219e-01,3.026639969181646635e-03,0.000000000000000000e+00
5.849999999999987210e+00,3.962991283981802670e+00,-7.984559646823052859e+00,1.990016252534589691e+00,-8.990887217150692057e-02,0.000000000000000000e+00,1.469463043890684162e-01,4.272193248392426937e-03,0.000000000000000000e+00
5.899999999999987033e+00,4.062044641843507442e+00,-7.983923365964862739e+00,1.984671319141520174e+00,-9.330683130948369541e-02,0.000000000000000000e+00,1.586280416469065813e-01,5.654169341387157814e-03,0.000000000000000000e+00
5.949999999999986855e+00,4.160830352493997353e+00,-7.983266796031696977e+00,1.979323241591311344e+00,-9.603777524842235791e-02,0.000000000000000000e+00,1.644534370070740437e-01,4.501644254087448088e-03,0.000000000000000000e+00
5.999999999999986677e+00,4.259342084588981336e+00,-7.982580440834530222e+00,1.973898773664764184e+00,-9.852809190492661795e-02,0.000000000000000000e+00,1.712159613480146447e-01,4.260778030291685614e-03,0.000000000000000000e+00
6.049999999999986500e+00,4.357583193756448203e+00,-7.981873071039807144e+00,1.968483379196912963e+00,-1.004840513953462605e-01,0.000000000000000000e+00,1.720394782258827249e-01,2.405697799695810050e-03,0.000000000000000000e+00
6.099999999999986322e+00,4.455555556895238745e+00,-7.981135131721401876e+00,1.963095059782415497e+00,-1.019405187742669638e-01,0.000000000000000000e+00,1.735887651222220995e-01,1.735138645598992019e-03,0.000000000000000000e+00
6.149999999999986144e+00,4.553264841138805252e+00,-7.980378989828672331e+00,1.957784543894290685e+00,-1.027944785719129006e-01,0.000000000000000000e+00,1.736693573189143081e-01,8.692207140434212624e-04,0.000000000000000000e+00
6.199999999999985967e+00,4.650705129563525553e+00,-7.979592495353105441e+00,1.952435367427681978e+00,-1.036322887239652379e-01,0.000000000000000000e+00,1.706689992384688992e-01,-5.102116294067955606e-04,0.000000000000000000e+00
6.249999999999985789e+00,4.747875212952786583e+00,-7.978779098562819527e+00,1.947056000257610719e+00,-1.044232996594573193e-01,0.000000000000000000e+00,1.640030125920066695e-01,-2.299690287961288562e-03,0.000000000000000000e+00
6.299999999999985612e+00,4.844774474075733472e+00,-7.977953810718579675e+00,1.941655708310119799e+00,-1.051398075175296321e-01,0.000000000000000000e+00,1.689639895491694688e-01,3.581688003572260949e-04,0.000000000000000000e+00
6.349999999999985434e+00,4.941407199898099734e+00,-7.977110978984809364e+00,1.936299105750534322e+00,-1.055382562523657086e-01,0.000000000000000000e+00,1.673364887046133731e-01,-2.272505451922308462e-04,0.000000000000000000e+00
6.399999999999985256e+00,5.037778092498117921e+00,-7.976252380691787103e+00,1.931016249719111233e+00,-1.055620291275849998e-01,0.000000000000000000e+00,1.677857661108506093e-01,-9.467867461510022292e-06,0.000000000000000000e+00
6.449999999999985079e+00,5.133880747750565021e+00,-7.975371244375525137e+00,1.925686836569967975e+00,-1.057672758986411277e-01,0.000000000000000000e+00,1.614064083577115838e-01,-1.991291364207108550e-03,0.000000000000000000e+00
6.499999999999984901e+00,5.229712509911379925e+00,-7.974474570076918845e+00,1.920306219530569125e+00,-1.061362888765083889e-01,0.000000000000000000e+00,1.572295311605902413e-01,-2.264020415373116379e-03,0.000000000000000000e+00
6.549999999999984723e+00,5.325276843231489643e+00,-7.973574129211139727e+00,1.914945392158955872e+00,-1.063523405876597994e-01,0.000000000000000000e+00,1.590010470480827109e-01,-5.718331557331557532e-04,0.000000000000000000e+00
6.599999999999984546e+00,5.420575993130228198e+00,-7.972658283126849099e+00,1.909620767330050706e+00,-1.063803717857485787e-01,0.000000000000000000e+00,1.585657283612462720e-01,-3.743640478714278189e-04,0.000000000000000000e+00
6.649999999999984368e+00,5.515612758685342065e+00,-7.971734752277742864e+00,1.904343339728264972e+00,-1.062140078357418915e-01,0.000000000000000000e+00,1.578617321911872651e-01,-4.354411632026457951e-04,0.000000000000000000e+00
6.699999999999984190e+00,5.610381858868864313e+00,-7.970794250242398959e+00,1.899022539938367116e+00,-1.062544054281850114e-01,0.000000000000000000e+00,1.563884913064725879e-01,-7.118618618052478721e-04,0.000000000000000000e+00
6.749999999999984013e+00,5.704881752312546794e+00,-7.969840849305110275e+00,1.893665448520085004e+00,-1.064318900156765446e-01,0.000000000000000000e+00,1.595181453386596004e-01,5.602528247506191605e-04,0.000000000000000000e+00
6.799999999999983835e+00,5.799114813338580809e+00,-7.968878143620547583e+00,1.888321921671955561e+00,-1.065196194050590794e-01,0.000000000000000000e+00,1.640833352006358936e-01,1.692817805107101753e-03,0.000000000000000000e+00
6.849999999999983658e+00,5.893083272788310900e+00,-7.967890921262254622e+00,1.883012513746719296e+00,-1.064533272249924001e-01,0.000000000000000000e+00,1.670600444908654225e-01,1.825473881546695433e-03,0.000000000000000000e+00
6.899999999999983480e+00,5.986793126168885593e+00,-7.966890034998672654e+00,1.877787386811623715e+00,-1.060631695203763381e-01,0.000000000000000000e+00,1.730128776332318097e-01,2.622095546811978144e-03,0.000000000000000000e+00
6.949999999999983302e+00,6.080233766604584034e+00,-7.965861433181807172e+00,1.872470576362202266e+00,-1.061177774139869523e-01,0.000000000000000000e+00,1.769747860009367457e-01,2.456125121918208577e-03,0.000000000000000000e+00
6.999999999999983125e+00,6.173406522953344577e+00,-7.964811309244635318e+00,1.867132318397253021e+00,-1.062472537909866233e-01,0.000000000000000000e+00,1.781910641517008287e-01,1.587940596293415177e-03,0.000000000000000000e+00
7.049999999999982947e+00,6.266312138347677418e+00,-7.963733106833518427e+00,1.861795388747851998e+00,-1.063455216303934858e-01,0.000000000000000000e+00,1.698861555227715314e-01,-1.646159190877002909e-03,0.000000000000000000e+00
7.099999999999982769e+00,6.358958068238112382e+00,-7.962635742513458403e+00,1.856547299279858176e+00,-1.060687751762901532e-01,0.000000000000000000e+00,1.594916506777446230e-01,-3.939857781267689166e-03,0.000000000000000000e+00
7.149999999999982592e+00,6.451339299394680538e+00,-7.961524290233562340e+00,1.851273923216194994e+00,-1.059485243956849454e-01,0.000000000000000000e+00,1.501063244167966104e-01,-4.762353470968381901e-03,0.000000000000000000e+00
7.199999999999982414e+00,6.543459149548946030e+00,-7.960412781969962381e+00,1.846028237485198398e+00,-1.057415624405344257e-01,0.000000000000000000e+00,1.443948571793391977e-01,-4.174318048758765901e-03,0.000000000000000000e+00
7.249999999999982236e+00,6.635309635972650888e+00,-7.959293012950384494e+00,1.840699037144176931e+00,-1.059100513165134871e-01,0.000000000000000000e+00,1.422433353540286660e-01,-2.731325295044793877e-03,0.000000000000000000e+00
7.299999999999982059e+00,6.726895736646717694e+00,-7.958176304284260816e+00,1.835394516266824372e+00,-1.059461245626211190e-01,0.000000000000000000e+00,1.518091692096996681e-01,1.513056769506161085e-03,0.000000000000000000e+00
7.349999999999981881e+00,6.818219398760318128e+00,-7.957049432152389912e+00,1.830125181851938621e+00,-1.058342373096399780e-01,0.000000000000000000e+00,1.553515352050469644e-01,1.881087251914577776e-03,0.000000000000000000e+00
7.399999999999981704e+00,6.909284527690132904e+00,-7.955912250954533249e+00,1.824916820286811125e+00,-1.055008361082220569e-01,0.000000000000000000e+00,1.610061893864687121e-01,2.603233097722144982e-03,0.000000000000000000e+00
7.449999999999981526e+00,7.000085421332705948e+00,-7.954757862618178521e+00,1.819665507988656561e+00,-1.054059180791959982e-01,0.000000000000000000e+00,1.646051566714827885e-01,2.321290217218247888e-03,0.000000000000000000e+00
7.499999999999981348e+00,7.090619830435791471e+00,-7.953586585774361950e+00,1.814370028355315689e+00,-1.055066529967203792e-01,0.000000000000000000e+00,1.711620876369384092e-01,3.095350181676204647e-03,0.000000000000000000e+00
7.549999999999981171e+00,7.180887946144522971e+00,-7.952395649089116780e+00,1.809059670841364209e+00,-1.056467524531823077e-01,0.000000000000000000e+00,1.772974150149053685e-01,3.428676771462087214e-03,0.000000000000000000e+00
7.599999999999980993e+00,7.270895702024512630e+00,-7.951186300264988738e+00,1.803814428369971523e+00,-1.054983718481166677e-01,0.000000000000000000e+00,1.811513460832143707e-01,2.933205755965792062e-03,0.000000000000000000e+00
7.649999999999980815e+00,7.360642942527820587e+00,-7.949946760709726057e+00,1.798595372642586732e+00,-1.052749203880325723e-01,0.000000000000000000e+00,1.761501618905878530e-01,-1.458886456663557180e-05,0.000000000000000000e+00
7.699999999999980638e+00,7.450130096980845273e+00,-7.948677852353066342e+00,1.793391955972140961e+00,-1.050336029922092351e-01,0.000000000000000000e+00,1.640391114725137101e-01,-3.732007987216024499e-03,0.000000000000000000e+00
7.749999999999980460e+00,7.539351065781192851e+00,-7.947399757733499825e+00,1.788118259449831937e+00,-1.051216684830035553e-01,0.000000000000000000e+00,1.592912131530699327e-01,-3.331885413635833626e-03,0.000000000000000000e+00
7.799999999999980282e+00,7.628307112240603871e+00,-7.946112874248963287e+00,1.782831558537648409e+00,-1.052441384351370524e-01,0.000000000000000000e+00,1.507424199232492157e-01,-4.172528387597814088e-03,0.000000000000000000e+00
7.849999999999980105e+00,7.717004538249431000e+00,-7.944827272685749620e+00,1.777613532901751059e+00,-1.050674132916991355e-01,0.000000000000000000e+00,1.495139770675102397e-01,-2.420903461170951978e-03,0.000000000000000000e+00
7.899999999999979927e+00,7.805442569796919194e+00,-7.943536082352062877e+00,1.772414894306091115e+00,-1.048484850159991655e-01,0.000000000000000000e+00,1.437471938931000892e-01,-2.912014909851211829e-03,0.000000000000000000e+00
7.949999999999979750e+00,7.893621302503790460e+00,-7.942244872744927520e+00,1.767224188362240822e+00,-1.046416117882005836e-01,0.000000000000000000e+00,1.411346349688358259e-01,-2.272420756407292526e-03,0.000000000000000000e+00
7.999999999999979572e+00,7.981538184276668169e+00,-7.940956316291128303e+00,1.762005567685375640e+00,-1.045877721380212844e-01,0.000000000000000000e+00,1.453896236554541588e-01,6.361147733739149455e-05,0.000000000000000000e+00
8.049999999999979394e+00,8.069188279387544682e+00,-7.939665211059664607e+00,1.756717472245574729e+00,-1.048225994696207475e-01,0.000000000000000000e+00,1.484067140591420753e-01,9.626346976132081667e-04,0.000000000000000000e+00
8.099999999999980105e+00,8.156579486479220265e+00,-7.938369477203151447e+00,1.751496737763007738e+00,-1.047410175059646509e-01,0.000000000000000000e+00,1.572487020681796466e-01,3.152456724181920255e-03,0.000000000000000000e+00
8.149999999999980815e+00,8.243713129953080809e+00,-7.937069700004508732e+00,1.746318743395403494e+00,-1.045047914751884161e-01,0.000000000000000000e+00,1.650375359429219202e-01,3.908567665555880317e-03,0.000000000000000000e+00
8.199999999999981526e+00,8.330585536077430575e+00,-7.935749355916753345e+00,1.741116768697106298e+00,-1.044117319733392363e-01,0.000000000000000000e+00,1.801063595063059353e-01,6.456272565255879309e-03,0.000000000000000000e+00
8.249999999999982236e+00,8.417197257698257218e+00,-7.934403339288776280e+00,1.735912869002135928e+00,-1.043449843585525921e-01,0.000000000000000000e+00,1.854062933599003316e-01,4.781972190738913164e-03,0.000000000000000000e+00
8.299999999999982947e+00,8.503544215570194353e+00,-7.933022401147297842e+00,1.730661145377686339e+00,-1.044828819846401469e-01,0.000000000000000000e+00,1.860900664262388204e-01,2.615297207534606622e-03,0.000000000000000000e+00
8.349999999999983658e+00,8.589633264424076486e+00,-7.931623243070006879e+00,1.725469475079164372e+00,-1.043529867817997031e-01,0.000000000000000000e+00,1.887160859572265537e-01,2.068920002155655562e-03,0.000000000000000000e+00
8.399999999999984368e+00,8.675460550297561468e+00,-7.930196779178044331e+00,1.720257461794499232e+00,-1.043304425641000399e-01,0.000000000000000000e+00,1.807177202543659433e-01,-1.271074925395013515e-03,0.000000000000000000e+00
8.449999999999985079e+00,8.761032778045009906e+00,-7.928747380531063982e+00,1.715117004992109839e+00,-1.040261812608373193e-01,0.000000000000000000e+00,1.657055874553527985e-01,-5.160018286639614545e-03,0.000000000000000000e+00
8.499999999999985789e+00,8.846346670577293736e+00,-7.927282877109945503e+00,1.709964342542762195e+00,-1.038315948060601485e-01,0.000000000000000000e+00,1.481970545955864083e-01,-7.876654581058021437e-03,0.000000000000000000e+00
8.549999999999986500e+00,8.931396925127097930e+00,-7.925817639215985366e+00,1.704740239631477250e+00,-1.039616874899876170e-01,0.000000000000000000e+00,1.383485609011980699e-01,-6.874510171101950659e-03,0.000000000000000000e+00
8.599999999999987210e+00,9.016189740809835484e+00,-7.924367719389584508e+00,1.699558631129909791e+00,-1.038957839982596471e-01,0.000000000000000000e+00,1.351208503820595652e-01,-4.441314272782041772e-03,0.000000000000000000e+00
8.649999999999987921e+00,9.100720013364497873e+00,-7.922923255491255645e+00,1.694334816043309377e+00,-1.040118875450090907e-01,0.000000000000000000e+00,1.292546205956508487e-01,-3.887319310444056070e-03,0.000000000000000000e+00
8.699999999999988631e+00,9.184995729012287669e+00,-7.921484882378258874e+00,1.689189799957277582e+00,-1.037895743801341697e-01,0.000000000000000000e+00,1.285462594897532895e-01,-2.101188745631419382e-03,0.000000000000000000e+00
8.749999999999989342e+00,9.269018887373896121e+00,-7.920057378043667384e+00,1.684099325340573827e+00,-1.033935579709220759e-01,0.000000000000000000e+00,1.271439051573581835e-01,-1.536605186082142882e-03,0.000000000000000000e+00
8.799999999999990052e+00,9.352779421974808827e+00,-7.918633863011916851e+00,1.678911292074706463e+00,-1.034669794402068299e-01,0.000000000000000000e+00,1.325379070149814709e-01,7.926987654296289596e-04,0.000000000000000000e+00
8.849999999999990763e+00,9.436279963578671826e+00,-7.917225500601507981e+00,1.673713532315223240e+00,-1.035646225900980627e-01,0.000000000000000000e+00,1.446133747373243850e-01,3.964414465049657076e-03,0.000000000000000000e+00
8.899999999999991473e+00,9.519520253908924090e+00,-7.915808327918507636e+00,1.668513655099922666e+00,-1.036512069332804625e-01,0.000000000000000000e+00,1.541887268788313392e-01,4.883246263524852054e-03,0.000000000000000000e+00
8.949999999999992184e+00,9.602506338830952615e+00,-7.914385711836738224e+00,1.663384796322164849e+00,-1.034364006576553446e-01,0.000000000000000000e+00,1.705785754104987006e-01,7.349697248171750165e-03,0.000000000000000000e+00
8.999999999999992895e+00,9.685235206855912438e+00,-7.912941558892309324e+00,1.658251582270450664e+00,-1.032819767329807292e-01,0.000000000000000000e+00,1.779167542897361898e-01,5.917686404915968937e-03,0.000000000000000000e+00
9.049999999999993605e+00,9.767708338794305334e+00,-7.911471233537040959e+00,1.653135480846473770e+00,-1.030899870822918757e-01,0.000000000000000000e+00,1.865124626882455061e-01,5.501346130251544633e-03,0.000000000000000000e+00
9.099999999999994316e+00,9.849923495913291305e+00,-7.909980107530087068e+00,1.647998335142749848e+00,-1.030205724807289058e-01,0.000000000000000000e+00,1.918597874719587537e-01,4.255639304879033774e-03,0.000000000000000000e+00
9.149999999999995026e+00,9.931874353292837299e+00,-7.908456633365363864e+00,1.642779537989456973e+00,-1.032916465977543469e-01,0.000000000000000000e+00,1.889293567274137331e-01,1.303842575146070895e-03,0.000000000000000000e+00
9.199999999999995737e+00,1.001357087229479426e+01,-7.906912250453369317e+00,1.637645196808187986e+00,-1.031706820032791405e-01,0.000000000000000000e+00,1.853637390478031222e-01,-4.177975112982065982e-04,0.000000000000000000e+00
9.249999999999996447e+00,1.009501090579834148e+01,-7.905345732144607673e+00,1.632519258803412754e+00,-1.030402976217239530e-01,0.000000000000000000e+00,1.749760968952998041e-01,-3.269879273054555370e-03,0.000000000000000000e+00
9.299999999999997158e+00,1.017619615172676184e+01,-7.903762974396522978e+00,1.627415779316181421e+00,-1.028461560463042046e-01,0.000000000000000000e+00,1.620174118306589861e-01,-5.488768885135665923e-03,0.000000000000000000e+00
9.349999999999997868e+00,1.025712922618764900e+01,-7.902179136659492897e+00,1.622349165662219761e+00,-1.025433794528897158e-01,0.000000000000000000e+00,1.597742396499493012e-01,-3.521702718881819343e-03,0.000000000000000000e+00
9.399999999999998579e+00,1.033779976120434441e+01,-7.900592199795489989e+00,1.617173376049561240e+00,-1.027378620129455744e-01,0.000000000000000000e+00,1.564703348621341306e-01,-2.771974927045910489e-03,0.000000000000000000e+00
9.449999999999999289e+00,1.041821239652936093e+01,-7.899008404416138163e+00,1.612008121370073876e+00,-1.028513083283056212e-01,0.000000000000000000e+00,1.569301856251055227e-01,-1.219779968305358901e-03,0.000000000000000000e+00
9.500000000000000000e+00,1.049836985507496578e+01,-7.897417587414193640e+00,1.606882165662154582e+00,-1.027848694943213903e-01,0.000000000000000000e+00,1.515269770063802923e-01,-2.178481401758289738e-03,0.000000000000000000e+00
9.550000000000000711e+00,1.057827501400252679e+01,-7.895831661788453637e+00,1.601803615856108198e+00,-1.025420948196423682e-01,0.000000000000000000e+00,1.523182094695618716e-01,-8.624175305266810511e-04,0.000000000000000000e+00
9.600000000000001421e+00,1.065792422934625527e+01,-7.894242774331151402e+00,1.596702187902415027e+00,-1.024393876704862982e-01,0.000000000000000000e+00,1.564243346005120827e-01,7.938688935890561398e-04,0.000000000000000000e+00
9.650000000000002132e+00,1.073731971286949438e+01,-7.892652120268375704e+00,1.591617866993147334e+00,-1.022887937734595215e-01,0.000000000000000000e+00,1.577901802052767977e-01,7.602650135290307462e-04,0.000000000000000000e+00
9.700000000000002842e+00,1.081645683867974839e+01,-7.891052349176834291e+00,1.586486675638147714e+00,-1.023558004387658121e-01,0.000000000000000000e+00,1.534109141178063851e-01,-9.241529745157022087e-04,0.000000000000000000e+00
9.750000000000003553e+00,1.089533911569941438e+01,-7.889444654773079435e+00,1.581378571985053050e+00,-1.023170549633910242e-01,0.000000000000000000e+00,1.526045782215925684e-01,-6.996886962752461858e-04,0.000000000000000000e+00
9.800000000000004263e+00,1.097396767178074484e+01,-7.887839231144854857e+00,1.576290757493890915e+00,-1.022049019353610672e-01,0.000000000000000000e+00,1.604583212243309021e-01,1.989472841739664891e-03,0.000000000000000000e+00
9.850000000000004974e+00,1.105233985795299034e+01,-7.886227494025364493e+00,1.571181391388496662e+00,-1.022013859698655824e-01,0.000000000000000000e+00,1.700173409378908929e-01,3.904091095924726654e-03,0.000000000000000000e+00
9.900000000000005684e+00,1.113046123380924080e+01,-7.884605289323533661e+00,1.566131157419251574e+00,-1.019620446528725355e-01,0.000000000000000000e+00,1.759892510232763385e-01,3.711543806874769130e-03,0.000000000000000000e+00
9.950000000000006395e+00,1.120832607537093040e+01,-7.882960420237937527e+00,1.561039022469325133e+00,-1.019381755220035018e-01,0.000000000000000000e+00,1.759335728431894452e-01,1.821858356921137161e-03,0.000000000000000000e+00
1.000000000000000711e+01,1.128593540427706721e+01,-7.881302893721320757e+00,1.555939933769002970e+00,-1.019468952188911648e-01,0.000000000000000000e+00,1.727991576312284394e-01,-6.022297220420523654e-05,0.000000000000000000e+00
1.005000000000000782e+01,1.136328735581083116e+01,-7.879625962579789089e+00,1.550817493799732105e+00,-1.020472760521961009e-01,0.000000000000000000e+00,1.624462072922279177e-01,-3.092329237619796667e-03,0.000000000000000000e+00
1.010000000000000853e+01,1.144038850634996685e+01,-7.877949951798339789e+00,1.545759375076785069e+00,-1.018702957335447384e-01,0.000000000000000000e+00,1.560050376801598304e-01,-3.468430486069098810e-03,0.000000000000000000e+00
1.015000000000000924e+01,1.151723450833006268e+01,-7.876276075152913947e+00,1.540674517630671314e+00,-1.018356663712905313e-01,0.000000000000000000e+00,1.441206854312060415e-01,-5.222163644437879948e-03,0.000000000000000000e+00
1.020000000000000995e+01,1.159383087625483455e+01,-7.874605255321929675e+00,1.535644872889348367e+00,-1.015871120623239310e-01,0.000000000000000000e+00,1.262789510667801096e-01,-7.933938796963961593e-03,0.000000000000000000e+00
1.025000000000001066e+01,1.167017443806749100e+01,-7.872950118065205061e+00,1.530595973275894472e+00,-1.014652881036744447e-01,0.000000000000000000e+00,1.259991499070505228e-01,-4.114214642836615254e-03,0.000000000000000000e+00
1.030000000000001137e+01,1.174626005375792381e+01,-7.871310349376670956e+00,1.525477791193402322e+00,-1.016449588129078735e-01,0.000000000000000000e+00,1.262152244639800358e-01,-1.981141905424464202e-03,0.000000000000000000e+00
1.035000000000001208e+01,1.182209404451669599e+01,-7.869682937694463476e+00,1.520408529016338939e+00,-1.015930157585795413e-01,0.000000000000000000e+00,1.352410939617669783e-01,1.677731207549878339e-03,0.000000000000000000e+00
1.040000000000001279e+01,1.189767460466947213e+01,-7.868060973421935778e+00,1.515338954584863007e+00,-1.015527103327670683e-01,0.000000000000000000e+00,1.425405000591144500e-01,3.039305618980203856e-03,0.000000000000000000e+00
1.045000000000001350e+01,1.197300382929121909e+01,-7.866440511716390915e+00,1.510295406973209520e+00,-1.014163587128273369e-01,0.000000000000000000e+00,1.576379457508618742e-01,6.032536252478881353e-03,0.000000000000000000e+00
1.050000000000001421e+01,1.204808322492984374e+01,-7.864817966195149168e+00,1.505281276457205442e+00,-1.011896090342778998e-01,0.000000000000000000e+00,1.735655113960152818e-01,7.740061931904467125e-03,0.000000000000000000e+00
1.055000000000001492e+01,1.212290742332647930e+01,-7.863172840276178022e+00,1.500219889284511332e+00,-1.011972359181984721e-01,0.000000000000000000e+00,1.811973496075971468e-01,6.164592368623432114e-03,0.000000000000000000e+00
1.060000000000001563e+01,1.219747920509480643e+01,-7.861502619866674202e+00,1.495173761416592750e+00,-1.011423002062328269e-01,0.000000000000000000e+00,1.848950972099334678e-01,4.149149769763746214e-03,0.000000000000000000e+00
1.065000000000001634e+01,1.227179788262852078e+01,-7.859817075472653514e+00,1.490122977432212448e+00,-1.011169761025071945e-01,0.000000000000000000e+00,1.900219419452158220e-01,3.550858972258224069e-03,0.000000000000000000e+00
1.070000000000001705e+01,1.234585922063603469e+01,-7.858109566209558139e+00,1.485021423018685782e+00,-1.012997985361121372e-01,0.000000000000000000e+00,1.864092118061835279e-01,7.957636597880663083e-04,0.000000000000000000e+00
1.075000000000001776e+01,1.241967291006587004e+01,-7.856384177704683225e+00,1.480014795652548454e+00,-1.010663482934387458e-01,0.000000000000000000e+00,1.834348192420502954e-01,-4.710311892446655217e-04,0.000000000000000000e+00
1.080000000000001847e+01,1.249323724581359585e+01,-7.854646589493292197e+00,1.475024165527818010e+00,-1.008155991336724955e-01,0.000000000000000000e+00,1.785382502779944147e-01,-1.745717995255062320e-03,0.000000000000000000e+00
1.085000000000001918e+01,1.256654630564683117e+01,-7.852894062279507814e+00,1.469969724214594820e+00,-1.008702445598304714e-01,0.000000000000000000e+00,1.668184174501714523e-01,-4.354726433997505204e-03,0.000000000000000000e+00
1.090000000000001990e+01,1.263960668451799307e+01,-7.851138395953867644e+00,1.464965535764378046e+00,-1.007129494487312010e-01,0.000000000000000000e+00,1.619460596112833883e-01,-3.699547417822041800e-03,0.000000000000000000e+00
1.095000000000002061e+01,1.271241223455448832e+01,-7.849382781163916079e+00,1.459906787494545277e+00,-1.008053526383157483e-01,0.000000000000000000e+00,1.632117757786248902e-01,-1.522059117986104913e-03,0.000000000000000000e+00
1.100000000000002132e+01,1.278496357090713786e+01,-7.847626759092426241e+00,1.454833730652385526e+00,-1.009365094792913226e-01,0.000000000000000000e+00,1.588974700764342884e-01,-1.981585520953881713e-03,0.000000000000000000e+00
1.105000000000002203e+01,1.285726626654730786e+01,-7.845866833894755032e+00,1.449822834392295423e+00,-1.007927926237932037e-01,0.000000000000000000e+00,1.604874762466064197e-01,-4.967153418822808442e-04,0.000000000000000000e+00
1.110000000000002274e+01,1.292932077281103354e+01,-7.844108324626236417e+00,1.444840672119124925e+00,-1.005628831917162874e-01,0.000000000000000000e+00,1.607249809693884757e-01,-1.696642680256026960e-04,0.000000000000000000e+00
1.115000000000002345e+01,1.300112345483391252e+01,-7.842342713107821162e+00,1.439828910540802642e+00,-1.004973528666618932e-01,0.000000000000000000e+00,1.579079929716238340e-01,-8.891704981765872215e-04,0.000000000000000000e+00
1.120000000000002416e+01,1.307267917048106121e+01,-7.840574237051785467e+00,1.434862357172685510e+00,-1.002640957657977699e-01,0.000000000000000000e+00,1.598370801137969366e-01,5.668839681332416653e-05,0.000000000000000000e+00
1.125000000000002487e+01,1.314398215314654195e+01,-7.838812724994189907e+00,1.429841804450616927e+00,-1.002934875009122706e-01,0.000000000000000000e+00,1.675212565082269123e-01,2.249811372530963541e-03,0.000000000000000000e+00
1.130000000000002558e+01,1.321502930218721339e+01,-7.837041665808611057e+00,1.424767365339374869e+00,-1.005325464456977569e-01,0.000000000000000000e+00,1.680426382924444795e-01,1.338061048526542358e-03,0.000000000000000000e+00
1.135000000000002629e+01,1.328582945753030664e+01,-7.835262577849569254e+00,1.419777001292936713e+00,-1.003874933423105631e-01,0.000000000000000000e+00,1.727427025693604179e-01,2.083660223472462523e-03,0.000000000000000000e+00
1.140000000000002700e+01,1.335637883730965392e+01,-7.833472928401887359e+00,1.414775705840436437e+00,-1.003151764838492860e-01,0.000000000000000000e+00,1.764489530076218671e-01,2.175289608918288577e-03,0.000000000000000000e+00
1.145000000000002771e+01,1.342668010126342537e+01,-7.831677372068864607e+00,1.409800565541526662e+00,-1.001527023827182561e-01,0.000000000000000000e+00,1.792860534556846019e-01,1.943121958389379053e-03,0.000000000000000000e+00
1.150000000000002842e+01,1.349673099723507264e+01,-7.829865339580249994e+00,1.404812166871769463e+00,-1.000757565852031239e-01,0.000000000000000000e+00,1.757052788547746047e-01,-8.949237636646191138e-05,0.000000000000000000e+00
1.155000000000002913e+01,1.356653420392639831e+01,-7.828041906038234465e+00,1.399849095644199348e+00,-9.991289017844268150e-02,0.000000000000000000e+00,1.738594027990831847e-01,-6.600839095631148238e-04,0.000000000000000000e+00
1.160000000000002984e+01,1.363608559062982728e+01,-7.826214759975242075e+00,1.394844231501813248e+00,-9.994976871229827031e-02,0.000000000000000000e+00,1.755889475174523540e-01,1.427967303586920832e-04,0.000000000000000000e+00
1.165000000000003055e+01,1.370538358633411313e+01,-7.824381838521770938e+00,1.389804474157296355e+00,-1.001188443479059109e-01,0.000000000000000000e+00,1.779943699396850931e-01,8.203840154674251492e-04,0.000000000000000000e+00
1.170000000000003126e+01,1.377443440866169055e+01,-7.822545105925486908e+00,1.384824745646926925e+00,-1.000139895198021711e-01,0.000000000000000000e+00,1.759184265835207484e-01,-1.891951833305988780e-04,0.000000000000000000e+00
1.175000000000003197e+01,1.384323586415596274e+01,-7.820698034913388774e+00,1.379844836141205011e+00,-9.993082963872912394e-02,0.000000000000000000e+00,1.678825303117488232e-01,-2.437300104936713716e-03,0.000000000000000000e+00
1.180000000000003268e+01,1.391179204383107937e+01,-7.818849932913496836e+00,1.374910957583869831e+00,-9.968017794032374423e-02,0.000000000000000000e+00,1.626441265146167936e-01,-2.802514472381990168e-03,0.000000000000000000e+00
1.185000000000003340e+01,1.398010012694491522e+01,-7.817007919524257886e+00,1.369959361494301087e+00,-9.955052671053370161e-02,0.000000000000000000e+00,1.602050768626597232e-01,-2.186740989416486626e-03,0.000000000000000000e+00
1.190000000000003411e+01,1.404815512779872577e+01,-7.815162452353078493e+00,1.364943964474436555e+00,-9.970200944788482067e-02,0.000000000000000000e+00,1.558269789160764418e-01,-2.384504280639763996e-03,0.000000000000000000e+00
1.195000000000003482e+01,1.411596341857946868e+01,-7.813320534923837712e+00,1.359977219351678368e+00,-9.962858804934032753e-02,0.000000000000000000e+00,1.592870821361556111e-01,-2.035816488327060834e-04,0.000000000000000000e+00
1.200000000000003553e+01,1.418352091885693689e+01,-7.811481221837072830e+00,1.354981297034269616e+00,-9.968655970910700326e-02,0.000000000000000000e+00,1.596729656094026950e-01,3.082237745974860809e-05,0.000000000000000000e+00
1.205000000000003624e+01,1.425083042237603159e+01,-7.809643950925805100e+00,1.350007405887780010e+00,-9.964481235324375297e-02,0.000000000000000000e+00,1.639402044229232303e-01,1.327103033024853735e-03,0.000000000000000000e+00
1.210000000000003695e+01,1.431789424488315809e+01,-7.807802841734009291e+00,1.345072040181614748e+00,-9.945731270725577389e-02,0.000000000000000000e+00,1.698769155095254391e-01,2.436155942400753532e-03,0.000000000000000000e+00
1.215000000000003766e+01,1.438471033308216285e+01,-7.805957762734164973e+00,1.340127519625511798e+00,-9.934393239021614697e-02,0.000000000000000000e+00,1.729089302063613331e-01,2.120501773546209189e-03,0.000000000000000000e+00
1.220000000000003837e+01,1.445127721029662382e+01,-7.804101329234745421e+00,1.335164110101163093e+00,-9.932878400956746123e-02,0.000000000000000000e+00,1.752104459780374768e-01,1.724051394473213959e-03,0.000000000000000000e+00
1.225000000000003908e+01,1.451759694776982279e+01,-7.802239650591599407e+00,1.330215991678903364e+00,-9.925550089669260556e-02,0.000000000000000000e+00,1.780825118501123683e-01,1.664422608906291744e-03,0.000000000000000000e+00
1.230000000000003979e+01,1.458366583847045739e+01,-7.800367337915226074e+00,1.325231376016431151e+00,-9.934286336724267030e-02,0.000000000000000000e+00,1.840188321281219785e-01,2.595741234593725889e-03,0.000000000000000000e+00
1.235000000000004050e+01,1.464948681019060572e+01,-7.798483686587414532e+00,1.320267581322595252e+00,-9.932946946913745467e-02,0.000000000000000000e+00,1.813925526365114393e-01,5.489787226812205181e-04,0.000000000000000000e+00
1.240000000000004121e+01,1.471506087039833588e+01,-7.796588882473234783e+00,1.315324197317094157e+00,-9.923711159731407605e-02,0.000000000000000000e+00,1.799680774687733020e-01,-1.188019945267354636e-04,0.000000000000000000e+00
1.245000000000004192e+01,1.478039075665919277e+01,-7.794691439170179592e+00,1.310418900946527021e+00,-9.901087476011953548e-02,0.000000000000000000e+00,1.769408305093254086e-01,-9.715283024487152011e-04,0.000000000000000000e+00
1.250000000000004263e+01,1.484547168409301321e+01,-7.792783379012756306e+00,1.305474265252570376e+00,-9.898724258392194164e-02,0.000000000000000000e+00,1.704296730535173054e-01,-2.385856572126775644e-03,0.000000000000000000e+00
1.255000000000004334e+01,1.491030815544226051e+01,-7.790869866150762491e+00,1.300566128659541798e+00,-9.882234043925158806e-02,0.000000000000000000e+00,1.598943794568210564e-01,-4.366271212922945462e-03,0.000000000000000000e+00
1.260000000000004405e+01,1.497489637846246957e+01,-7.788956047406334626e+00,1.295625305875782729e+00,-9.882116348643726900e-02,0.000000000000000000e+00,1.502043091472575753e-01,-5.098100458168309222e-03,0.000000000000000000e+00
1.265000000000004476e+01,1.503923713985308197e+01,-7.787059713156375906e+00,1.290674535249237920e+00,-9.886001329532878579e-02,0.000000000000000000e+00,1.510136802542714207e-01,-2.341392157716664681e-03,0.000000000000000000e+00
1.270000000000004547e+01,1.510332955567020541e+01,-7.785170168228184195e+00,1.285712972404517096e+00,-9.893426201514604612e-02,0.000000000000000000e+00,1.491563024189357378e-01,-1.695167707727090719e-03,0.000000000000000000e+00
1.275000000000004619e+01,1.516717565647243404e+01,-7.783285924935169575e+00,1.280771979222852242e+00,-9.891138233877598551e-02,0.000000000000000000e+00,1.461861304946836526e-01,-1.672439793975851168e-03,0.000000000000000000e+00
1.280000000000004690e+01,1.523078072868573507e+01,-7.781415141504323785e+00,1.275899733412148240e+00,-9.861808911383651566e-02,0.000000000000000000e+00,1.408716543658359299e-01,-2.434429365260393219e-03,0.000000000000000000e+00
1.285000000000004761e+01,1.529413817662331709e+01,-7.779552779492687087e+00,1.270977657189238830e+00,-9.858277618270658293e-02,0.000000000000000000e+00,1.416517569559001544e-01,-9.729131876359200940e-04,0.000000000000000000e+00
1.290000000000004832e+01,1.535725035061592791e+01,-7.777702460639124737e+00,1.266062566665785649e+00,-9.852658303997771649e-02,0.000000000000000000e+00,1.523654911603209428e-01,2.666580003868284591e-03,0.000000000000000000e+00
1.295000000000004903e+01,1.542011760102260176e+01,-7.775855334207871117e+00,1.261157588232141968e+00,-9.844118016655661885e-02,0.000000000000000000e+00,1.581629677537019774e-01,3.026014332844713210e-03,0.000000000000000000e+00
1.300000000000004974e+01,1.548273780115953357e+01,-7.774006669198231023e+00,1.256232821952370182e+00,-9.845200925233216216e-02,0.000000000000000000e+00,1.689175972715242224e-01,4.682455353670079631e-03,0.000000000000000000e+00
1.305000000000005045e+01,1.554511019073622080e+01,-7.772150874536402299e+00,1.251293028385657369e+00,-9.852078166871670872e-02,0.000000000000000000e+00,1.741146129364121720e-01,3.906812545659013591e-03,0.000000000000000000e+00
1.310000000000005116e+01,1.560723751128595538e+01,-7.770289393104055087e+00,1.246379629595863126e+00,-9.847022049415006528e-02,0.000000000000000000e+00,1.796045655493294646e-01,3.612344102267513873e-03,0.000000000000000000e+00
1.315000000000005187e+01,1.566911873201246763e+01,-7.768415589037461544e+00,1.241466864090636779e+00,-9.842723841622516567e-02,0.000000000000000000e+00,1.746822387353681449e-01,3.815350556045861603e-04,0.000000000000000000e+00
1.320000000000005258e+01,1.573075697484069657e+01,-7.766533264555233629e+00,1.236590476650510695e+00,-9.824734049348420040e-02,0.000000000000000000e+00,1.705597204276454448e-01,-1.035957173953978286e-03,0.000000000000000000e+00
1.325000000000005329e+01,1.579215135509672940e+01,-7.764651533900710945e+00,1.231714722309155130e+00,-9.810088976020935048e-02,0.000000000000000000e+00,1.715565121874451648e-01,-2.475880971016981304e-04,0.000000000000000000e+00
1.330000000000005400e+01,1.585329852505217652e+01,-7.762767190639737080e+00,1.226800259174304131e+00,-9.813856434757120550e-02,0.000000000000000000e+00,1.688975688564937627e-01,-9.201514018859543315e-04,0.000000000000000000e+00
1.335000000000005471e+01,1.591420077293782320e+01,-7.760881992632549853e+00,1.221897127398269278e+00,-9.812337858219610798e-02,0.000000000000000000e+00,1.715274030217006640e-01,2.627777124082476910e-04,0.000000000000000000e+00
1.340000000000005542e+01,1.597485640245925609e+01,-7.758996760099433843e+00,1.216977889460346018e+00,-9.817565461744964805e-02,0.000000000000000000e+00,1.710209426846356351e-01,-3.077455967444195058e-05,0.000000000000000000e+00
1.345000000000005613e+01,1.603526605386259973e+01,-7.757106388408504749e+00,1.212061814503367696e+00,-9.820482352187273611e-02,0.000000000000000000e+00,1.706237284960607781e-01,-9.864513535853803271e-05,0.000000000000000000e+00
1.350000000000005684e+01,1.609543341843677666e+01,-7.755215365725311116e+00,1.207189614650688858e+00,-9.805265822821326860e-02,0.000000000000000000e+00,1.716183966179372078e-01,2.468553425770877714e-04,0.000000000000000000e+00
1.355000000000005755e+01,1.615535573734572594e+01,-7.753324228751024449e+00,1.202301687229101912e+00,-9.799383626891812471e-02,0.000000000000000000e+00,1.724029263984609983e-01,3.869475776306558791e-04,0.000000000000000000e+00
1.360000000000005826e+01,1.621503557212641766e+01,-7.751434400143284442e+00,1.197437663491988324e+00,-9.785116396358857493e-02,0.000000000000000000e+00,1.753931978531886315e-01,1.083226533315087038e-03,0.000000000000000000e+00
1.365000000000005898e+01,1.627447120905852529e+01,-7.749539182063372778e+00,1.192565212318074108e+00,-9.777073586652745840e-02,0.000000000000000000e+00,1.728176028706860379e-01,-2.326689476801612356e-04,0.000000000000000000e+00
1.370000000000005969e+01,1.633366197927728791e+01,-7.747639508192726510e+00,1.187681044118853002e+00,-9.775326149010611643e-02,0.000000000000000000e+00,1.767530885058246071e-01,1.014722380874906720e-03,0.000000000000000000e+00
1.375000000000006040e+01,1.639260822370609816e+01,-7.745736798364315057e+00,1.182795758112757056e+00,-9.774375321646840142e-02,0.000000000000000000e+00,1.750556118867647726e-01,-2.412588805915936215e-05,0.000000000000000000e+00
1.380000000000006111e+01,1.645130802995351615e+01,-7.743828059423824683e+00,1.177888279700196605e+00,-9.782491622341625559e-02,0.000000000000000000e+00,1.668834588352048343e-01,-2.415339464443501741e-03,0.000000000000000000e+00
1.385000000000006182e+01,1.650976643953222123e+01,-7.741922106481578858e+00,1.173028973151177823e+00,-9.769715917480786826e-02,0.000000000000000000e+00,1.636911554859601381e-01,-2.173509228288138945e-03,0.000000000000000000e+00
1.390000000000006253e+01,1.656797935432472713e+01,-7.740022164143356420e+00,1.168138527910677738e+00,-9.771950830184636394e-02,0.000000000000000000e+00,1.568460567969776065e-01,-3.078316463815914707e-03,0.000000000000000000e+00
1.395000000000006324e+01,1.662594975218034676e+01,-7.738129702777904129e+00,1.163270769524942239e+00,-9.764664018441882032e-02,0.000000000000000000e+00,1.530373828823563542e-01,-2.624531209625388488e-03,0.000000000000000000e+00
1.400000000000006395e+01,1.668368101527088498e+01,-7.736249122876645679e+00,1.158450924442739005e+00,-9.739669247634771820e-02,0.000000000000000000e+00,1.542237343541472683e-01,-9.958145115593983882e-04,0.000000000000000000e+00
1.405000000000006466e+01,1.674116739558968447e+01,-7.734375374449605545e+00,1.153583282148488154e+00,-9.738792315808131317e-02,0.000000000000000000e+00,1.512910976085075632e-01,-1.377917766059722805e-03,0.000000000000000000e+00
1.410000000000006537e+01,1.679840900339387488e+01,-7.732509259716380257e+00,1.148697529947332097e+00,-9.745334733108901304e-02,0.000000000000000000e+00,1.480516553729858131e-01,-1.630691836217986433e-03,0.000000000000000000e+00
1.415000000000006608e+01,1.685541030743862834e+01,-7.730653938153911220e+00,1.143856895635270821e+00,-9.732521511311603701e-02,0.000000000000000000e+00,1.482389579757104059e-01,-8.006031103152916155e-04,0.000000000000000000e+00
1.420000000000006679e+01,1.691216781877698239e+01,-7.728811391540081566e+00,1.138991695546645033e+00,-9.732097244499571254e-02,0.000000000000000000e+00,1.527001728905723610e-01,8.842463885607421657e-04,0.000000000000000000e+00
1.425000000000006750e+01,1.696867831102970570e+01,-7.726977826471620681e+00,1.134079447534515284e+00,-9.750577000451529641e-02,0.000000000000000000e+00,1.631975325603765015e-01,3.572057501417931491e-03,0.000000000000000000e+00
1.430000000000006821e+01,1.702494919740282597e+01,-7.725149823988656017e+00,1.129238626351314556e+00,-9.736790073641488075e-02,0.000000000000000000e+00,1.689468979296151474e-01,3.499697238577629838e-03,0.000000000000000000e+00
1.435000000000006892e+01,1.708097667790000429e+01,-7.723315879428528596e+00,1.124385304758971138e+00,-9.730760695850530773e-02,0.000000000000000000e+00,1.767249076065731117e-01,4.104193962357037713e-03,0.000000000000000000e+00
1.440000000000006963e+01,1.713676483535729389e+01,-7.721480433742416771e+00,1.119574234605991148e+00,-9.709036617872393582e-02,0.000000000000000000e+00,1.842950763228721200e-01,4.294842764678570568e-03,0.000000000000000000e+00
1.445000000000007034e+01,1.719230877381404810e+01,-7.719632132787539902e+00,1.114725882090987774e+00,-9.706570300299237342e-02,0.000000000000000000e+00,1.849238365917011961e-01,2.360653995674159324e-03,0.000000000000000000e+00
1.450000000000007105e+01,1.724761142731365027e+01,-7.717773583924409486e+00,1.109896849091099647e+00,-9.696869440194613721e-02,0.000000000000000000e+00,1.853276248664412762e-01,1.276493953321374171e-03,0.000000000000000000e+00
1.455000000000007176e+01,1.730267095197299909e+01,-7.715908287037644975e+00,1.105052081111211226e+00,-9.695402744111031312e-02,0.000000000000000000e+00,1.811586912050895393e-01,-6.401338700623747727e-04,0.000000000000000000e+00
1.460000000000007248e+01,1.735748526636484712e+01,-7.714034397204862614e+00,1.100176859532707052e+00,-9.706410826690467508e-02,0.000000000000000000e+00,1.793927104474137835e-01,-8.249477893899019977e-04,0.000000000000000000e+00
1.465000000000007319e+01,1.741206145055148724e+01,-7.712166817996715551e+00,1.095368292242346886e+00,-9.688555577496413274e-02,0.000000000000000000e+00,1.812113419914513912e-01,6.303097158371809934e-05,0.000000000000000000e+00
1.470000000000007390e+01,1.746639145029117302e+01,-7.710295251581845477e+00,1.090494032367630650e+00,-9.700548411883597177e-02,0.000000000000000000e+00,1.734293970841918053e-01,-2.250393738402501741e-03,0.000000000000000000e+00
1.475000000000007461e+01,1.752047967693513897e+01,-7.708427882879502313e+00,1.085643037744587591e+00,-9.700836578724074399e-02,0.000000000000000000e+00,1.695734837972127096e-01,-2.241800933551901104e-03,0.000000000000000000e+00
1.480000000000007532e+01,1.757432900844355217e+01,-7.706567236275063237e+00,1.080834821739665497e+00,-9.683955664948071251e-02,0.000000000000000000e+00,1.631927315927859112e-01,-3.002209959092341611e-03,0.000000000000000000e+00
1.485000000000007603e+01,1.762793691247075145e+01,-7.704713409377198730e+00,1.076013308374730082e+00,-9.675769877932595409e-02,0.000000000000000000e+00,1.561904478692905940e-01,-3.563017896846492824e-03,0.000000000000000000e+00
1.490000000000007674e+01,1.768130549941193763e+01,-7.702868504135001793e+00,1.071210913520299846e+00,-9.661573844118143128e-02,0.000000000000000000e+00,1.487230198836027029e-01,-4.016183911527899594e-03,0.000000000000000000e+00
1.495000000000007745e+01,1.773443212314833417e+01,-7.701039751008951662e+00,1.066381443022615949e+00,-9.661047274368045334e-02,0.000000000000000000e+00,1.545849348774872567e-01,-3.073225493814655141e-04,0.000000000000000000e+00
1.500000000000007816e+01,1.778731743009753785e+01,-7.699221380727196973e+00,1.061551279129362424e+00,-9.660903376795819397e-02,0.000000000000000000e+00,1.544439612375896331e-01,-2.086745171940790149e-04,0.000000000000000000e+00
1.505000000000007887e+01,1.783996085820211874e+01,-7.697411471566669050e+00,1.056714893484924644e+00,-9.663276959211740402e-02,0.000000000000000000e+00,1.533865355547128217e-01,-4.124944025236601400e-04,0.000000000000000000e+00
1.510000000000007958e+01,1.789236366869353390e+01,-7.695613786476767970e+00,1.051889595078680184e+00,-9.660740929867149551e-02,0.000000000000000000e+00,1.602826096830849423e-01,1.814719866957762535e-03,0.000000000000000000e+00
1.515000000000008029e+01,1.794452592443853689e+01,-7.693826878513192469e+00,1.047070081076493242e+00,-9.656398344768468700e-02,0.000000000000000000e+00,1.653418187046344912e-01,2.416927629408397067e-03,0.000000000000000000e+00
1.520000000000008100e+01,1.799644648824111215e+01,-7.692039366031852232e+00,1.042243936199727994e+00,-9.655576626520846750e-02,0.000000000000000000e+00,1.676753374703441324e-01,1.959162944288132466e-03,0.000000000000000000e+00
1.525000000000008171e+01,1.804812989333402129e+01,-7.690253861211158615e+00,1.037468427874862931e+00,-9.634664631162676018e-02,0.000000000000000000e+00,1.718490819165801042e-01,2.219600112866586261e-03,0.000000000000000000e+00
1.530000000000008242e+01,1.809957287973584172e+01,-7.688468247607725736e+00,1.032674974431599280e+00,-9.625113082235575712e-02,0.000000000000000000e+00,1.771255501266972843e-01,2.672308497990471318e-03,0.000000000000000000e+00
1.535000000000008313e+01,1.815077437377041392e+01,-7.686679460166873312e+00,1.027862764897246262e+00,-9.624974279529641130e-02,0.000000000000000000e+00,1.807750667773770914e-01,2.420721792616326550e-03,0.000000000000000000e+00
1.540000000000008384e+01,1.820173629650750868e+01,-7.684886691147456261e+00,1.023066464921270402e+00,-9.618499414014031190e-02,0.000000000000000000e+00,1.824374954095411283e-01,1.668586859346061222e-03,0.000000000000000000e+00
1.545000000000008455e+01,1.825245510730044174e+01,-7.683085363784353028e+00,1.018236049759962070e+00,-9.626965595734530978e-02,0.000000000000000000e+00,1.799112869939207826e-01,8.833123812570229435e-05,0.000000000000000000e+00
1.550000000000008527e+01,1.830293423545702325e+01,-7.681280770459197882e+00,1.013430912030179876e+00,-9.623627568500475737e-02,0.000000000000000000e+00,1.817313897360746111e-01,5.523045180602101714e-04,0.000000000000000000e+00
1.555000000000008598e+01,1.835317326359115953e+01,-7.679481554667996868e+00,1.008627193534297195e+00,-9.620389453153427306e-02,0.000000000000000000e+00,1.841843509656966305e-01,9.657543708115683915e-04,0.000000000000000000e+00
1.560000000000008669e+01,1.840316907244266886e+01,-7.677677348157352810e+00,1.003791110981296697e+00,-9.630744583722913865e-02,0.000000000000000000e+00,1.777347838097789179e-01,-1.375938781566222926e-03,0.000000000000000000e+00
1.565000000000008740e+01,1.845292631988598231e+01,-7.675872203389960013e+00,9.989962202653344114e-01,-9.622551953363217558e-02,0.000000000000000000e+00,1.736878609776280058e-01,-1.862220840502660244e-03,0.000000000000000000e+00
1.570000000000008811e+01,1.850244765432948668e+01,-7.674078544257874057e+00,9.942441736797138496e-01,-9.598860196938772960e-02,0.000000000000000000e+00,1.736359734319297132e-01,-9.819956081902072274e-04,0.000000000000000000e+00
1.575000000000008882e+01,1.855172622854151498e+01,-7.672284700745281683e+00,9.894322294890274261e-01,-9.603865833825560305e-02,0.000000000000000000e+00,1.677524761694408895e-01,-2.193161053641529482e-03,0.000000000000000000e+00
1.580000000000008953e+01,1.860076697188356221e+01,-7.670496689682768654e+00,9.846528258422015956e-01,-9.594854125790752697e-02,0.000000000000000000e+00,1.607089160973176334e-01,-3.171895492728442345e-03,0.000000000000000000e+00
1.585000000000009024e+01,1.864956992538298408e+01,-7.668716236045732160e+00,9.798861757800133576e-01,-9.582543325507869580e-02,0.000000000000000000e+00,1.519367152750916716e-01,-4.216627535918813369e-03,0.000000000000000000e+00
1.590000000000009095e+01,1.869813422212920528e+01,-7.666953990884520564e+00,9.751095886107419286e-01,-9.576669528114839514e-02,0.000000000000000000e+00,1.539382424032549324e-01,-1.570110424196946661e-03,0.000000000000000000e+00
1.595000000000009166e+01,1.874645590978422760e+01,-7.665201898208851006e+00,9.702851363494150450e-01,-9.591116527022597316e-02,0.000000000000000000e+00,1.533909450333510449e-01,-9.325881100278344280e-04,0.000000000000000000e+00
1.600000000000009237e+01,1.879453962945726175e+01,-7.663460749054588739e+00,9.654968570890778423e-01,-9.588204925752932817e-02,0.000000000000000000e+00,1.583239150139137408e-01,9.875157994266034814e-04,0.000000000000000000e+00
1.605000000000009308e+01,1.884238543213168171e+01,-7.661730934456434383e+00,9.607234904597633518e-01,-9.579910592328116925e-02,0.000000000000000000e+00,1.596808046808018133e-01,8.821492763233086763e-04,0.000000000000000000e+00
1.610000000000009379e+01,1.888998934940568830e+01,-7.660006418564502262e+00,9.559111212249232770e-01,-9.588876167798496275e-02,0.000000000000000000e+00,1.627014644385997855e-01,1.385386746056891782e-03,0.000000000000000000e+00
1.615000000000009450e+01,1.893735701577184471e+01,-7.658289662093011430e+00,9.511496473845445498e-01,-9.575690470390260667e-02,0.000000000000000000e+00,1.761083525174056419e-01,4.656104716267282784e-03,0.000000000000000000e+00
1.620000000000009521e+01,1.898448680878158967e+01,-7.656572093293833703e+00,9.463928148723176337e-01,-9.563285381202948909e-02,0.000000000000000000e+00,1.813622717930787331e-01,3.893186460444338776e-03,0.000000000000000000e+00
1.625000000000009592e+01,1.903137596677125032e+01,-7.654846939702106390e+00,9.416077299048150051e-01,-9.564662291963382801e-02,0.000000000000000000e+00,1.822643011262385926e-01,2.263082160148169927e-03,0.000000000000000000e+00
1.630000000000009663e+01,1.907802820978026759e+01,-7.653116617545879130e+00,9.368549395223439991e-01,-9.552845986559083125e-02,0.000000000000000000e+00,1.780932342755576769e-01,-1.261226026595578878e-04,0.000000000000000000e+00
1.635000000000009734e+01,1.912444211945012285e+01,-7.651381299756944365e+00,9.320980386705980392e-01,-9.545037129945624366e-02,0.000000000000000000e+00,1.677374923575616350e-01,-3.183023496575872538e-03,0.000000000000000000e+00
1.640000000000009805e+01,1.917061599986713105e+01,-7.649652624561301018e+00,9.273139573118835965e-01,-9.549662247442250451e-02,0.000000000000000000e+00,1.619283177404344798e-01,-3.316540615723704427e-03,0.000000000000000000e+00
1.645000000000009877e+01,1.921655278270154454e+01,-7.647937238046341513e+00,9.225511823092855668e-01,-9.544839798992985069e-02,0.000000000000000000e+00,1.611353750296782295e-01,-1.918742719818673824e-03,0.000000000000000000e+00
1.650000000000009948e+01,1.926225058125743317e+01,-7.646232966010029664e+00,9.177752821261369043e-01,-9.546231912453825852e-02,0.000000000000000000e+00,1.615460168618909620e-01,-8.491822273150290796e-04,0.000000000000000000e+00
1.655000000000010019e+01,1.930770990480148441e+01,-7.644540978287297506e+00,9.129997176130676406e-01,-9.547211335190738946e-02,0.000000000000000000e+00,1.679256971463694015e-01,1.459670572871738046e-03,0.000000000000000000e+00
1.660000000000010090e+01,1.935293082046712243e+01,-7.642855068044823952e+00,9.082278666161945901e-01,-9.546509466901784147e-02,0.000000000000000000e+00,1.674224061478568615e-01,6.069936045400574527e-04,0.000000000000000000e+00
1.665000000000010161e+01,1.939791397284519903e+01,-7.641175879480054611e+00,9.034649436133973532e-01,-9.542376774640295989e-02,0.000000000000000000e+00,1.654428951727178188e-01,-2.423982059730470009e-04,0.000000000000000000e+00
1.670000000000010232e+01,1.944266186372183469e+01,-7.639505663810790104e+00,8.987345831320572298e-01,-9.526045612248260075e-02,0.000000000000000000e+00,1.718861193258707232e-01,1.779321134693722262e-03,0.000000000000000000e+00
1.675000000000010303e+01,1.948717216285002607e+01,-7.637840807053166259e+00,8.939909246479094129e-01,-9.518299883457709276e-02,0.000000000000000000e+00,1.718113888936372291e-01,8.594036691801814395e-04,0.000000000000000000e+00
1.680000000000010374e+01,1.953144303150396510e+01,-7.636175593971936237e+00,8.892224770026324610e-01,-9.522018964876921565e-02,0.000000000000000000e+00,1.708558620793976246e-01,1.751242195477273550e-04,0.000000000000000000e+00
1.685000000000010445e+01,1.957547870989226979e+01,-7.634514002031859370e+00,8.844931779918043802e-01,-9.509334776232743203e-02,0.000000000000000000e+00,1.725595163999322779e-01,5.606363012145443997e-04,0.000000000000000000e+00
1.690000000000010516e+01,1.961927606008600122e+01,-7.632855686813965868e+00,8.797420785835073920e-01,-9.507907584304964299e-02,0.000000000000000000e+00,1.788706206117893771e-01,2.109755864649624953e-03,0.000000000000000000e+00
1.695000000000010587e+01,1.966283421547950638e+01,-7.631197683502828788e+00,8.749732218528587513e-01,-9.513868759703400513e-02,0.000000000000000000e+00,1.781159960506348838e-01,8.232953746497552678e-04,0.000000000000000000e+00
1.700000000000010658e+01,1.970615396884717541e+01,-7.629537626529492300e+00,8.702078810420188493e-01,-9.517231332098655128e-02,0.000000000000000000e+00,1.743090285893256208e-01,-7.029944532645792700e-04,0.000000000000000000e+00
1.705000000000010729e+01,1.974923749898593073e+01,-7.627880805463607139e+00,8.654676613554630471e-01,-9.509872940301218602e-02,0.000000000000000000e+00,1.728943472792909830e-01,-7.783504931442634077e-04,0.000000000000000000e+00
1.710000000000010800e+01,1.979208365229361632e+01,-7.626231502089124703e+00,8.607216894353495462e-01,-9.506287120286349701e-02,0.000000000000000000e+00,1.736118996285362925e-01,-1.792167654689952642e-04,0.000000000000000000e+00
1.715000000000010871e+01,1.983469209878150963e+01,-7.624588995938724523e+00,8.559697932806922260e-01,-9.505788158091982298e-02,0.000000000000000000e+00,1.730600008577347637e-01,-2.296568390679549934e-04,0.000000000000000000e+00
1.720000000000010942e+01,1.987706416906308604e+01,-7.622951489754521859e+00,8.512323170855919940e-01,-9.499621004513653100e-02,0.000000000000000000e+00,1.734130729577358920e-01,1.061139815188924941e-05,0.000000000000000000e+00
1.725000000000011013e+01,1.991919980233458887e+01,-7.621320229747736263e+00,8.464993048482413185e-01,-9.492901698551166334e-02,0.000000000000000000e+00,1.759773233601835685e-01,7.606293123494457581e-04,0.000000000000000000e+00
1.730000000000011084e+01,1.996109884224814124e+01,-7.619694110510090823e+00,8.417667206932123447e-01,-9.487355020852496212e-02,0.000000000000000000e+00,1.762982930435956774e-01,4.821735083295763144e-04,0.000000000000000000e+00
1.735000000000011156e+01,2.000276048149406805e+01,-7.618068464077866864e+00,8.370268142183170390e-01,-9.485846606640092882e-02,0.000000000000000000e+00,1.729922806164001514e-01,-7.204364837273819063e-04,0.000000000000000000e+00
1.740000000000011227e+01,2.004418639672579161e+01,-7.616446817856290963e+00,8.323024454715429732e-01,-9.478424784021674543e-02,0.000000000000000000e+00,1.684000231956765958e-01,-1.734561997993636214e-03,0.000000000000000000e+00
1.745000000000011298e+01,2.008537595177401158e+01,-7.614833259598349002e+00,8.275747542204586749e-01,-9.473816327651032876e-02,0.000000000000000000e+00,1.743029187878786246e-01,8.310100635989856434e-04,0.000000000000000000e+00
1.750000000000011369e+01,2.012632835852886615e+01,-7.613225906691401867e+00,8.228371620950545307e-01,-9.474089912282458725e-02,0.000000000000000000e+00,1.726856875772107003e-01,-8.361038640025691840e-05,0.000000000000000000e+00
1.755000000000011440e+01,2.016704300590368604e+01,-7.611623178095276998e+00,8.180890350397616029e-01,-9.478522751943112279e-02,0.000000000000000000e+00,1.717731665031934085e-01,-3.023066150080141491e-04,0.000000000000000000e+00
1.760000000000011511e+01,2.020752287236987854e+01,-7.610029420251872345e+00,8.133703591351597595e-01,-9.470288563395201642e-02,0.000000000000000000e+00,1.698044793471353842e-01,-7.507325255296836211e-04,0.000000000000000000e+00
1.765000000000011582e+01,2.024776448087860814e+01,-7.608442424643213187e+00,8.086228157559117724e-01,-9.475248202415330334e-02,0.000000000000000000e+00,1.657909517957332213e-01,-1.531832616781649307e-03,0.000000000000000000e+00
1.770000000000011653e+01,2.028777142882849915e+01,-7.606866544875211744e+00,8.039048031100900493e-01,-9.467403620260927966e-02,0.000000000000000000e+00,1.637852458770030495e-01,-1.342425198689853588e-03,0.000000000000000000e+00
1.775000000000011724e+01,2.032754307700452401e+01,-7.605301918012001394e+00,7.991908736111379419e-01,-9.459494695789559537e-02,0.000000000000000000e+00,1.643705861440478699e-01,-4.887092729274542229e-04,0.000000000000000000e+00
1.780000000000011795e+01,2.036707993017819618e+01,-7.603751746251575128e+00,7.944831251398836169e-01,-9.450695145133351793e-02,0.000000000000000000e+00,1.674065750093713945e-01,6.478698434229443600e-04,0.000000000000000000e+00
1.785000000000011866e+01,2.040638045200206818e+01,-7.602210614066413186e+00,7.897619768186200373e-01,-9.449015444612086922e-02,0.000000000000000000e+00,1.728724568963979635e-01,1.942342670929630977e-03,0.000000000000000000e+00
1.790000000000011937e+01,2.044544445064535054e+01,-7.600673967014418331e+00,7.850353138214448689e-01,-9.449877554559711623e-02,0.000000000000000000e+00,1.740801751499780892e-01,1.343178417144572350e-03,0.000000000000000000e+00
1.795000000000012008e+01,2.048427263923632680e+01,-7.599138368722130110e+00,7.803166305859394747e-01,-9.447375337849901744e-02,0.000000000000000000e+00,1.727313535427850155e-01,2.790122223995555634e-04,0.000000000000000000e+00
1.800000000000012079e+01,2.052286557766016273e+01,-7.597608369309344134e+00,7.756057073135589341e-01,-9.442269579232111243e-02,0.000000000000000000e+00,1.703037297261023042e-01,-5.952155589416420608e-04,0.000000000000000000e+00
1.805000000000012150e+01,2.056122300318527962e+01,-7.596082712361839739e+00,7.708953424196356430e-01,-9.437961620954979369e-02,0.000000000000000000e+00,1.656955150080285932e-01,-1.690770955357987241e-03,0.000000000000000000e+00
1.810000000000012221e+01,2.059934391972885592e+01,-7.594565563936856556e+00,7.661712719208846334e-01,-9.439997496264361521e-02,0.000000000000000000e+00,1.626763892948268619e-01,-1.744965517900651415e-03,0.000000000000000000e+00
1.815000000000012292e+01,2.063722925122078067e+01,-7.593061269729288298e+00,7.614507273014030631e-01,-9.440215844804090983e-02,0.000000000000000000e+00,1.605183123238766996e-01,-1.512916121462080845e-03,0.000000000000000000e+00
1.820000000000012363e+01,2.067488031958544781e+01,-7.591571024296877468e+00,7.567468811854913824e-01,-9.433711122207918964e-02,0.000000000000000000e+00,1.637463477220482133e-01,1.769272297524643496e-04,0.000000000000000000e+00
1.825000000000012434e+01,2.071229480146547886e+01,-7.590091471715188831e+00,7.520234506352793113e-01,-9.436341117851138049e-02,0.000000000000000000e+00,1.642499216296062770e-01,2.399867964412381307e-04,0.000000000000000000e+00
1.830000000000012506e+01,2.074947398812812338e+01,-7.588620953858956852e+00,7.473084576047294147e-01,-9.435070106500843823e-02,0.000000000000000000e+00,1.645905813698451681e-01,2.383593882445097828e-04,0.000000000000000000e+00
1.835000000000012577e+01,2.078641821776388809e+01,-7.587160203956029747e+00,7.426005467446940012e-01,-9.431220429214814960e-02,0.000000000000000000e+00,1.656912548077560388e-01,4.729673937905719012e-04,0.000000000000000000e+00
1.840000000000012648e+01,2.082312852363245170e+01,-7.585708449807322395e+00,7.379082232198226343e-01,-9.421905753320372612e-02,0.000000000000000000e+00,1.674500491593580165e-01,7.740607719870174147e-04,0.000000000000000000e+00
1.845000000000012719e+01,2.085960440618272571e+01,-7.584264150965916329e+00,7.332168762080979452e-01,-9.414063407346147383e-02,0.000000000000000000e+00,1.692356632676501604e-01,9.194310487197973614e-04,0.000000000000000000e+00
1.850000000000012790e+01,2.089584482003731836e+01,-7.582826336836625103e+00,7.285138481291077994e-01,-9.412461957472950669e-02,0.000000000000000000e+00,1.699580223559493675e-01,6.844668841366096301e-04,0.000000000000000000e+00
1.855000000000012861e+01,2.093185024794784610e+01,-7.581393317422912226e+00,7.238127447031410533e-01,-9.410410936365033729e-02,0.000000000000000000e+00,1.684038344828460154e-01,-1.124497622561617077e-04,0.000000000000000000e+00
1.860000000000012932e+01,2.096762037578860216e+01,-7.579964147424708365e+00,7.191091041930193217e-01,-9.409784953140694352e-02,0.000000000000000000e+00,1.714703658116496499e-01,8.422056777900411651e-04,0.000000000000000000e+00
1.865000000000013003e+01,2.100315877027054157e+01,-7.578549277067180512e+00,7.144422273721745542e-01,-9.394578690850437230e-02,0.000000000000000000e+00,1.791526966915331087e-01,2.632551755093573073e-03,0.000000000000000000e+00
1.870000000000013074e+01,2.103845963987714640e+01,-7.577129992715034845e+00,7.097295650676775924e-01,-9.400727874479108959e-02,0.000000000000000000e+00,1.785694279664928885e-01,1.139659394912410396e-03,0.000000000000000000e+00
1.875000000000013145e+01,2.107352518073310321e+01,-7.575711117792221394e+00,7.050226533778030102e-01,-9.403346975533094509e-02,0.000000000000000000e+00,1.754808003235934777e-01,-3.301857692597370570e-04,0.000000000000000000e+00
1.880000000000013216e+01,2.110835774846587043e+01,-7.574296029106593942e+00,7.003446637382059192e-01,-9.393873436265286203e-02,0.000000000000000000e+00,1.734743701022090079e-01,-7.746763342565023266e-04,0.000000000000000000e+00
1.885000000000013287e+01,2.114295488746794405e+01,-7.572888772231470611e+00,6.956468371115605009e-01,-9.394229399670370184e-02,0.000000000000000000e+00,1.705829893537194053e-01,-1.237555673252130036e-03,0.000000000000000000e+00
1.890000000000013358e+01,2.117731787713568892e+01,-7.571491298142698056e+00,6.909554655272729384e-01,-9.391932153451294785e-02,0.000000000000000000e+00,1.700392431804953475e-01,-7.672445455400803832e-04,0.000000000000000000e+00
1.895000000000013429e+01,2.121144819286256933e+01,-7.570106325277221160e+00,6.862830408794310388e-01,-9.382515581897769852e-02,0.000000000000000000e+00,1.705223635250199266e-01,-2.501137547835368281e-04,0.000000000000000000e+00
1.900000000000013500e+01,2.124534329698990831e+01,-7.568731638813190443e+00,6.815888480756446821e-01,-9.383689587032732760e-02,0.000000000000000000e+00,1.703447093298695592e-01,-1.637538504384997216e-04,0.000000000000000000e+00
1.905000000000013571e+01,2.127900454932694885e+01,-7.567366258108703114e+00,6.769027297962284528e-01,-9.381398981392652381e-02,0.000000000000000000e+00,1.702167602720248141e-01,-1.011576015225063051e-04,0.000000000000000000e+00
1.910000000000013642e+01,2.131243283833336477e+01,-7.566010127108562244e+00,6.722305204401555212e-01,-9.374002927543269303e-02,0.000000000000000000e+00,1.706657261930253355e-01,8.775901943076592690e-05,0.000000000000000000e+00
1.915000000000013713e+01,2.134562714582555287e+01,-7.564662520000695167e+00,6.675520201111709850e-01,-9.370602473628403262e-02,0.000000000000000000e+00,1.712294147203508032e-01,2.147134507567090875e-04,0.000000000000000000e+00
1.920000000000013785e+01,2.137858730280000330e+01,-7.563322315180085020e+00,6.628695240519058007e-01,-9.369480402608770797e-02,0.000000000000000000e+00,1.709249366601870435e-01,2.102414575269940015e-05,0.000000000000000000e+00
1.925000000000013856e+01,2.141131399408519087e+01,-7.561988843866446430e+00,6.581939690268758802e-01,-9.365806332098958187e-02,0.000000000000000000e+00,1.713233841065182617e-01,1.288941676097191298e-04,0.000000000000000000e+00
1.930000000000013927e+01,2.144380800138487331e+01,-7.560663158858929478e+00,6.535300513507140696e-01,-9.358212136143864712e-02,0.000000000000000000e+00,1.726467775619919820e-01,4.352180214447990813e-04,0.000000000000000000e+00
1.935000000000013998e+01,2.147606758132073423e+01,-7.559343647049493242e+00,6.488506760333517809e-01,-9.358319835859980895e-02,0.000000000000000000e+00,1.732999908841588166e-01,3.968946061640235556e-04,0.000000000000000000e+00
1.940000000000014069e+01,2.150809328211575178e+01,-7.558030617728261902e+00,6.441715436174987319e-01,-9.358308835029177652e-02,0.000000000000000000e+00,1.731826721777203204e-01,1.520806543812598937e-04,0.000000000000000000e+00
1.945000000000014140e+01,2.153988534456882675e+01,-7.556723432313120270e+00,6.394957140380060912e-01,-9.356978899820372897e-02,0.000000000000000000e+00,1.723798114805834558e-01,-1.754353585118787568e-04,0.000000000000000000e+00
1.950000000000014211e+01,2.157144355496307497e+01,-7.555424209265692248e+00,6.348176015597010169e-01,-9.356828111178301655e-02,0.000000000000000000e+00,1.721171858035930313e-01,-1.695243239963174038e-04,0.000000000000000000e+00
1.955000000000014282e+01,2.160276835299373133e+01,-7.554133404521624406e+00,6.301436237328913448e-01,-9.355053619666484077e-02,0.000000000000000000e+00,1.725092897155855454e-01,2.731667295467670527e-05,0.000000000000000000e+00
1.960000000000014353e+01,2.163385984853138666e+01,-7.552851496886911598e+00,6.254723809047537664e-01,-9.352540026988193089e-02,0.000000000000000000e+00,1.725579248313504621e-01,2.808836740948823584e-05,0.000000000000000000e+00
1.965000000000014424e+01,2.166471767714357455e+01,-7.551579019514237601e+00,6.207975992148551114e-01,-9.351944697549990915e-02,0.000000000000000000e+00,1.736233798091149083e-01,3.379318051722751269e-04,0.000000000000000000e+00
1.970000000000014495e+01,2.169534233425560643e+01,-7.550316539762826906e+00,6.161270616503800035e-01,-9.349770783830009535e-02,0.000000000000000000e+00,1.742793106045503748e-01,3.703462158643305554e-04,0.000000000000000000e+00
1.975000000000014566e+01,2.172573346894218815e+01,-7.549061378776720233e+00,6.114553392639885399e-01,-9.348505581620566995e-02,0.000000000000000000e+00,1.740953044024440288e-01,1.475039044216608006e-04,0.000000000000000000e+00
1.980000000000014637e+01,2.175589148818789198e+01,-7.547815362590995392e+00,6.067871193222593718e-01,-9.346092441988095023e-02,0.000000000000000000e+00,1.746477575613223365e-01,2.460875206126970265e-04,0.000000000000000000e+00
1.985000000000014708e+01,2.178581660021951549e+01,-7.546576078979116531e+00,6.021239937133929798e-01,-9.342124197137006980e-02,0.000000000000000000e+00,1.750324354815777639e-01,2.458200231037145265e-04,0.000000000000000000e+00
1.990000000000014779e+01,2.181550856797092308e+01,-7.545344877931697170e+00,5.974593953258228174e-01,-9.339538712737643911e-02,0.000000000000000000e+00,1.754940235172481877e-01,2.598161367030647284e-04,0.000000000000000000e+00
1.995000000000014850e+01,2.184496747475797207e+01,-7.544121660011394503e+00,5.927952573505603784e-01,-9.337286160295064918e-02,0.000000000000000000e+00,1.765515814810472150e-01,4.415588902423038010e-04,0.000000000000000000e+00
2.000000000000014921e+01,2.187419293922043906e+01,-7.542903833053365759e+00,5.881280259995647075e-01,-9.336721468634294474e-02,0.000000000000000000e+00,1.757315097291662909e-01,-2.822119120820404132e-05,0.000000000000000000e+00
2.005000000000014992e+01,2.190318518649535307e+01,-7.541692604697544766e+00,5.834616591051259293e-01,-9.335923932682921311e-02,0.000000000000000000e+00,1.746931117497423358e-01,-3.258136656873518054e-04,0.000000000000000000e+00
2.010000000000015064e+01,2.193194517433709478e+01,-7.540487612694168895e+00,5.788073071298184269e-01,-9.330479936269311936e-02,0.000000000000000000e+00,1.735203350392380273e-01,-5.235333197027816805e-04,0.000000000000000000e+00
2.015000000000015135e+01,2.196047224957905186e+01,-7.539290612884720133e+00,5.741490511083140458e-01,-9.327686357617176460e-02,0.000000000000000000e+00,1.720060533317271378e-01,-7.252786818961326487e-04,0.000000000000000000e+00
2.020000000000015206e+01,2.198876643421175814e+01,-7.538102521527468625e+00,5.694890368838486649e-01,-9.326154775879867687e-02,0.000000000000000000e+00,1.702270448978735473e-01,-9.027139321548302954e-04,0.000000000000000000e+00
2.025000000000015277e+01,2.201682799142500357e+01,-7.536925001859839490e+00,5.648306376554133035e-01,-9.324283512078013203e-02,0.000000000000000000e+00,1.695730127587049552e-01,-6.526077511607396558e-04,0.000000000000000000e+00
2.030000000000015348e+01,2.204465703176965263e+01,-7.535758352352033285e+00,5.601740602061976437e-01,-9.322057789348647816e-02,0.000000000000000000e+00,1.691924167366680720e-01,-4.424126289143424711e-04,0.000000000000000000e+00
2.035000000000015419e+01,2.207225320324831586e+01,-7.534602032383671322e+00,5.555142633459717594e-01,-9.321564975569246458e-02,0.000000000000000000e+00,1.689361926619508125e-01,-2.969765229150490003e-04,0.000000000000000000e+00
2.040000000000015490e+01,2.209961664893536692e+01,-7.533458022130281151e+00,5.508539008840619422e-01,-9.321396965219297392e-02,0.000000000000000000e+00,1.694504697463425913e-01,9.391193797392798212e-06,0.000000000000000000e+00
2.045000000000015561e+01,2.212674683018801502e+01,-7.532321862639119736e+00,5.461890913423775862e-01,-9.323041388849154232e-02,0.000000000000000000e+00,1.704128666167985529e-01,2.932676789969762077e-04,0.000000000000000000e+00
2.050000000000015632e+01,2.215364688445438190e+01,-7.531201309509230057e+00,5.415562375779087168e-01,-9.311574616866845344e-02,0.000000000000000000e+00,1.761738513953270413e-01,1.821429604847364528e-03,0.000000000000000000e+00
2.055000000000015703e+01,2.218031227237749547e+01,-7.530083727735451760e+00,5.368880638358763946e-01,-9.316529190306378772e-02,0.000000000000000000e+00,1.790836670992117519e-01,1.797473783291931703e-03,0.000000000000000000e+00
2.060000000000015774e+01,2.220674558248488850e+01,-7.528969857005326283e+00,5.322364500173570878e-01,-9.313868879652799360e-02,0.000000000000000000e+00,1.800199708337419935e-01,1.197480569286803794e-03,0.000000000000000000e+00
2.065000000000015845e+01,2.223294712124020833e+01,-7.527862220419441641e+00,5.275938632723931043e-01,-9.308129801707806794e-02,0.000000000000000000e+00,1.778283213019564712e-01,-4.487135546266422456e-05,0.000000000000000000e+00
2.070000000000015916e+01,2.225891559021485477e+01,-7.526761542224886803e+00,5.229389621325850612e-01,-9.308464297289437139e-02,0.000000000000000000e+00,1.746418642818774458e-01,-9.493550134264171301e-04,0.000000000000000000e+00
2.075000000000015987e+01,2.228465201973480347e+01,-7.525670064731256659e+00,5.182903514703403047e-01,-9.306215702729425665e-02,0.000000000000000000e+00,1.716592050061374053e-01,-1.347776245247765204e-03,0.000000000000000000e+00
2.080000000000016058e+01,2.231015701770648008e+01,-7.524589080622940962e+00,5.136508864931070839e-01,-9.300758553076803048e-02,0.000000000000000000e+00,1.707804883958878861e-01,-9.420382057580924985e-04,0.000000000000000000e+00
2.085000000000016129e+01,2.233542921836195916e+01,-7.523518539530011928e+00,5.089987321294847655e-01,-9.301468587910344255e-02,0.000000000000000000e+00,1.694349745203229674e-01,-8.750484201448397240e-04,0.000000000000000000e+00
2.090000000000016200e+01,2.236046918303442155e+01,-7.522459142474156479e+00,5.043478760904154257e-01,-9.301517285955984704e-02,0.000000000000000000e+00,1.686460101280253809e-01,-6.737398557563401610e-04,0.000000000000000000e+00
2.095000000000016271e+01,2.238527751769692742e+01,-7.521409640521912188e+00,4.997054388477112363e-01,-9.298188725846437408e-02,0.000000000000000000e+00,1.679576227916790288e-01,-5.525293244514571916e-04,0.000000000000000000e+00
2.100000000000016342e+01,2.240985378912922954e+01,-7.520371460162388999e+00,4.950604520088415228e-01,-9.296545716225008971e-02,0.000000000000000000e+00,1.689939446523780475e-01,1.875873504870279821e-05,0.000000000000000000e+00
2.105000000000016414e+01,2.243419782213331359e+01,-7.519343431790568744e+00,4.904129375808871094e-01,-9.296242344161746718e-02,0.000000000000000000e+00,1.687316135908556447e-01,-7.789417718395747110e-05,0.000000000000000000e+00
2.110000000000016485e+01,2.245830946180446830e+01,-7.518324361522671140e+00,4.857631597485433383e-01,-9.296905008266879988e-02,0.000000000000000000e+00,1.684162321142110841e-01,-1.310696830769954540e-04,0.000000000000000000e+00
2.115000000000016556e+01,2.248218989509412680e+01,-7.517315746982200508e+00,4.811259486967083276e-01,-9.292408427347481625e-02,0.000000000000000000e+00,1.677716154914055124e-01,-2.617870087293391705e-04,0.000000000000000000e+00
2.120000000000016627e+01,2.250583871528133528e+01,-7.516317662586098791e+00,4.764888506334306051e-01,-9.288765967189048511e-02,0.000000000000000000e+00,1.703537661132630276e-01,6.306608219453905574e-04,0.000000000000000000e+00
2.125000000000016698e+01,2.252925666997301235e+01,-7.515331003239912988e+00,4.718603104398566561e-01,-9.282428851180792029e-02,0.000000000000000000e+00,1.733190924546832434e-01,1.168471743950593106e-03,0.000000000000000000e+00
2.130000000000016769e+01,2.255244165228573294e+01,-7.514350985892088275e+00,4.672123500038688482e-01,-9.285127255339731267e-02,0.000000000000000000e+00,1.778076311529783737e-01,1.917113381003541020e-03,0.000000000000000000e+00
2.135000000000016840e+01,2.257539522896179918e+01,-7.513379687835469944e+00,4.625743579609192246e-01,-9.283298621451607779e-02,0.000000000000000000e+00,1.845390422963149035e-01,2.925917989260295310e-03,0.000000000000000000e+00
2.140000000000016911e+01,2.259811698903062194e+01,-7.512411319551324240e+00,4.579383744330559614e-01,-9.281032308306565171e-02,0.000000000000000000e+00,1.849025112351307953e-01,1.577121558931142377e-03,0.000000000000000000e+00
2.145000000000016982e+01,2.262060644149432420e+01,-7.511445648001530806e+00,4.532974566368809244e-01,-9.281192965115241111e-02,0.000000000000000000e+00,1.823495139049065017e-01,6.145784543073714093e-05,0.000000000000000000e+00
2.150000000000017053e+01,2.264286522102310073e+01,-7.510486328501758457e+00,4.486722935760592001e-01,-9.275019596420856771e-02,0.000000000000000000e+00,1.806319334965813539e-01,-4.735602869641326179e-04,0.000000000000000000e+00
2.155000000000017124e+01,2.266489349921398144e+01,-7.509537956805208303e+00,4.440531221834309594e-01,-9.267684234187956172e-02,0.000000000000000000e+00,1.811417475959897772e-01,-1.000416766845421267e-04,0.000000000000000000e+00
2.160000000000017195e+01,2.268668855208868962e+01,-7.508596124160916929e+00,4.394059674301183382e-01,-9.273009288675387873e-02,0.000000000000000000e+00,1.784020679103326401e-01,-8.405742967467656887e-04,0.000000000000000000e+00
2.165000000000017266e+01,2.270825252806212546e+01,-7.507663137340252035e+00,4.347721870008391942e-01,-9.271919602651941539e-02,0.000000000000000000e+00,1.758909364414069643e-01,-1.146571368518925970e-03,0.000000000000000000e+00
2.170000000000017337e+01,2.272958572998708604e+01,-7.506740281532179537e+00,4.301467175937424559e-01,-9.267723444960222767e-02,0.000000000000000000e+00,1.761795614852665892e-01,-4.939865556399140401e-04,0.000000000000000000e+00
2.175000000000017408e+01,2.275068900963312402e+01,-7.505832168924390757e+00,4.255324061664187418e-01,-9.259903326897638010e-02,0.000000000000000000e+00,1.801716598439728756e-01,9.008761958727753549e-04,0.000000000000000000e+00
2.180000000000017479e+01,2.277155911093048246e+01,-7.504928154323168954e+00,4.208890194001734253e-01,-9.265277368016211490e-02,0.000000000000000000e+00,1.788919524569392294e-01,8.466444291436688637e-05,0.000000000000000000e+00
2.185000000000017550e+01,2.279219829339196579e+01,-7.504030818916232803e+00,4.162597707297014393e-01,-9.263921362601737486e-02,0.000000000000000000e+00,1.760465803411310759e-01,-7.889014808519080428e-04,0.000000000000000000e+00
2.190000000000017621e+01,2.281260726973328445e+01,-7.503143053104466276e+00,4.116432154567748469e-01,-9.257759199252001137e-02,0.000000000000000000e+00,1.731781096472184700e-01,-1.253315820363537156e-03,0.000000000000000000e+00
2.195000000000017693e+01,2.283278462263300312e+01,-7.502266068353338646e+00,4.070141156936364357e-01,-9.257847264656939024e-02,0.000000000000000000e+00,1.701850698906390846e-01,-1.509264329628644003e-03,0.000000000000000000e+00
2.200000000000017764e+01,2.285273138696745576e+01,-7.501401283572825207e+00,4.023916675889804284e-01,-9.255257053587928606e-02,0.000000000000000000e+00,1.672870966702557638e-01,-1.614446506063106634e-03,0.000000000000000000e+00
2.205000000000017835e+01,2.287244747829263147e+01,-7.500549181238815422e+00,3.977706199977726342e-01,-9.252624679353434189e-02,0.000000000000000000e+00,1.660365810829542710e-01,-1.183807852881729695e-03,0.000000000000000000e+00
2.210000000000017906e+01,2.289193267526412257e+01,-7.499709641739618071e+00,3.931475465410924075e-01,-9.251329126154811400e-02,0.000000000000000000e+00,1.723222178714252095e-01,1.247325842733380992e-03,0.000000000000000000e+00
2.215000000000017977e+01,2.291118926044924464e+01,-7.498883018589576288e+00,3.885508583847807618e-01,-9.239738563448481046e-02,0.000000000000000000e+00,1.781737382630801392e-01,2.299415957358193121e-03,0.000000000000000000e+00
2.220000000000018048e+01,2.293021217040541870e+01,-7.498057779172254023e+00,3.839099626010503696e-01,-9.248149164250915599e-02,0.000000000000000000e+00,1.782445926706301975e-01,1.184790491534086672e-03,0.000000000000000000e+00
2.225000000000018119e+01,2.294900527157358994e+01,-7.497238391094478871e+00,3.792954525817282541e-01,-9.244323339129552342e-02,0.000000000000000000e+00,1.768098498097048221e-01,1.702357803313392847e-04,0.000000000000000000e+00
2.230000000000018190e+01,2.296756860524110166e+01,-7.496427412801757839e+00,3.746906598678879652e-01,-9.237375756839731611e-02,0.000000000000000000e+00,1.751403131396545021e-01,-4.214760880581727340e-04,0.000000000000000000e+00
2.235000000000018261e+01,2.298590053461217764e+01,-7.495626175367225308e+00,3.700694353420036498e-01,-9.238390415825485646e-02,0.000000000000000000e+00,1.733171133327386926e-01,-7.429104997799343977e-04,0.000000000000000000e+00
2.240000000000018332e+01,2.300400231496989889e+01,-7.494835981757963950e+00,3.654560054259722857e-01,-9.236084299072908066e-02,0.000000000000000000e+00,1.717482906946239396e-01,-8.326608699448245516e-04,0.000000000000000000e+00
2.245000000000018403e+01,2.302187418931966789e+01,-7.494057699096316583e+00,3.608481535303631471e-01,-9.232008197501956337e-02,0.000000000000000000e+00,1.695620831716837529e-01,-1.063418644485856178e-03,0.000000000000000000e+00
2.250000000000018474e+01,2.303951614634201661e+01,-7.493291879510751485e+00,3.562421125472102768e-01,-9.228022951262687679e-02,0.000000000000000000e+00,1.668184816681499427e-01,-1.346017568428392163e-03,0.000000000000000000e+00
2.255000000000018545e+01,2.305692724473363597e+01,-7.492539083794540034e+00,3.516252249573251221e-01,-9.229173396964185372e-02,0.000000000000000000e+00,1.687440310916601405e-01,-1.012870021381163249e-04,0.000000000000000000e+00
2.260000000000018616e+01,2.307410976534125524e+01,-7.491802313023069537e+00,3.470298065219533656e-01,-9.221506091720024778e-02,0.000000000000000000e+00,1.768760227705854504e-01,2.317075720370407894e-03,0.000000000000000000e+00
2.265000000000018687e+01,2.309106160914553740e+01,-7.491070437581418773e+00,3.424235471828075972e-01,-9.219708609034300839e-02,0.000000000000000000e+00,1.793633364701019417e-01,1.892699545528018449e-03,0.000000000000000000e+00
2.270000000000018758e+01,2.310778263327782511e+01,-7.490343587744582976e+00,3.378111965940940320e-01,-9.220707122712840098e-02,0.000000000000000000e+00,1.795985835987066181e-01,1.036196449636561786e-03,0.000000000000000000e+00
2.275000000000018829e+01,2.312427500722062135e+01,-7.489623995050220806e+00,3.332212594254834737e-01,-9.212540565614468768e-02,0.000000000000000000e+00,1.792547571187661504e-01,4.124368879459467709e-04,0.000000000000000000e+00
2.280000000000018900e+01,2.314053716848325593e+01,-7.488912424592305328e+00,3.286211633383240294e-01,-9.210070887355326086e-02,0.000000000000000000e+00,1.784609347768677523e-01,-2.543779544941689999e-05,0.000000000000000000e+00
2.285000000000018971e+01,2.315656929889678395e+01,-7.488209749262483506e+00,3.240187286822139856e-01,-9.209030572328252839e-02,0.000000000000000000e+00,1.774077694633522384e-01,-3.179228431756903972e-04,0.000000000000000000e+00
2.290000000000019043e+01,2.317237152697001079e+01,-7.487516570440531538e+00,3.194165829781423493e-01,-9.208082739491230129e-02,0.000000000000000000e+00,1.760721479091689190e-01,-5.520858581994198509e-04,0.000000000000000000e+00
2.295000000000019114e+01,2.318794077146591803e+01,-7.486834800570733250e+00,3.147766086677492581e-01,-9.222455915750193967e-02,0.000000000000000000e+00,1.744179099126101917e-01,-7.605029016370690740e-04,0.000000000000000000e+00
2.300000000000019185e+01,2.320327775918028834e+01,-7.486165055520494604e+00,3.101298935098414367e-01,-9.236650795763257094e-02,0.000000000000000000e+00,1.740533481191732790e-01,-4.952846806041571494e-04,0.000000000000000000e+00
2.305000000000019256e+01,2.321838213493105130e+01,-7.485508374077435967e+00,3.054756867690963107e-01,-9.251003332908630528e-02,0.000000000000000000e+00,1.785714382663030619e-01,1.060741576213947461e-03,0.000000000000000000e+00
2.310000000000019327e+01,2.323325435690892249e+01,-7.484859681261911035e+00,3.008266250674927478e-01,-9.260427346968302942e-02,0.000000000000000000e+00,1.796299038703761397e-01,8.278705755312668231e-04,0.000000000000000000e+00
2.315000000000019398e+01,2.324789395895628985e+01,-7.484217961136188535e+00,2.961745717315580895e-01,-9.269163211948479308e-02,0.000000000000000000e+00,1.790815420412723569e-01,2.494718600168492097e-04,0.000000000000000000e+00
2.320000000000019469e+01,2.326230215296538262e+01,-7.483585090003690432e+00,2.915348673249714695e-01,-9.271212332193405625e-02,0.000000000000000000e+00,1.783662479929972733e-01,-1.033024394682355599e-04,0.000000000000000000e+00
2.325000000000019540e+01,2.327647846617569272e+01,-7.482961532456376297e+00,2.868941923083045409e-01,-9.273239872421469576e-02,0.000000000000000000e+00,1.773995220378470350e-01,-3.548399078140782189e-04,0.000000000000000000e+00
2.330000000000019611e+01,2.329042315661612861e+01,-7.482347897363919920e+00,2.822559017488072142e-01,-9.273908121736079702e-02,0.000000000000000000e+00,1.763444683831210114e-01,-5.033871760525296477e-04,0.000000000000000000e+00
2.335000000000019682e+01,2.330413680018707367e+01,-7.481744773777419866e+00,2.776251582927689032e-01,-9.271423879804162327e-02,0.000000000000000000e+00,1.754307343538528130e-01,-5.436652872703634553e-04,0.000000000000000000e+00
2.340000000000019753e+01,2.331761943516803015e+01,-7.481152417827570567e+00,2.729977578092705470e-01,-9.268099297242646251e-02,0.000000000000000000e+00,1.747311230291916928e-01,-5.002767285239998266e-04,0.000000000000000000e+00
2.345000000000019824e+01,2.333087126966621128e+01,-7.480572266031416007e+00,2.683734383486862107e-01,-9.264207222027825983e-02,0.000000000000000000e+00,1.825071988194437722e-01,1.983904126803806046e-03,0.000000000000000000e+00
2.350000000000019895e+01,2.334389432060180525e+01,-7.479998921842212489e+00,2.637773694433729887e-01,-9.249793339747523768e-02,0.000000000000000000e+00,1.845072530579319192e-01,1.523958114518280229e-03,0.000000000000000000e+00
2.355000000000019966e+01,2.335668585024121313e+01,-7.479429113737330326e+00,2.591615254548349512e-01,-9.246172267213208229e-02,0.000000000000000000e+00,1.829344677310693612e-01,2.858885483757647576e-04,0.000000000000000000e+00
2.360000000000020037e+01,2.336924925741767112e+01,-7.478867816521466594e+00,2.545758843429716256e-01,-9.231194258515870721e-02,0.000000000000000000e+00,1.809242032805062905e-01,-4.861537008377572050e-04,0.000000000000000000e+00
2.365000000000020108e+01,2.338158378657239567e+01,-7.478316698323142830e+00,2.499923773453330833e-01,-9.218358205868087962e-02,0.000000000000000000e+00,1.789039611863749712e-01,-8.777542861021080545e-04,0.000000000000000000e+00
2.370000000000020179e+01,2.339368948410129079e+01,-7.477776836677551664e+00,2.454097026478314070e-01,-9.207756443695114257e-02,0.000000000000000000e+00,1.770683017655123592e-01,-1.008862462031952754e-03,0.000000000000000000e+00
2.375000000000020250e+01,2.340556773715278638e+01,-7.477249101687266197e+00,2.408435278049506356e-01,-9.192675092108373858e-02,0.000000000000000000e+00,1.761130100070396054e-01,-8.279349031769685490e-04,0.000000000000000000e+00
2.380000000000020322e+01,2.341721885961400318e+01,-7.476733777860600227e+00,2.362875693404297706e-01,-9.176523459495020130e-02,0.000000000000000000e+00,1.765236828169687300e-01,-3.449280273366711093e-04,0.000000000000000000e+00
2.385000000000020393e+01,2.342864299884768897e+01,-7.476229658318169768e+00,2.317381071168597151e-01,-9.161003657024013869e-02,0.000000000000000000e+00,1.776835154773674930e-01,1.147395933795920310e-04,0.000000000000000000e+00
2.390000000000020464e+01,2.343984156816039999e+01,-7.475736696783738644e+00,2.272082136047781642e-01,-9.140760330451805360e-02,0.000000000000000000e+00,1.811316586299316356e-01,9.929392173573506255e-04,0.000000000000000000e+00
2.395000000000020535e+01,2.345081446256181579e+01,-7.475251273844561339e+00,2.226868013432190541e-01,-9.121173168985063917e-02,0.000000000000000000e+00,1.815561760103401312e-01,5.571527919811646717e-04,0.000000000000000000e+00
2.400000000000020606e+01,2.346156213605038232e+01,-7.474774303231855654e+00,2.181737455333105924e-01,-9.102160859151410544e-02,0.000000000000000000e+00,1.810611381037334766e-01,7.937757656860963771e-05,0.000000000000000000e+00
2.405000000000020677e+01,2.347208596446714779e+01,-7.474307259954694693e+00,2.136797414309752341e-01,-9.079330328255247329e-02,0.000000000000000000e+00,1.807076995458594126e-01,-1.424860151023112380e-04,0.000000000000000000e+00
2.410000000000020748e+01,2.348238337041517099e+01,-7.473851510886535543e+00,2.091617345418760321e-01,-9.070667018243852575e-02,0.000000000000000000e+00,1.806987721619028875e-01,-1.648691657450410608e-04,0.000000000000000000e+00
2.415000000000020819e+01,2.349245362540500537e+01,-7.473406952698854688e+00,2.046254483463968987e-01,-9.071048092786709871e-02,0.000000000000000000e+00,1.809284780098732170e-01,-8.563703634020549641e-05,0.000000000000000000e+00
2.420000000000020890e+01,2.350229973375955694e+01,-7.472973163843036559e+00,2.001180923336838280e-01,-9.059780879314571767e-02,0.000000000000000000e+00,1.814546577216544776e-01,2.060249602582354809e-05,0.000000000000000000e+00
2.425000000000020961e+01,2.351192216594149542e+01,-7.472549833782157869e+00,1.956281134850865189e-01,-9.043816242890556634e-02,0.000000000000000000e+00,1.822051902722350292e-01,1.259184501412682368e-04,0.000000000000000000e+00
2.430000000000021032e+01,2.352132181706796388e+01,-7.472136600748203072e+00,1.911560072491690077e-01,-9.023895488679424537e-02,0.000000000000000000e+00,1.830105028872015538e-01,1.937685729792572266e-04,0.000000000000000000e+00
2.435000000000021103e+01,2.353050048090152302e+01,-7.471733194009148704e+00,1.867126972232596716e-01,-8.996440401307249923e-02,0.000000000000000000e+00,1.838169525786517156e-01,2.134488242991625713e-04,0.000000000000000000e+00
2.440000000000021174e+01,2.353945934229706438e+01,-7.471339513582779368e+00,1.822951630862614247e-01,-8.964165975845074519e-02,0.000000000000000000e+00,1.846351794915754851e-01,2.148516485191102735e-04,0.000000000000000000e+00
2.445000000000021245e+01,2.354819976002650250e+01,-7.470955448106908037e+00,1.779042874416383868e-01,-8.927683038525249803e-02,0.000000000000000000e+00,1.854457082303211379e-01,2.038992424747052522e-04,0.000000000000000000e+00
2.450000000000021316e+01,2.355672334198413154e+01,-7.470580909307955153e+00,1.735433977902148817e-01,-8.886502291389576647e-02,0.000000000000000000e+00,1.862731386379703480e-01,1.892647962723722262e-04,0.000000000000000000e+00
2.455000000000021387e+01,2.356503200721050817e+01,-7.470215812595483840e+00,1.692175534222507272e-01,-8.839539580297298138e-02,0.000000000000000000e+00,1.871704240400244856e-01,1.887200831555379795e-04,0.000000000000000000e+00
2.460000000000021458e+01,2.357312758923466944e+01,-7.469859972834230533e+00,1.649278058426384141e-01,-8.787530696082740400e-02,0.000000000000000000e+00,1.880616732863025220e-01,1.712585507513444385e-04,0.000000000000000000e+00
2.465000000000021529e+01,2.358101253078639559e+01,-7.469514103589285803e+00,1.606814058996805517e-01,-8.728584534049313448e-02,0.000000000000000000e+00,1.931729761900005116e-01,1.315287778064530826e-03,0.000000000000000000e+00
2.470000000000021600e+01,2.358868847861343099e+01,-7.469175063327992525e+00,1.564737446739124516e-01,-8.665932117546668034e-02,0.000000000000000000e+00,1.950204605720848861e-01,9.481771891465713697e-04,0.000000000000000000e+00
2.475000000000021672e+01,2.359615660290410943e+01,-7.468842192390249934e+00,1.522959676853445632e-01,-8.603856489464466184e-02,0.000000000000000000e+00,1.954992140343492224e-01,3.900923077446588356e-04,0.000000000000000000e+00
2.480000000000021743e+01,2.360342095326026168e+01,-7.468517959414244345e+00,1.481773783545560219e-01,-8.530520923886966700e-02,0.000000000000000000e+00,1.957365834192135168e-01,1.329985500231708377e-05,0.000000000000000000e+00
2.485000000000021814e+01,2.361048329200089668e+01,-7.468202611344901598e+00,1.441034598327526339e-01,-8.453984147830906348e-02,0.000000000000000000e+00,1.959140169283681843e-01,-2.050959436295639738e-04,0.000000000000000000e+00
2.490000000000021885e+01,2.361734648958579896e+01,-7.467896503793260088e+00,1.400816315606268070e-01,-8.371918627115033928e-02,0.000000000000000000e+00,1.961742910732349188e-01,-3.042230818261856969e-04,0.000000000000000000e+00
2.495000000000021956e+01,2.362401340513040537e+01,-7.467599769415826927e+00,1.361148436536842310e-01,-8.284250064469035613e-02,0.000000000000000000e+00,1.966739224991371771e-01,-3.122509219230389143e-04,0.000000000000000000e+00
2.500000000000022027e+01,2.363048680864134354e+01,-7.467312347087839086e+00,1.322033122079384060e-01,-8.192012629873536567e-02,0.000000000000000000e+00,1.975279881515188407e-01,-2.379381122977736846e-04,0.000000000000000000e+00
2.505000000000022098e+01,2.363676971040311514e+01,-7.467033839797887929e+00,1.283501836674010022e-01,-8.094861520113769138e-02,0.000000000000000000e+00,1.986233704819770907e-01,-1.598186910886078833e-04,0.000000000000000000e+00
2.510000000000022169e+01,2.364286526882870731e+01,-7.466763957756024084e+00,1.245584343322384130e-01,-7.992588950156029326e-02,0.000000000000000000e+00,1.998894453395774207e-01,-9.652873510961098159e-05,0.000000000000000000e+00
2.515000000000022240e+01,2.364877678616402079e+01,-7.466502498416282663e+00,1.208309323386255185e-01,-7.885071957569961265e-02,0.000000000000000000e+00,2.013369600967340745e-01,-4.143548550092683390e-05,0.000000000000000000e+00
2.520000000000022311e+01,2.365450747533167686e+01,-7.466249215005724693e+00,1.171677778046942009e-01,-7.773319379628475245e-02,0.000000000000000000e+00,2.029432084232123401e-01,1.707400613817122893e-06,0.000000000000000000e+00
2.525000000000022382e+01,2.366006071004981948e+01,-7.466003894967305321e+00,1.135709200776620909e-01,-7.657398594515603396e-02,0.000000000000000000e+00,2.046880983223431372e-01,3.377565573373158349e-05,0.000000000000000000e+00
2.530000000000022453e+01,2.366544026892440655e+01,-7.465766324784222085e+00,1.100459931965725724e-01,-7.535889628048270117e-02,0.000000000000000000e+00,2.065576698623123875e-01,5.656991027298275668e-05,0.000000000000000000e+00
2.535000000000022524e+01,2.367064968113572121e+01,-7.465536305493682967e+00,1.065922529647952977e-01,-7.410207795149506560e-02,0.000000000000000000e+00,2.085554250258185860e-01,7.150195900932851140e-05,0.000000000000000000e+00
2.540000000000022595e+01,2.367569258395239018e+01,-7.465313686536179105e+00,1.032106718538894075e-01,-7.280798680481942453e-02,0.000000000000000000e+00,2.106803158965044886e-01,8.492093341490627425e-05,0.000000000000000000e+00
2.545000000000022666e+01,2.368057274973574877e+01,-7.465098277983338804e+00,9.990327918649044570e-02,-7.147596011345119793e-02,0.000000000000000000e+00,2.129346546159673892e-01,9.504653487359731516e-05,0.000000000000000000e+00
2.550000000000022737e+01,2.368529408461678543e+01,-7.464889897194403545e+00,9.667248652939476605e-02,-7.010393871914349928e-02,0.000000000000000000e+00,2.153092888606149558e-01,1.007019200331848606e-04,0.000000000000000000e+00
2.555000000000022808e+01,2.368986028875944427e+01,-7.464688392714347920e+00,9.351677280594117292e-02,-6.870600586912899155e-02,0.000000000000000000e+00,2.178104571590857574e-01,1.075343022049744552e-04,0.000000000000000000e+00
2.560000000000022879e+01,2.369427528065320487e+01,-7.464493589498674808e+00,9.043815943490340903e-02,-6.727925817945407116e-02,0.000000000000000000e+00,2.204495942396658137e-01,1.138831423281071387e-04,0.000000000000000000e+00
2.565000000000022951e+01,2.369854301174281375e+01,-7.464305306776931381e+00,8.743785307114415595e-02,-6.582463199860009995e-02,0.000000000000000000e+00,2.232200281596838920e-01,1.185958328121253724e-04,0.000000000000000000e+00
2.570000000000023022e+01,2.370266710220469619e+01,-7.464123413366462678e+00,8.451233880568559398e-02,-6.436176266071416685e-02,0.000000000000000000e+00,2.261264165916951896e-01,1.255756069584652076e-04,0.000000000000000000e+00
2.575000000000023093e+01,2.370665176547470310e+01,-7.463947695349221867e+00,8.166736663001020191e-02,-6.286929883127273522e-02,0.000000000000000000e+00,2.291640278678430676e-01,1.311318100739195804e-04,0.000000000000000000e+00
2.580000000000023164e+01,2.371050063539783181e+01,-7.463777999703454569e+00,7.889825600966642039e-02,-6.137188154639315607e-02,0.000000000000000000e+00,2.323445887300277235e-01,1.366171147295970080e-04,0.000000000000000000e+00
2.585000000000023235e+01,2.371421746452855928e+01,-7.463614168032853158e+00,7.620456066587785737e-02,-5.987228661226862841e-02,0.000000000000000000e+00,2.356548298129030883e-01,1.417959805745485952e-04,0.000000000000000000e+00
2.590000000000023306e+01,2.371780649540808383e+01,-7.463456000466804241e+00,7.359199819544130772e-02,-5.834807917156095702e-02,0.000000000000000000e+00,2.390940586564394010e-01,1.457415679272529275e-04,0.000000000000000000e+00
2.595000000000023377e+01,2.372127106386015427e+01,-7.463303361795998292e+00,7.105195138185320392e-02,-5.683865059160103650e-02,0.000000000000000000e+00,2.426704515241482341e-01,1.507375862851629590e-04,0.000000000000000000e+00
2.600000000000023448e+01,2.372461506426397904e+01,-7.463156065785000237e+00,6.858769645477949539e-02,-5.532794018157552451e-02,0.000000000000000000e+00,2.463737086877628713e-01,1.538454326239244792e-04,0.000000000000000000e+00
2.605000000000023519e+01,2.372784237850986955e+01,-7.463013958245257484e+00,6.620037729412586724e-02,-5.381162878787479342e-02,0.000000000000000000e+00,2.502197838012047981e-01,1.586074873919152194e-04,0.000000000000000000e+00
2.610000000000023590e+01,2.373095616059401181e+01,-7.462876892448724320e+00,6.388172119456420051e-02,-5.232392742854637124e-02,0.000000000000000000e+00,2.541872724693927665e-01,1.636209479840233208e-04,0.000000000000000000e+00
2.615000000000023661e+01,2.373396019353801734e+01,-7.462744686954307483e+00,6.163597844662778436e-02,-5.084211293458264225e-02,0.000000000000000000e+00,2.582855084632376119e-01,1.667976982211915530e-04,0.000000000000000000e+00
2.620000000000023732e+01,2.373685800954352487e+01,-7.462617191682786810e+00,5.946182565084754540e-02,-4.937030153078694750e-02,0.000000000000000000e+00,2.624988210135175137e-01,1.689304329671534191e-04,0.000000000000000000e+00
2.625000000000023803e+01,2.373965277526551887e+01,-7.462494274458532750e+00,5.735434167532459104e-02,-4.792617712672125885e-02,0.000000000000000000e+00,2.668399106321803771e-01,1.718576627827102027e-04,0.000000000000000000e+00
2.630000000000023874e+01,2.374234803100189239e+01,-7.462375756582818376e+00,5.531606202377791631e-02,-4.649406030756358943e-02,0.000000000000000000e+00,2.712945251808296376e-01,1.737193215911579680e-04,0.000000000000000000e+00
2.635000000000023945e+01,2.374494691496004606e+01,-7.462261514653773631e+00,5.334315125857748419e-02,-4.508689130685249180e-02,0.000000000000000000e+00,2.758589640529169884e-01,1.754365298951242043e-04,0.000000000000000000e+00
2.640000000000024016e+01,2.374745265428937913e+01,-7.462151414036403807e+00,5.143514745998051252e-02,-4.370152823986978019e-02,0.000000000000000000e+00,2.805288654634736645e-01,1.778926714883320573e-04,0.000000000000000000e+00
2.645000000000024087e+01,2.374986834189153129e+01,-7.462045295823719115e+00,4.959026921446518799e-02,-4.234073557395701820e-02,0.000000000000000000e+00,2.853132497482597785e-01,1.793261065204698507e-04,0.000000000000000000e+00
2.650000000000024158e+01,2.375219698275632396e+01,-7.461943031541776072e+00,4.780673394411615734e-02,-4.100672954056164277e-02,0.000000000000000000e+00,2.902021358133932694e-01,1.806420831848245710e-04,0.000000000000000000e+00
2.655000000000024230e+01,2.375444161686026234e+01,-7.461844469341185615e+00,4.608426039289982568e-02,-3.969527783731454512e-02,0.000000000000000000e+00,2.951527895180507954e-01,1.792715843209638461e-04,0.000000000000000000e+00
2.660000000000024301e+01,2.375660509617087612e+01,-7.461749503978404974e+00,4.442045763972011369e-02,-3.841143328257039247e-02,0.000000000000000000e+00,3.002095154788992915e-01,1.794304691212580700e-04,0.000000000000000000e+00
2.665000000000024372e+01,2.375868993539602769e+01,-7.461658009264546365e+00,4.281033706179004916e-02,-3.716962893777648463e-02,0.000000000000000000e+00,3.053396441500542124e-01,1.787931412405012899e-04,0.000000000000000000e+00
2.670000000000024443e+01,2.376069908497052907e+01,-7.461569857420144558e+00,4.125712771227846298e-02,-3.594854054826744638e-02,0.000000000000000000e+00,3.105568620162149074e-01,1.779749806823865488e-04,0.000000000000000000e+00
2.675000000000024514e+01,2.376263496116069618e+01,-7.461484951119990328e+00,3.975570141009343583e-02,-3.476453764735398105e-02,0.000000000000000000e+00,3.158458048415422326e-01,1.779662901612828285e-04,0.000000000000000000e+00
2.680000000000024585e+01,2.376450016565244638e+01,-7.461403160309762583e+00,3.830624691591619224e-02,-3.360944809459207733e-02,0.000000000000000000e+00,3.211904068300768245e-01,1.766143972074774807e-04,0.000000000000000000e+00
2.685000000000024656e+01,2.376629719221850578e+01,-7.461324376560755312e+00,3.690753472668216462e-02,-3.248240723260969326e-02,0.000000000000000000e+00,3.266042109095330659e-01,1.750447205574842441e-04,0.000000000000000000e+00
2.690000000000024727e+01,2.376802844610135068e+01,-7.461248483813794685e+00,3.555801562702714386e-02,-3.138400218470776409e-02,0.000000000000000000e+00,3.320611103444743861e-01,1.718111911885158776e-04,0.000000000000000000e+00
2.695000000000024798e+01,2.376969603248652874e+01,-7.461175401331702872e+00,3.425345419157454357e-02,-3.032544748957654093e-02,0.000000000000000000e+00,3.375663220255784580e-01,1.700023841316729116e-04,0.000000000000000000e+00
2.700000000000024869e+01,2.377130236452457979e+01,-7.461105019144097739e+00,3.299586363501141179e-02,-2.929072021791369329e-02,0.000000000000000000e+00,3.431163891210324834e-01,1.681926852032369012e-04,0.000000000000000000e+00
2.705000000000024940e+01,2.377284943184216814e+01,-7.461037255848575356e+00,3.178095679902567111e-02,-2.829220351827384933e-02,0.000000000000000000e+00,3.486967446384046099e-01,1.670915078957536828e-04,0.000000000000000000e+00
2.710000000000025011e+01,2.377433954536575555e+01,-7.460971998644436276e+00,3.061088726491736911e-02,-2.731404095105222432e-02,0.000000000000000000e+00,3.543436124710401813e-01,1.653226434326031510e-04,0.000000000000000000e+00
2.715000000000025082e+01,2.377577450877307541e+01,-7.460909165363031725e+00,2.948041914586065765e-02,-2.637310523706856008e-02,0.000000000000000000e+00,3.599619385660277615e-01,1.631522225752601017e-04,0.000000000000000000e+00
2.720000000000025153e+01,2.377715649231775430e+01,-7.460848651083578531e+00,2.839186480456805384e-02,-2.545270155482520086e-02,0.000000000000000000e+00,3.656378004753921829e-01,1.599966155639755833e-04,0.000000000000000000e+00
2.725000000000025224e+01,2.377848713280098281e+01,-7.460790380142209521e+00,2.733973851668368427e-02,-2.457066639539758068e-02,0.000000000000000000e+00,3.712747770989865970e-01,1.559840640736080350e-04,0.000000000000000000e+00
2.730000000000025295e+01,2.377976832481159164e+01,-7.460734278125197072e+00,2.632493577582597361e-02,-2.371574407974885029e-02,0.000000000000000000e+00,3.769489556562550803e-01,1.523451892906293602e-04,0.000000000000000000e+00
2.735000000000025366e+01,2.378100186351052159e+01,-7.460680273736350898e+00,2.534662122130459938e-02,-2.288585348188452301e-02,0.000000000000000000e+00,3.826130480044058757e-01,1.497079468611375733e-04,0.000000000000000000e+00
2.740000000000025437e+01,2.378218939916474284e+01,-7.460628280690182912e+00,2.440273145369739258e-02,-2.208424185593639566e-02,0.000000000000000000e+00,3.882674964801848816e-01,1.461110200472779221e-04,0.000000000000000000e+00
2.745000000000025508e+01,2.378333264909177203e+01,-7.460578233795018832e+00,2.349323387002923147e-02,-2.130538381942170822e-02,0.000000000000000000e+00,3.939148752822791977e-01,1.429911982874728401e-04,0.000000000000000000e+00
2.750000000000025580e+01,2.378443330263820954e+01,-7.460530053755986657e+00,2.261778757279184898e-02,-2.054609224448684934e-02,0.000000000000000000e+00,3.995327585077852461e-01,1.406167394463798156e-04,0.000000000000000000e+00
2.755000000000025651e+01,2.378549269876037897e+01,-7.460483674991905900e+00,2.177204829916744994e-02,-1.981983089008702847e-02,0.000000000000000000e+00,4.051310080809109593e-01,1.373320186494486768e-04,0.000000000000000000e+00
2.760000000000025722e+01,2.378651225179495299e+01,-7.460439041078993583e+00,2.095517724091424533e-02,-1.912334894508239611e-02,0.000000000000000000e+00,4.107153364500639725e-01,1.338433337213594380e-04,0.000000000000000000e+00
2.765000000000025793e+01,2.378749360328848184e+01,-7.460396085197596783e+00,2.016956825633065692e-02,-1.844111509440022820e-02,0.000000000000000000e+00,4.162557244574625059e-01,1.312909538345657999e-04,0.000000000000000000e+00
2.770000000000025864e+01,2.378843802014446140e+01,-7.460354732587418880e+00,1.941169163178703416e-02,-1.778439857369463334e-02,0.000000000000000000e+00,4.217701825947717253e-01,1.274378487053666931e-04,0.000000000000000000e+00
2.775000000000025935e+01,2.378934674364932533e+01,-7.460314938405895546e+00,1.867981261135467225e-02,-1.715503494068511270e-02,0.000000000000000000e+00,4.272057617634734683e-01,1.238247079707680009e-04,0.000000000000000000e+00
2.780000000000026006e+01,2.379022112511050935e+01,-7.460276646719641747e+00,1.797456220638418006e-02,-1.654502957243001934e-02,0.000000000000000000e+00,4.326113083086688960e-01,1.206030741476166461e-04,0.000000000000000000e+00
2.785000000000026077e+01,2.379106247640141447e+01,-7.460239794102944799e+00,1.729572398664038294e-02,-1.595137653691916513e-02,0.000000000000000000e+00,4.379973618368744326e-01,1.175709612715417643e-04,0.000000000000000000e+00
2.790000000000026148e+01,2.379187180447444661e+01,-7.460204343355600898e+00,1.663954198304282844e-02,-1.538582924392551191e-02,0.000000000000000000e+00,4.433092544750047992e-01,1.146447356961506018e-04,0.000000000000000000e+00
2.795000000000026219e+01,2.379265035006464046e+01,-7.460170234312526460e+00,1.600732858183761056e-02,-1.483751699996124600e-02,0.000000000000000000e+00,4.485448011750126085e-01,1.118043980868273256e-04,0.000000000000000000e+00
2.800000000000026290e+01,2.379339935405189266e+01,-7.460137414978442294e+00,1.539960623579984637e-02,-1.430090298412001887e-02,0.000000000000000000e+00,4.537135519835358011e-01,1.091725080759983106e-04,0.000000000000000000e+00
2.805000000000026361e+01,2.379411980856738751e+01,-7.460105827793586108e+00,1.481360480159544732e-02,-1.378472812411357835e-02,0.000000000000000000e+00,4.588709912926614010e-01,1.055122819297375466e-04,0.000000000000000000e+00
2.810000000000026432e+01,2.379481257207429223e+01,-7.460075446724800941e+00,1.424659702031903438e-02,-1.329581362439648251e-02,0.000000000000000000e+00,4.639151446687810321e-01,1.024480410115488177e-04,0.000000000000000000e+00
2.815000000000026503e+01,2.379547879177310676e+01,-7.460046225326768976e+00,1.370096427368242865e-02,-1.281918188606357908e-02,0.000000000000000000e+00,4.689098976912067229e-01,9.938641046369767196e-05,0.000000000000000000e+00
2.820000000000026574e+01,2.379611939726914827e+01,-7.460018109980768308e+00,1.317505434375283030e-02,-1.235898522856922720e-02,0.000000000000000000e+00,4.738342930471421965e-01,9.617650041566784243e-05,0.000000000000000000e+00
2.825000000000026645e+01,2.379673536544415668e+01,-7.459991061515776956e+00,1.266876541877549889e-02,-1.191234388276467965e-02,0.000000000000000000e+00,4.786405756105800435e-01,9.283321437575745851e-05,0.000000000000000000e+00
2.830000000000026716e+01,2.379732760778221845e+01,-7.459965045483087920e+00,1.218127030666359481e-02,-1.147985555465933297e-02,0.000000000000000000e+00,4.833798553713659629e-01,8.972613674334425590e-05,0.000000000000000000e+00
2.835000000000026787e+01,2.379789692160272452e+01,-7.459940035227136335e+00,1.171086544118480482e-02,-1.106550390564259995e-02,0.000000000000000000e+00,4.880805283669307215e-01,8.771155088801683172e-05,0.000000000000000000e+00
2.840000000000026859e+01,2.379844407310892507e+01,-7.459915989354588994e+00,1.125650402823812762e-02,-1.066984877630076239e-02,0.000000000000000000e+00,4.926818584923333688e-01,8.531711777776172876e-05,0.000000000000000000e+00
2.845000000000026930e+01,2.379896990875707274e+01,-7.459892862069168018e+00,1.081873175070402482e-02,-1.028696813117699685e-02,0.000000000000000000e+00,4.971855277595071954e-01,8.239795179852549690e-05,0.000000000000000000e+00
2.850000000000027001e+01,2.379947528660958511e+01,-7.459870624258703842e+00,1.039789735042369670e-02,-9.912912106062885323e-03,0.000000000000000000e+00,5.016196588205943385e-01,7.975929690033808884e-05,0.000000000000000000e+00
2.855000000000027072e+01,2.379996082724348128e+01,-7.459849246671298673e+00,9.991293247141694311e-03,-9.556746097978295260e-03,0.000000000000000000e+00,5.059517956110406445e-01,7.735755582960777499e-05,0.000000000000000000e+00
2.860000000000027143e+01,2.380042727969950889e+01,-7.459828691077094120e+00,9.599381258798615063e-03,-9.213044831754930650e-03,0.000000000000000000e+00,5.102585639744656731e-01,7.442916910702390449e-05,0.000000000000000000e+00
2.865000000000027214e+01,2.380087533768163510e+01,-7.459808935000455499e+00,9.221674299545399786e-03,-8.881263702416784811e-03,0.000000000000000000e+00,5.143917811303255760e-01,7.184688469365346233e-05,0.000000000000000000e+00
2.870000000000027285e+01,2.380130579896839293e+01,-7.459789941680287306e+00,8.859232899968552677e-03,-8.554776560240796510e-03,0.000000000000000000e+00,5.184966359924381152e-01,6.991187444477542118e-05,0.000000000000000000e+00
2.875000000000027356e+01,2.380171919631177246e+01,-7.459771687866269652e+00,8.509296825828221306e-03,-8.243565544753942917e-03,0.000000000000000000e+00,5.224715300436715282e-01,6.775201460073698549e-05,0.000000000000000000e+00
2.880000000000027427e+01,2.380211617110312616e+01,-7.459754144287107813e+00,8.172067589019733902e-03,-7.943769383037084519e-03,0.000000000000000000e+00,5.264070445175281776e-01,6.561505904230526638e-05,0.000000000000000000e+00
2.885000000000027498e+01,2.380249726684193234e+01,-7.459737301100096474e+00,7.846442047034225820e-03,-7.657517674371681730e-03,0.000000000000000000e+00,5.300498384480745173e-01,4.286154318105451946e-05,0.000000000000000000e+00
2.890000000000027569e+01,2.380286303769728917e+01,-7.459721215912345826e+00,7.532071257869928094e-03,-7.383497296154518594e-03,0.000000000000000000e+00,5.336070446933298683e-01,2.723650299253094892e-05,0.000000000000000000e+00
2.895000000000027640e+01,2.380321406909625281e+01,-7.459705812482586573e+00,7.229260729130389251e-03,-7.118039951881753591e-03,0.000000000000000000e+00,5.370581168247507975e-01,2.085235934636901599e-05,0.000000000000000000e+00
2.900000000000027711e+01,2.380355088847186451e+01,-7.459691073342568757e+00,6.937406572096740769e-03,-6.861848589639980324e-03,0.000000000000000000e+00,5.404350332670446733e-01,1.969906815136309526e-05,0.000000000000000000e+00
2.905000000000027782e+01,2.380387399334129128e+01,-7.459676969409114733e+00,6.655915015679934009e-03,-6.615445097379196032e-03,0.000000000000000000e+00,5.438170499958765447e-01,2.164337117712909132e-05,0.000000000000000000e+00
2.910000000000027853e+01,2.380418388840707777e+01,-7.459663470132959162e+00,6.384635188171656692e-03,-6.377475387936450829e-03,0.000000000000000000e+00,5.471386248999561275e-01,2.335872032002797886e-05,0.000000000000000000e+00
2.915000000000027924e+01,2.380448113291627976e+01,-7.459650540081848469e+00,6.124162942472796689e-03,-6.143869293144586449e-03,0.000000000000000000e+00,5.503255485031779415e-01,2.476388144237256532e-05,0.000000000000000000e+00
2.920000000000027995e+01,2.380476618001880240e+01,-7.459638168771592248e+00,5.873452020451754366e-03,-5.917939122599824922e-03,0.000000000000000000e+00,5.534607285037509428e-01,2.702749506614541067e-05,0.000000000000000000e+00
2.925000000000028066e+01,2.380503943738695227e+01,-7.459626321393237447e+00,5.631551325394706237e-03,-5.701954078308039270e-03,0.000000000000000000e+00,5.565394947466417719e-01,2.783183564451402977e-05,0.000000000000000000e+00
2.930000000000028137e+01,2.380530129376412773e+01,-7.459614983793040999e+00,5.397842514196038097e-03,-5.496398507441091312e-03,0.000000000000000000e+00,5.595473375657196158e-01,2.898352898621209652e-05,0.000000000000000000e+00
2.935000000000028209e+01,2.380555212827640332e+01,-7.459604130326276561e+00,5.171969068529802711e-03,-5.300612588617801754e-03,0.000000000000000000e+00,5.624814717441388723e-01,2.926258230819283359e-05,0.000000000000000000e+00
2.940000000000028280e+01,2.380579229537607588e+01,-7.459593756399700126e+00,4.953481610825644435e-03,-5.114439901710862366e-03,0.000000000000000000e+00,5.653500574377385846e-01,2.940888140241260738e-05,0.000000000000000000e+00
2.945000000000028351e+01,2.380602231114665912e+01,-7.459583839198812072e+00,4.744147603056324269e-03,-4.928887952445958759e-03,0.000000000000000000e+00,5.681409227157558917e-01,2.984590234315255626e-05,0.000000000000000000e+00
2.950000000000028422e+01,2.380624264231019893e+01,-7.459574346896140185e+00,4.544086887858241053e-03,-4.743353222749088771e-03,0.000000000000000000e+00,5.708499329184917315e-01,3.033072485606073601e-05,0.000000000000000000e+00
2.955000000000028493e+01,2.380645353461907376e+01,-7.459565259372078927e+00,4.350692226026327616e-03,-4.568261225526913660e-03,0.000000000000000000e+00,5.734993920460329520e-01,2.934702379692503442e-05,0.000000000000000000e+00
2.960000000000028564e+01,2.380665525153613515e+01,-7.459556575515956744e+00,4.163123172951864112e-03,-4.404885192719374190e-03,0.000000000000000000e+00,5.760717913198742934e-01,2.858147943015983426e-05,0.000000000000000000e+00
2.965000000000028635e+01,2.380684808067697844e+01,-7.459548286616183077e+00,3.981337013490322298e-03,-4.251052792021656548e-03,0.000000000000000000e+00,5.785740102381495831e-01,2.811432146264049883e-05,0.000000000000000000e+00
2.970000000000028706e+01,2.380703255784538186e+01,-7.459540361335392333e+00,3.808303986705276374e-03,-4.092974340757499566e-03,0.000000000000000000e+00,5.810582341762060565e-01,2.784110660008300535e-05,0.000000000000000000e+00
2.975000000000028777e+01,2.380720865140386167e+01,-7.459532797579283780e+00,3.638393920062769644e-03,-3.954019739176016859e-03,0.000000000000000000e+00,5.834134984810095403e-01,2.669562297217335350e-05,0.000000000000000000e+00
2.980000000000028848e+01,2.380737698245093625e+01,-7.459525575757075089e+00,3.477189417500271655e-03,-3.808033801590796508e-03,0.000000000000000000e+00,5.857543617172655814e-01,2.592058022544473995e-05,0.000000000000000000e+00
2.985000000000028919e+01,2.380753769367201400e+01,-7.459518693097929365e+00,3.321179268057100446e-03,-3.670467639045313368e-03,0.000000000000000000e+00,5.879740787280152148e-01,2.583547956054932436e-05,0.000000000000000000e+00
2.990000000000028990e+01,2.380769116445767963e+01,-7.459512128384011120e+00,3.171806292171149358e-03,-3.533866014780047068e-03,0.000000000000000000e+00,5.901999668386537223e-01,2.561048963733315102e-05,0.000000000000000000e+00
2.995000000000029061e+01,2.380783752826388167e+01,-7.459505869478792128e+00,3.026694354038273003e-03,-3.407540564355535095e-03,0.000000000000000000e+00,5.922682295474395175e-01,2.480817592948201188e-05,0.000000000000000000e+00
3.000000000000029132e+01,2.380797707302389554e+01,-7.459499907952301001e+00,2.886743247268720031e-03,-3.285836878562632245e-03,0.000000000000000000e+00,5.943218089863950837e-01,2.383884636641269583e-05,0.000000000000000000e+00
