t,x,y,v,a,vref,th,w,u
0.000000000000000000e+00,-1.000000000000000000e+01,-8.000000000000000000e+00,0.000000000000000000e+00,0.000000000000000000e+00,0.000000000000000000e+00,1.570796326794791753e+00,0.000000000000000000e+00,0.000000000000000000e+00
5.000000000000000278e-02,-1.000038906666638283e+01,-7.999485132616769079e+00,1.057416227308473899e-01,0.000000000000000000e+00,0.000000000000000000e+00,6.230731246266691947e+00,-3.494769306901682887e-02,0.000000000000000000e+00
1.000000000000000056e-01,-1.000038709735219378e+01,-7.999518534091370370e+00,5.463344248369003675e-02,-2.044327209886294128e-01,0.000000000000000000e+00,6.282126899403785991e+00,-1.461946882884619658e-02,1.000000000000000000e+00
1.500000000000000222e-01,-9.994825003328205781e+00,-7.999520608723697634e+00,9.689117010700629140e-02,5.484733702361466179e-03,0.000000000000000000e+00,6.283042480857718104e+00,-6.932196078299472652e-03,1.000000000000000000e+00
2.000000000000000111e-01,-9.987632068093036608e+00,-7.999509052844800294e+00,1.260110698656594919e-01,1.208673859965019304e-01,0.000000000000000000e+00,6.281373721284269074e+00,-4.192977080097935738e-03,1.000000000000000000e+00
2.500000000000000000e-01,-9.977619026705125904e+00,-7.999535772181856075e+00,1.721621876555732844e-01,2.812983799568568033e-01,0.000000000000000000e+00,1.583134648674722200e-02,5.415901705209290144e-03,1.000000000000000000e+00
2.999999999999999889e-01,-9.965576050718100376e+00,-7.999474672315022516e+00,2.139229595205031087e-01,3.920817914252048286e-01,0.000000000000000000e+00,6.281502160458703798e+00,-4.736371591010207424e-03,1.000000000000000000e+00
3.499999999999999778e-01,-9.950999382406704896e+00,-7.999304307328318764e+00,2.606180767435747891e-01,5.004459020324506513e-01,0.000000000000000000e+00,6.268638166660319477e+00,-7.216670797934230525e-03,1.000000000000000000e+00
3.999999999999999667e-01,-9.934854567713951923e+00,-7.999675673961213818e+00,2.981130572826563019e-01,5.503366437822866386e-01,0.000000000000000000e+00,4.188367445054907989e-02,2.127735615411905506e-02,1.000000000000000000e+00
4.499999999999999556e-01,-9.915696624279533467e+00,-7.999184716525588712e+00,3.492206703640463039e-01,6.446997673513894522e-01,0.000000000000000000e+00,6.256975519437409261e+00,-1.983845494605284213e-02,1.000000000000000000e+00
4.999999999999999445e-01,-9.894281614243810807e+00,-7.999715419191778309e+00,3.967779877245966591e-01,7.059890833233131158e-01,0.000000000000000000e+00,6.489587227716420159e-02,2.716671758471286141e-02,1.000000000000000000e+00
5.499999999999999334e-01,-9.871517488208880309e+00,-7.999553005558851737e+00,4.322349282357364486e-01,7.066190287032096951e-01,0.000000000000000000e+00,2.925139051002290103e-02,2.395236815848567763e-03,1.000000000000000000e+00
5.999999999999999778e-01,-9.845384938356128046e+00,-7.998933484883155920e+00,4.867062515659080768e-01,7.831805162832543576e-01,0.000000000000000000e+00,6.227019365522221683e+00,-3.759138173143591888e-02,1.000000000000000000e+00
6.500000000000000222e-01,-9.817331953640332287e+00,-7.999731159366712419e+00,5.314797321517689133e-01,8.056383353700468097e-01,0.000000000000000000e+00,8.027132763214162026e-02,3.833271844924651672e-02,1.000000000000000000e+00
7.000000000000000666e-01,-9.787657685418501785e+00,-7.999409543614883766e+00,5.688540728342094122e-01,7.940080310257994212e-01,0.000000000000000000e+00,6.272197074908145709e+00,-1.894184816122113091e-02,1.000000000000000000e+00
7.500000000000001110e-01,-9.755091117541326184e+00,-7.999066618148100716e+00,6.183851443308556739e-01,8.333307108072245395e-01,0.000000000000000000e+00,6.221126964350712996e+00,-3.184975018073075287e-02,1.000000000000000000e+00
8.000000000000001554e-01,-9.720295638162273377e+00,-8.000056946601585395e+00,6.651031428298824766e-01,8.535365626418868201e-01,0.000000000000000000e+00,1.035961426642213468e-01,5.493190259588975888e-02,1.000000000000000000e+00
8.500000000000001998e-01,-9.683709311378871476e+00,-7.999677559508912239e+00,7.051398953380343393e-01,8.429762601461168181e-01,0.000000000000000000e+00,6.282729102350105066e+00,-1.589064293346262313e-02,1.000000000000000000e+00
9.000000000000002442e-01,-9.644752650363169977e+00,-7.999114130123277100e+00,7.495864422002482819e-01,8.521671955657491582e-01,0.000000000000000000e+00,6.201119195615859780e+00,-4.555836533866602922e-02,1.000000000000000000e+00
9.500000000000002887e-01,-9.603228222539542003e+00,-8.000347466062597945e+00,7.983910475429509823e-01,8.769521778234099507e-01,0.000000000000000000e+00,1.315056295822270016e-01,7.082072566404382097e-02,1.000000000000000000e+00
1.000000000000000222e+00,-9.559696741287151411e+00,-7.999748773119982559e+00,8.417836130858975530e-01,8.751320044305141987e-01,0.000000000000000000e+00,6.272069754377104900e+00,-2.500614655224419475e-02,1.000000000000000000e+00
1.050000000000000266e+00,-9.514285951533642205e+00,-7.999214703114748026e+00,8.817125870406719024e-01,8.598214993635090453e-01,0.000000000000000000e+00,6.191733393584186729e+00,-4.801993915853558503e-02,9.186500490341424907e-01
1.100000000000000311e+00,-9.466653051892507165e+00,-8.000720691251650862e+00,9.245657463120263708e-01,8.592698365762250212e-01,0.000000000000000000e+00,1.734878828535428852e-01,8.458866443774426536e-02,7.220709959844425763e-01
1.150000000000000355e+00,-9.418307216715778196e+00,-8.000365568090302304e+00,9.502006961097673177e-01,7.899556684519437599e-01,0.000000000000000000e+00,7.729287199276413389e-02,7.176312468598969319e-03,5.112535804876121581e-01
1.200000000000000400e+00,-9.368499988885725216e+00,-7.999959243894354977e+00,9.778021468028497143e-01,7.423703375338844834e-01,0.000000000000000000e+00,6.259574407020291886e+00,-3.856300240133218177e-02,3.852198841678008967e-01
1.250000000000000444e+00,-9.318457713370376538e+00,-7.999728955758935278e+00,9.916447490469119108e-01,6.492666790033564395e-01,0.000000000000000000e+00,6.179073979901653857e+00,-4.704019651842581556e-02,2.495833890416716827e-01
1.300000000000000488e+00,-9.268308372181362387e+00,-7.999791633136553060e+00,9.984604239990459984e-01,5.466760430112215241e-01,0.000000000000000000e+00,6.141835725410437874e+00,-3.680999396397795914e-02,1.815849119507539911e-01
1.350000000000000533e+00,-9.217928313305238319e+00,-8.000168215796067628e+00,1.003961858857838951e+00,4.593465738441490642e-01,0.000000000000000000e+00,6.147469485481499518e+00,-1.464463251418335506e-02,1.481108093796944247e-01
1.400000000000000577e+00,-9.167548074949236181e+00,-8.000775775111822696e+00,1.006192946481534456e+00,3.764016095701012699e-01,0.000000000000000000e+00,6.204273612627243750e+00,1.224670830949059139e-02,1.210944066063446012e-01
1.450000000000000622e+00,-9.117189077808093955e+00,-8.001482204065112569e+00,1.006845858668229843e+00,3.037329364028625855e-01,0.000000000000000000e+00,6.274188358655740316e+00,2.948023053496719864e-02,1.101387677315442404e-01
1.500000000000000666e+00,-9.066788111986907595e+00,-8.002141732169281596e+00,1.007601733005366818e+00,2.460098464708379840e-01,0.000000000000000000e+00,4.810750642994143789e-02,3.384730205547512027e-02,1.069327605367293987e-01
1.550000000000000711e+00,-9.016410881869044047e+00,-8.002676186641227929e+00,1.007601660413502742e+00,1.968075868092140912e-01,0.000000000000000000e+00,6.956519932577709397e-02,2.411689107937207630e-02,1.032212237655998066e-01
1.600000000000000755e+00,-8.966048539332273748e+00,-8.003072139593349732e+00,1.007407454572220917e+00,1.566692460822439736e-01,0.000000000000000000e+00,6.224478800311850080e-02,9.611465776776418821e-03,1.032215802078178118e-01
1.650000000000000799e+00,-8.915698368354647130e+00,-8.003368775771736665e+00,1.007175604103093258e+00,1.244079949892845371e-01,0.000000000000000000e+00,5.177312856021920595e-02,1.358109309375246480e-03,1.041751758168536213e-01
1.700000000000000844e+00,-8.865343641023175181e+00,-8.003614428524267410e+00,1.007134198024405514e+00,9.936077167667665966e-02,0.000000000000000000e+00,3.190268835834952910e-02,-6.024632243251120886e-03,1.053136196581778983e-01
1.750000000000000888e+00,-8.814997730967206735e+00,-8.003829265401460447e+00,1.007010114827921798e+00,7.899228455540646676e-02,0.000000000000000000e+00,2.598861370768279500e-02,-5.002444863096750308e-03,1.055169343735606335e-01
1.800000000000000933e+00,-8.764659443664470473e+00,-8.004041197375354244e+00,1.006868849567223556e+00,6.262876660153220143e-02,0.000000000000000000e+00,3.342369262474420566e-02,-7.961076450984771319e-06,1.061262163547349174e-01
1.850000000000000977e+00,-8.714318041591207376e+00,-8.004226902680624534e+00,1.006848489015228720e+00,5.002157107324642360e-02,0.000000000000000000e+00,4.597387224508686643e-02,4.171440368038487057e-03,1.068198685780763491e-01
1.900000000000001021e+00,-8.663983280592379543e+00,-8.004362698412069932e+00,1.006758725759333117e+00,3.965820383501472701e-02,0.000000000000000000e+00,5.665084162359779185e-02,5.682671376601862792e-03,1.069198447703831045e-01
1.950000000000001066e+00,-8.613648521932626423e+00,-8.004433387255572185e+00,1.006721195673240032e+00,3.157644272363944321e-02,0.000000000000000000e+00,6.263475563939913116e-02,4.875508582228594082e-03,1.073606087291477940e-01
2.000000000000000888e+00,-8.563309138125232423e+00,-8.004434187762207387e+00,1.006761086178918907e+00,2.542071620162705478e-02,0.000000000000000000e+00,6.324199236167959981e-02,2.620364459136420750e-03,1.075448926909809561e-01
2.050000000000000711e+00,-8.512971202169335783e+00,-8.004371226474663814e+00,1.006760140833734329e+00,2.033279158056333635e-02,0.000000000000000000e+00,5.928277335207976506e-02,-3.109275352170459347e-05,1.073490183663026454e-01
2.100000000000000533e+00,-8.462636180937808561e+00,-8.004257437990196067e+00,1.006725854726196356e+00,1.612908883429877913e-02,0.000000000000000000e+00,5.290713538819602491e-02,-2.151956762868311931e-03,1.073536602925213856e-01
2.150000000000000355e+00,-8.412302879429038427e+00,-8.004107909422168987e+00,1.006692625811268060e+00,1.277035540772583980e-02,0.000000000000000000e+00,4.692622321130457408e-02,-3.074211089545669361e-03,1.075220153388984079e-01
2.200000000000000178e+00,-8.361973741075606981e+00,-8.003935023806223015e+00,1.006630281574136365e+00,9.966907377653891342e-03,0.000000000000000000e+00,4.235382152001498923e-02,-3.037724205867815309e-03,1.076851793531968110e-01
2.250000000000000000e+00,-8.311646619351879650e+00,-8.003749984923672400e+00,1.006581704281205747e+00,7.779216730400638664e-03,0.000000000000000000e+00,3.034359242684558922e-02,-5.502524837158103213e-03,1.079913086638073921e-01
2.299999999999999822e+00,-8.261305241010155953e+00,-8.003573771117817870e+00,1.006732925203686069e+00,6.828257074241800978e-03,0.000000000000000000e+00,1.397610816243322063e-02,-8.263464883855608373e-03,1.082298382993586716e-01
2.349999999999999645e+00,-8.210950739818377642e+00,-8.003430350851504116e+00,1.006949726347120322e+00,6.329810233130457597e-03,0.000000000000000000e+00,6.282728915142351767e+00,-8.990813378493129476e-03,1.074872971703722119e-01
2.399999999999999467e+00,-8.160622749787124874e+00,-8.003328607998449584e+00,1.006717065216842455e+00,4.133203665392895521e-03,0.000000000000000000e+00,9.172761682600061306e-03,-1.255891520620527023e-03,1.064227405888469730e-01
2.449999999999999289e+00,-8.110281307862512890e+00,-8.003246601094037516e+00,1.006784932638126406e+00,3.578032617450123236e-03,0.000000000000000000e+00,3.560324235297329665e-02,8.279221222840563513e-03,1.075651744765048212e-01
2.499999999999999112e+00,-8.059938469048507415e+00,-8.003125465836967933e+00,1.006829797602021959e+00,3.041885949542308745e-03,0.000000000000000000e+00,6.650672751394459681e-02,1.453940908150373745e-02,1.072319251805257945e-01
2.549999999999998934e+00,-8.009607466387441477e+00,-8.002918494142987171e+00,1.006709066443299827e+00,1.950584124745319108e-03,0.000000000000000000e+00,8.022083452540762494e-02,1.195166737895355519e-02,1.070116250415572984e-01
2.599999999999998757e+00,-7.959270458037336127e+00,-8.002609260926075052e+00,1.006739135739145752e+00,1.680744483179954889e-03,0.000000000000000000e+00,7.488002476851196576e-02,4.111324570485437938e-03,1.076044508691555712e-01
2.649999999999998579e+00,-7.908937466323389565e+00,-8.002227481493985550e+00,1.006708943737110840e+00,1.223827578404314709e-03,0.000000000000000000e+00,5.899850429128594698e-02,-3.335489300835508923e-03,1.074568015792243814e-01
2.699999999999998401e+00,-7.858606575561944751e+00,-8.001807213263077756e+00,1.006675334353428264e+00,8.446245279931485338e-04,0.000000000000000000e+00,4.958177508226579988e-02,-4.864897191265581469e-03,1.076050533936287051e-01
2.749999999999998224e+00,-7.808280441393842253e+00,-8.001370574855789286e+00,1.006606473809142699e+00,4.002574452522578608e-04,0.000000000000000000e+00,4.818550019118639227e-02,-2.900527430330403222e-03,1.077700856757020653e-01
2.799999999999998046e+00,-7.757952915017355622e+00,-8.000915025298557026e+00,1.006597646803060631e+00,2.848979318735329219e-04,0.000000000000000000e+00,5.287928187388235557e-02,1.250148608419778939e-04,1.081082121775364391e-01
2.849999999999997868e+00,-7.707624755730449806e+00,-8.000428768817155145e+00,1.006605158007966017e+00,2.579631651203706066e-04,0.000000000000000000e+00,5.991141670657018636e-02,2.429952197611668328e-03,1.081515555292752589e-01
2.899999999999997691e+00,-7.657294903865958347e+00,-7.999899125827221624e+00,1.006633726833769060e+00,3.206458353084715249e-04,0.000000000000000000e+00,6.669934280074230060e-02,3.501791727593882037e-03,1.081146731710831144e-01
2.949999999999997513e+00,-7.606963102869231719e+00,-7.999314303874387910e+00,1.006675873053824333e+00,4.251015484678676883e-04,0.000000000000000000e+00,7.128828620820826245e-02,3.284725181117269677e-03,1.079743913741209871e-01
2.999999999999997335e+00,-7.556630974149553204e+00,-7.998670802881079567e+00,1.006705256817242766e+00,4.576162924480286750e-04,0.000000000000000000e+00,7.284994718119719437e-02,2.148086497295336426e-03,1.077674404923440188e-01
3.049999999999997158e+00,-7.506300731962712192e+00,-7.997970901879260630e+00,1.006703404942097757e+00,3.586855333783862433e-04,0.000000000000000000e+00,7.147995501993165135e-02,5.981871678113616191e-04,1.076231572850957913e-01
3.099999999999996980e+00,-7.455972478345053389e+00,-7.997221496497679993e+00,1.006687355679741991e+00,2.227513772796439772e-04,0.000000000000000000e+00,6.881699443007427419e-02,-6.030091538858568020e-04,1.076322505525169060e-01
3.149999999999996803e+00,-7.405645766705264421e+00,-7.996430819676144885e+00,1.006670010772832802e+00,1.088214741869585051e-04,0.000000000000000000e+00,6.621788227719704878e-02,-1.172808922561565780e-03,1.077110573006977989e-01
3.199999999999996625e+00,-7.355320428440089486e+00,-7.995605183075629618e+00,1.006653330767424359e+00,2.033715771579611684e-05,0.000000000000000000e+00,6.485185489733247266e-02,-1.033470126153712134e-03,1.077962260825926638e-01
3.249999999999996447e+00,-7.304994618068995749e+00,-7.994747144225565982e+00,1.006658826755356451e+00,3.825367790100295230e-05,0.000000000000000000e+00,6.546716595595025723e-02,-2.975717197870839949e-04,1.078781300206546057e-01
3.299999999999996270e+00,-7.254668439597324436e+00,-7.993855537864712701e+00,1.006672443264942540e+00,8.506898066516104841e-05,0.000000000000000000e+00,6.770893030731528484e-02,6.193469348385396978e-04,1.078511430329509163e-01
3.349999999999996092e+00,-7.204341642383559119e+00,-7.992925347552973570e+00,1.006693692679764940e+00,1.530528438217276181e-04,0.000000000000000000e+00,7.065703360455888316e-02,1.315067704406337355e-03,1.077842818029796507e-01
3.399999999999995914e+00,-7.154016581550914466e+00,-7.991952814561637197e+00,1.006690966841747414e+00,1.115389229872802078e-04,0.000000000000000000e+00,7.201948109355704730e-02,1.141580449645855600e-03,1.076799407049336965e-01
3.449999999999995737e+00,-7.103694598859213727e+00,-7.990938994262622330e+00,1.006662732439740582e+00,-2.370646963750657041e-05,0.000000000000000000e+00,7.073825594534177696e-02,1.823220903147259198e-04,1.076933253974733384e-01
3.499999999999995559e+00,-7.053368707773044477e+00,-7.989885227174920779e+00,1.006708177677774874e+00,1.628157764271625455e-04,0.000000000000000000e+00,6.129095318110788781e-02,-3.060096219373504602e-03,1.078319649254367296e-01
3.549999999999995381e+00,-7.003019073837056574e+00,-7.988811092632703392e+00,1.007016516747466506e+00,1.363608899908263020e-03,0.000000000000000000e+00,5.772132440752564264e-02,-2.853329771595805413e-03,1.076088149765229290e-01
3.599999999999995204e+00,-6.952694348796072177e+00,-7.987722926149244174e+00,1.006844466969893492e+00,4.026880096345543348e-04,0.000000000000000000e+00,5.700395245981049186e-02,-1.664380874953140781e-03,1.060947811685155062e-01
3.649999999999995026e+00,-6.902378079339724692e+00,-7.986622707166256774e+00,1.006677360142183453e+00,-3.462769031325173014e-04,0.000000000000000000e+00,6.619480041353398292e-02,2.283620844127654155e-03,1.069395941792870008e-01
3.699999999999994849e+00,-6.852055955958988420e+00,-7.985487919681496294e+00,1.006689950471410189e+00,-2.266602055990697532e-04,0.000000000000000000e+00,7.953479254390671827e-02,5.614713206620866592e-03,1.077601384347700586e-01
3.749999999999994671e+00,-6.801735875582290980e+00,-7.984293892983122198e+00,1.006686916883944294e+00,-1.934625143428353976e-04,0.000000000000000000e+00,9.022606681318556809e-02,6.412349214693776125e-03,1.076983160846838594e-01
3.799999999999994493e+00,-6.751415993123499604e+00,-7.983027400538089680e+00,1.006704584166971506e+00,-8.410087936542100012e-05,0.000000000000000000e+00,9.470896908323389596e-02,4.727428806841007733e-03,1.077132119215357120e-01
3.849999999999994316e+00,-6.701097879724943418e+00,-7.981689898801410443e+00,1.006712471743804738e+00,-3.573039615940850564e-05,0.000000000000000000e+00,8.994533854221309355e-02,7.816822567236474551e-04,1.076264602014659899e-01
3.899999999999994138e+00,-6.650786278583733058e+00,-7.980300236981515027e+00,1.006654523152057834e+00,-2.603786839151419870e-04,0.000000000000000000e+00,7.098861752692187110e-02,-5.917634278505954151e-03,1.075877298150357125e-01
3.949999999999993960e+00,-6.600450426884640009e+00,-7.978889191948283610e+00,1.006929399141623716e+00,8.912010111314163123e-04,0.000000000000000000e+00,5.930957709685458212e-02,-6.987286495804023376e-03,1.078722750458810664e-01
3.999999999999993783e+00,-6.550133170751581524e+00,-7.977492238364980892e+00,1.006811489547141614e+00,2.413224309767241752e-04,0.000000000000000000e+00,4.245844228378281571e-02,-9.143278918702351515e-03,1.065225528937033539e-01
4.049999999999993605e+00,-6.499831621791196667e+00,-7.976122298617940309e+00,1.006567140433368701e+00,-7.843385103102743817e-04,0.000000000000000000e+00,4.355890647642635116e-02,-4.174364524417340135e-03,1.071015229421101028e-01
4.099999999999993427e+00,-6.449518772567115477e+00,-7.974780043152534859e+00,1.006595862833115529e+00,-5.125812092609079900e-04,0.000000000000000000e+00,3.903817721839075716e-02,-3.612038501534656394e-03,1.083013513684758095e-01
4.149999999999993250e+00,-6.399200393730539282e+00,-7.973461327923163644e+00,1.006666255961010670e+00,-1.284924558281619615e-04,0.000000000000000000e+00,3.009591365635877480e-02,-4.827487456287301443e-03,1.081603153787131233e-01
4.199999999999993072e+00,-6.348888447050024197e+00,-7.972172606672435435e+00,1.006607902656874831e+00,-3.362071812058848664e-04,0.000000000000000000e+00,4.176943203404093197e-02,1.507078064534829107e-03,1.078146633571210600e-01
4.249999999999992895e+00,-6.298582907451079294e+00,-7.970889644244033789e+00,1.006505925109531407e+00,-6.768759343384041314e-04,0.000000000000000000e+00,6.224221569582688574e-02,7.638456320819956603e-03,1.081011960903720398e-01
4.299999999999992717e+00,-6.248279853737852108e+00,-7.969565273666063376e+00,1.006448189932514614e+00,-7.724414555378974557e-04,0.000000000000000000e+00,9.068163084847036259e-02,1.344282589588003188e-02,1.086019380501934140e-01
4.349999999999992539e+00,-6.197973800793345589e+00,-7.968156415997986741e+00,1.006488603831156681e+00,-4.562975698620511415e-04,0.000000000000000000e+00,1.105974393332953554e-01,1.349010792309482572e-02,1.088854364116982054e-01
4.399999999999992362e+00,-6.147664146189177892e+00,-7.966633482171507907e+00,1.006587841135277106e+00,3.191116059206170266e-05,0.000000000000000000e+00,1.183943276864614091e-01,9.352001252062635064e-03,1.086869910887673096e-01
4.449999999999992184e+00,-6.097359599591892554e+00,-7.964998790827076292e+00,1.006608337502232331e+00,1.075143962945494368e-04,0.000000000000000000e+00,1.126820087887745458e-01,2.724900052825321526e-03,1.081997044232118621e-01
4.499999999999992006e+00,-6.047057924263506301e+00,-7.963277947375290822e+00,1.006616563326615532e+00,1.189148145684444142e-04,0.000000000000000000e+00,9.970653963695319533e-02,-3.045895951277626836e-03,1.080990608643356554e-01
4.549999999999991829e+00,-5.996757904839601139e+00,-7.961505308343291176e+00,1.006621564265664848e+00,1.151356078520177447e-04,0.000000000000000000e+00,8.365717899021163362e-02,-6.957237202169917756e-03,1.080586695097756622e-01
4.599999999999991651e+00,-5.946459813573708786e+00,-7.959713440340768109e+00,1.006608612210718512e+00,4.030026649627089618e-05,0.000000000000000000e+00,7.421252487079676996e-02,-6.667148722405862038e-03,1.080341133475450910e-01
4.649999999999991473e+00,-5.896162580745870407e+00,-7.957915611210123252e+00,1.006595686992311833e+00,-1.946066042969785457e-05,0.000000000000000000e+00,7.348474321557851852e-02,-3.578355944071619135e-03,1.080977119601833902e-01
4.699999999999991296e+00,-5.845865918049536702e+00,-7.956107505732802565e+00,1.006588097744110177e+00,-4.592552115038223972e-05,0.000000000000000000e+00,7.717178017063464068e-02,-5.384610192229217097e-04,1.081611788119772460e-01
4.749999999999991118e+00,-5.795568603621584991e+00,-7.954276149409230001e+00,1.006602966596353621e+00,2.273499205346920870e-05,0.000000000000000000e+00,8.580498465338415315e-02,2.647857614561029659e-03,1.081984443935198603e-01
4.799999999999990941e+00,-5.745268989019129080e+00,-7.952403966586689243e+00,1.006654520711399714e+00,2.244044538271480229e-04,0.000000000000000000e+00,9.482884006971570301e-02,4.354065417719067514e-03,1.081254336848957304e-01
4.849999999999990763e+00,-5.694971814274867761e+00,-7.950474111194384186e+00,1.006672022559419233e+00,2.495309551397939486e-04,0.000000000000000000e+00,1.015998770456070233e-01,4.449113797140290608e-03,1.078722870302619152e-01
4.899999999999990585e+00,-5.644677805167216178e+00,-7.948477709500865629e+00,1.006672209702994092e+00,2.003733384112713642e-04,0.000000000000000000e+00,1.054799178059786513e-01,3.520444358157136071e-03,1.077863475956263306e-01
4.949999999999990408e+00,-5.594387033051956060e+00,-7.946414620866772971e+00,1.006665744059734191e+00,1.344360976894136178e-04,0.000000000000000000e+00,1.047319883185995337e-01,1.494308446000389579e-03,1.077854286634987169e-01
4.999999999999990230e+00,-5.544099869611200937e+00,-7.944293397283580305e+00,1.006648887997299902e+00,4.012462841437266006e-05,0.000000000000000000e+00,1.006467310772070078e-01,-6.319409827037509447e-04,1.078171769490607751e-01
5.049999999999990052e+00,-5.493815228431814468e+00,-7.942128710184400475e+00,1.006634112610055753e+00,-2.700184624509433863e-05,0.000000000000000000e+00,9.278027170741243168e-02,-2.963216287207166757e-03,1.078999453876117315e-01
5.099999999999989875e+00,-5.443528844711865489e+00,-7.939932302571129696e+00,1.006665585919689576e+00,1.042917615392156480e-04,0.000000000000000000e+00,9.358827625608689971e-02,-1.225937997907989175e-03,1.079724970933801792e-01
5.149999999999989697e+00,-5.393245720674767263e+00,-7.937700956514254003e+00,1.006657535170293105e+00,5.123041164548845062e-05,0.000000000000000000e+00,9.483062719220214376e-02,-1.875633468388286738e-04,1.078179534650847982e-01
5.199999999999989519e+00,-5.342964524730669851e+00,-7.935433500097966331e+00,1.006650570139812517e+00,1.312420739403890167e-05,0.000000000000000000e+00,9.788338866400358995e-02,9.511742357395466417e-04,1.078574851118135058e-01
5.249999999999989342e+00,-5.292681173858884591e+00,-7.933123082014793326e+00,1.006697057190609979e+00,1.964475691050769591e-04,0.000000000000000000e+00,1.009300007514930542e-01,1.490104905681830221e-03,1.078916855506005801e-01
5.299999999999989164e+00,-5.242399326364841627e+00,-7.930765445755159071e+00,1.006723906337162688e+00,2.645546414949014307e-04,0.000000000000000000e+00,1.037597929351550263e-01,1.676933391896120399e-03,1.076634199357503485e-01
5.349999999999988987e+00,-5.192121493524549436e+00,-7.928357068015465359e+00,1.006715348082906747e+00,1.774106961721551041e-04,0.000000000000000000e+00,1.059243882814477900e-01,1.553458080975693347e-03,1.075315825151547527e-01
5.399999999999988809e+00,-5.141847118632167479e+00,-7.925896805689721880e+00,1.006700588982496480e+00,8.289215529665782214e-05,0.000000000000000000e+00,1.069830939556268845e-01,1.122521625249623366e-03,1.075736061219926820e-01
5.449999999999988631e+00,-5.091575702710916751e+00,-7.923386322582219421e+00,1.006688978279900670e+00,1.987091385408571830e-05,0.000000000000000000e+00,1.066071448199341631e-01,4.320654720204286344e-04,1.076460777669783764e-01
5.499999999999988454e+00,-5.041307395526553492e+00,-7.920829926942552390e+00,1.006674807202392774e+00,-4.078757894831666332e-05,0.000000000000000000e+00,1.059885639120290435e-01,1.413256115104412217e-05,1.077030898405114123e-01
5.549999999999988276e+00,-4.991041208535881957e+00,-7.918231713882354583e+00,1.006669426290158320e+00,-5.415371209646907948e-05,0.000000000000000000e+00,1.043047334863587139e-01,-5.423779777789879044e-04,1.077726741481998124e-01
5.599999999999988098e+00,-4.940776058675307780e+00,-7.915595814592272461e+00,1.006678358691965647e+00,-7.593362447868403427e-06,0.000000000000000000e+00,1.043370542889441310e-01,-2.433162964646747354e-04,1.077990960712171403e-01
5.649999999999987921e+00,-4.890515057944659461e+00,-7.912924944814109907e+00,1.006654349332101850e+00,-1.021121294134827792e-04,0.000000000000000000e+00,1.024953804207022756e-01,-6.923599119729477100e-04,1.077552352507790689e-01
5.699999999999987743e+00,-4.840260124654183649e+00,-7.910218305404311145e+00,1.006595013306208930e+00,-3.190338071024664910e-04,0.000000000000000000e+00,1.037183668784589230e-01,1.450379103785474910e-04,1.078731285552432806e-01
5.749999999999987566e+00,-4.789992725313495292e+00,-7.907479418150954231e+00,1.006741525789462521e+00,3.308228873323943407e-04,0.000000000000000000e+00,9.427711274986716461e-02,-3.125805969955128098e-03,1.081644868211712462e-01
5.799999999999987388e+00,-4.739712909607709079e+00,-7.904729759153641844e+00,1.006955971025655483e+00,1.122439254637765116e-03,0.000000000000000000e+00,7.761796789957742249e-02,-7.240508749363097282e-03,1.074450657165006706e-01
5.849999999999987210e+00,-4.689716444330952250e+00,-7.901776170216704642e+00,1.003791762642356034e+00,-1.175888212948763070e-02,0.000000000000000000e+00,4.142500147206362726e-02,-1.594478575886066132e-02,1.063920774655996299e-01
5.899999999999987033e+00,-4.641582971384830003e+00,-7.898922052069283772e+00,9.809199097278125112e-01,-1.008945173617645241e-01,0.000000000000000000e+00,1.723185401986881971e-02,-2.325398476430259875e-02,1.219296733556721052e-01
5.949999999999986855e+00,-4.594067421094673698e+00,-7.896010953683154199e+00,9.645327925492995780e-01,-1.462640826034635744e-01,0.000000000000000000e+00,8.021521658916341835e-03,-2.629882226938540929e-02,2.342666337382711683e-01
5.999999999999986677e+00,-4.546273122692689128e+00,-7.893116761312398921e+00,9.606582450544249863e-01,-1.325094560622692708e-01,0.000000000000000000e+00,6.280670606988824289e+00,-2.807444542603701812e-02,3.147819495305785309e-01
6.049999999999986500e+00,-4.498941091601287745e+00,-7.890312842087235268e+00,9.537413008278192716e-01,-1.336753417562383806e-01,0.000000000000000000e+00,6.281375084802657938e+00,-2.231079845786929777e-02,3.338223776797661912e-01
6.099999999999986322e+00,-4.451763057254439104e+00,-7.887635949614521635e+00,9.491603089178370922e-01,-1.252642410449194832e-01,0.000000000000000000e+00,2.139076540489170952e-03,-1.560353226843461463e-02,3.678171768506098283e-01
6.149999999999986144e+00,-4.404491663393804046e+00,-7.885108185825108862e+00,9.481889579642271970e-01,-1.040967966503751896e-01,0.000000000000000000e+00,7.055482101412380302e-03,-8.388677486042165482e-03,3.903337861705284406e-01
6.199999999999985967e+00,-4.357177326082210200e+00,-7.882589232768536291e+00,9.500247126775377415e-01,-7.593441846705795140e-02,0.000000000000000000e+00,6.283050923672847787e+00,-1.177573654990228189e-02,3.951084356440995315e-01
6.249999999999985789e+00,-4.310924280423694022e+00,-7.880200116500690299e+00,9.390255588928442254e-01,-1.047441499124205921e-01,0.000000000000000000e+00,6.279147872652096396e+00,-8.442674895772491611e-03,3.860849034441088401e-01
6.299999999999985612e+00,-4.265909032372858789e+00,-7.877984595549226476e+00,9.179894682584394117e-01,-1.679396824675560285e-01,0.000000000000000000e+00,6.279947248877725485e+00,-6.057974215217157288e-03,4.401550144970953760e-01
6.349999999999985434e+00,-4.221337628745578385e+00,-7.875891939146110410e+00,9.044647554897805586e-01,-1.884505970486804460e-01,0.000000000000000000e+00,6.280844657977016965e+00,-2.725527575241121821e-03,5.435951514815814400e-01
6.399999999999985256e+00,-4.177169357804324967e+00,-7.873912765850130668e+00,8.946891847726367031e-01,-1.898627605075199343e-01,0.000000000000000000e+00,6.283129808447659670e+00,1.771384238182160389e-03,6.101206393553751939e-01
6.449999999999985079e+00,-4.132524365690672496e+00,-7.872639738750867089e+00,8.945757566252247051e-01,-1.523439209956639617e-01,0.000000000000000000e+00,4.407969405862210976e-02,5.850063366398666059e-02,6.582149583857199726e-01
6.499999999999984901e+00,-4.089576662898738668e+00,-7.871163649634455695e+00,8.765651412677788468e-01,-1.939175982263148801e-01,0.000000000000000000e+00,5.980683103557460356e-02,4.946310456880521206e-02,6.587730575662944510e-01
6.549999999999984723e+00,-4.045912555469718619e+00,-7.868245175241963985e+00,8.773979343682384302e-01,-1.518029061792135759e-01,0.000000000000000000e+00,6.507535785845064424e-03,-4.307536921236522487e-02,7.474050188698680985e-01
6.599999999999984546e+00,-4.002107452444072955e+00,-7.866446724147874825e+00,8.784940748141061295e-01,-1.170577631599000606e-01,0.000000000000000000e+00,7.056946064793123696e-03,-1.936769029034108441e-02,7.433061270334668791e-01
6.649999999999984368e+00,-3.959468544037481941e+00,-7.865125724048181333e+00,8.669008618387553655e-01,-1.400190624293232711e-01,0.000000000000000000e+00,3.222278367727415826e-02,1.989830019495751265e-02,7.379111703784587695e-01
6.699999999999984190e+00,-3.915469399144390739e+00,-7.862519045311273658e+00,8.767617209652993626e-01,-7.257181343728250078e-02,0.000000000000000000e+00,6.272069815353829014e+00,-4.332618649147551571e-02,7.949757778008624820e-01
6.749999999999984013e+00,-3.871814175135489755e+00,-7.860843465009983433e+00,8.765933551234115217e-01,-5.873091411737736689e-02,0.000000000000000000e+00,6.269544531448866920e+00,-2.345613248812231100e-02,7.464374753623470582e-01
6.799999999999983835e+00,-3.829143859475615308e+00,-7.859883094784652080e+00,8.664964638582119960e-01,-8.737229635470014633e-02,0.000000000000000000e+00,2.579789351428374289e-02,3.504107531925973462e-02,7.472661531844246863e-01
6.849999999999983658e+00,-3.784828995338490820e+00,-7.858537138142565937e+00,8.794164755314746174e-01,-1.821779039070943462e-02,0.000000000000000000e+00,4.366586959660168077e-02,4.085821636317869820e-02,7.969665389386397791e-01
6.899999999999983480e+00,-3.741864770933573059e+00,-7.856664243518878266e+00,8.709051616716045885e-01,-4.861948775204778805e-02,0.000000000000000000e+00,2.329361296160570305e-02,-5.560104783020929087e-03,7.333714045254094982e-01
6.949999999999983302e+00,-3.698355863114524134e+00,-7.853926395425569140e+00,8.734512984617888165e-01,-2.871104304090128789e-02,0.000000000000000000e+00,6.246146962903858402e+00,-8.003442332211960220e-02,7.752642885598760580e-01
6.999999999999983125e+00,-3.654572550673878428e+00,-7.853021130817728235e+00,8.762341713020047607e-01,-1.183734307185721653e-02,0.000000000000000000e+00,6.274512279050112440e+00,-2.045885443235757883e-03,7.627314676495090540e-01
7.049999999999982947e+00,-3.611248370907277128e+00,-7.852584921434671905e+00,8.731819117703873978e-01,-2.167891258395526766e-02,0.000000000000000000e+00,4.651542991723189857e-02,6.817110267092846287e-02,7.490340241777242447e-01
7.099999999999982769e+00,-3.567839884631521130e+00,-7.851814028352973374e+00,8.725049156667270545e-01,-2.005111448180559724e-02,0.000000000000000000e+00,9.489383095417114333e-02,9.697238491375485825e-02,7.640574394520279755e-01
7.149999999999982592e+00,-3.524092108425380676e+00,-7.848079744255026746e+00,8.771087845286136275e-01,2.374583862101879023e-03,0.000000000000000000e+00,4.344783690186204694e-03,-6.749054572267751406e-02,7.673897697476435020e-01
7.199999999999982414e+00,-3.480258098541681111e+00,-7.845869013201207665e+00,8.792631350916311206e-01,1.051706934175150598e-02,0.000000000000000000e+00,6.256608764272596268e+00,-7.004100835579173123e-02,7.447292753333547566e-01
7.249999999999982236e+00,-3.437616675753559115e+00,-7.844816091878288766e+00,8.674371533666722645e-01,-3.889027142643438489e-02,0.000000000000000000e+00,3.877941067559120825e-03,-1.816205531953656027e-03,7.341260926274175702e-01
7.299999999999982059e+00,-3.393543002887569937e+00,-7.844611984929829696e+00,8.770081756390935013e-01,7.171871948537578145e-03,0.000000000000000000e+00,8.210330004560617567e-02,1.005857445022923097e-01,7.923357565967095173e-01
7.349999999999981881e+00,-3.349725507834544480e+00,-7.841716749284694643e+00,8.793092549755227028e-01,1.494181490454690210e-02,0.000000000000000000e+00,3.433398544567545230e-02,-1.021277827442892278e-02,7.452244576076718641e-01
7.399999999999981704e+00,-3.306320247618378172e+00,-7.838620397728154110e+00,8.761487638518690169e-01,-6.885125709772659669e-04,0.000000000000000000e+00,6.251812348852849865e+00,-8.647034914366447111e-02,7.338991064425902655e-01
7.449999999999981526e+00,-3.263336100457320477e+00,-7.836932208406752309e+00,8.694070512261180550e-01,-2.751766055978575876e-02,0.000000000000000000e+00,6.256453031807826193e+00,-4.214500149117297173e-02,7.494543937832373048e-01
7.499999999999981348e+00,-3.219372833202660100e+00,-7.836563346073651459e+00,8.767245147417375151e-01,7.255725614649339433e-03,0.000000000000000000e+00,4.187434731467654103e-02,6.845342981754530542e-02,7.826386909225611088e-01
7.549999999999981171e+00,-3.175563035169299830e+00,-7.834789347778745139e+00,8.785969582327481930e-01,1.329435445576221050e-02,0.000000000000000000e+00,5.244910756739251667e-02,4.715129217195312278e-02,7.466206000113863039e-01
7.599999999999980993e+00,-3.132886883754372853e+00,-7.831811997155588401e+00,8.681817672011933329e-01,-3.102528056160982345e-02,0.000000000000000000e+00,6.279720983505603371e+00,-4.923148130085529262e-02,7.374048068352144769e-01
7.649999999999980815e+00,-3.088949732142098448e+00,-7.830357005012407612e+00,8.760460865180439427e-01,6.637052818114691499e-03,0.000000000000000000e+00,1.099069469245961272e-02,-4.002243423862031357e-03,7.886702623231542919e-01
7.699999999999980638e+00,-3.045371847023125689e+00,-7.829213415597530812e+00,8.759083845528159440e-01,4.758834393579757308e-03,0.000000000000000000e+00,3.931537284491248840e-02,3.394203352563082005e-02,7.499597654308746142e-01
7.749999999999980460e+00,-3.001902636544694580e+00,-7.828317227532551215e+00,8.743384982036380704e-01,-2.472477881847711008e-03,0.000000000000000000e+00,8.472145119481488962e-02,7.562977899305287077e-02,7.506375276776082739e-01
7.799999999999980282e+00,-2.958162361749455904e+00,-7.825253800361432255e+00,8.772785731326737668e-01,9.782317410664658971e-03,0.000000000000000000e+00,2.525787730561823707e-02,-3.846722267738386658e-02,7.583645498924057593e-01
7.849999999999980105e+00,-2.914521711727731557e+00,-7.822751267480866133e+00,8.774853404867024587e-01,8.652923344646498705e-03,0.000000000000000000e+00,6.275270081325561300e+00,-6.029174812539804529e-02,7.438936026434325166e-01
7.899999999999979927e+00,-2.871455820676092507e+00,-7.821208056599891378e+00,8.709153193223637679e-01,-1.935774598163766264e-02,0.000000000000000000e+00,3.127520050014709341e-03,-1.872586319389415999e-02,7.428759298558493818e-01
7.949999999999979750e+00,-2.827395666398525798e+00,-7.820455289634071327e+00,8.784099420296982430e-01,1.449229404402787788e-02,0.000000000000000000e+00,5.578095356927903481e-02,5.851807507438612499e-02,7.752142885205042244e-01
7.999999999999979572e+00,-2.783745532896966690e+00,-7.818567875974904879e+00,8.776492211489581585e-01,8.550951712261955356e-03,0.000000000000000000e+00,5.211029434917868741e-02,2.456522260443344541e-02,7.383252492212409868e-01
8.049999999999979394e+00,-2.740891887590410025e+00,-7.815558909650185626e+00,8.696783879945839679e-01,-2.504257124768730775e-02,0.000000000000000000e+00,6.273240888579472596e+00,-6.863142928796384101e-02,7.420693405775383722e-01
8.099999999999980105e+00,-2.696974522938642593e+00,-7.814235877219047666e+00,8.763471763607699749e-01,6.641096466594276215e-03,0.000000000000000000e+00,6.280321181813782516e+00,-2.287688366923930697e-02,7.813030292372534769e-01
8.149999999999980815e+00,-2.653245261281775846e+00,-7.813372078340495186e+00,8.775126658192162754e-01,9.974835007060558340e-03,0.000000000000000000e+00,3.876425199745270334e-02,4.131527835264271753e-02,7.484778220362652279e-01
8.199999999999981526e+00,-2.610016745617303791e+00,-7.812637760216706972e+00,8.725542872973066633e-01,-1.185364608198972124e-02,0.000000000000000000e+00,8.564265052860520200e-02,8.180582661301907810e-02,7.427414396288072318e-01
8.249999999999982236e+00,-2.566236322292478000e+00,-7.809549239038754642e+00,8.770452757715281322e-01,8.481037031293844550e-03,0.000000000000000000e+00,2.064884222247975742e-02,-4.324109062201680898e-02,7.671467498631810988e-01
8.299999999999982947e+00,-2.522388465637885435e+00,-7.807343308911853796e+00,8.794231104995653414e-01,1.629616853718377986e-02,0.000000000000000000e+00,6.277967260154411200e+00,-5.289494367253232132e-02,7.450418560641622889e-01
8.349999999999983658e+00,-2.479447432251650874e+00,-7.805917791062324973e+00,8.705346242850660055e-01,-2.251701002824981271e-02,0.000000000000000000e+00,8.716525694312693417e-03,-1.172829351631687889e-02,7.333387495765296693e-01
8.399999999999984368e+00,-2.435309207976520618e+00,-7.805241210884140912e+00,8.790373091743231004e-01,1.599713153442805166e-02,0.000000000000000000e+00,7.046391837297960592e-02,7.340350596825513663e-02,7.770882287787955756e-01
8.449999999999985079e+00,-2.391619774076739535e+00,-7.802712824282951765e+00,8.786469099965824592e-01,1.123610851657990024e-02,0.000000000000000000e+00,4.008000259944566324e-02,-1.235116963862560591e-03,7.352375327538896999e-01
8.499999999999985789e+00,-2.348573231947781004e+00,-7.799691780607025393e+00,8.721530616314876472e-01,-1.698650664711496422e-02,0.000000000000000000e+00,6.263685300062020289e+00,-7.750441595119787752e-02,7.371589585005809964e-01
8.549999999999986500e+00,-2.304941435019141505e+00,-7.798217997964405512e+00,8.743761040670670059e-01,-4.697035575374663291e-03,0.000000000000000000e+00,6.271067360380068401e+00,-2.869717150878998632e-02,7.691216922403436573e-01
8.599999999999987210e+00,-2.261021969833984624e+00,-7.797432976562544304e+00,8.785675586292522876e-01,1.300818978844115598e-02,0.000000000000000000e+00,3.590998614462748151e-02,4.721551660465547751e-02,7.581794502689088722e-01
8.649999999999987921e+00,-2.217588144298432873e+00,-7.796151503474460398e+00,8.752801944178048021e-01,-2.742905015036831498e-03,0.000000000000000000e+00,6.264934981369307820e-02,5.722370660297140810e-02,7.375495034023636931e-01
8.699999999999988631e+00,-2.174317198895074910e+00,-7.793107054343140661e+00,8.728371514776342988e-01,-1.196649577271133996e-02,0.000000000000000000e+00,4.024408062639039940e-03,-4.657838464003931367e-02,7.537294698158459871e-01
8.749999999999989342e+00,-2.130270509093842080e+00,-7.791215645608046358e+00,8.795177095239861131e-01,1.714903556723781225e-02,0.000000000000000000e+00,6.282192935868234684e+00,-2.722418126433070323e-02,7.657544236849601615e-01
8.799999999999990052e+00,-2.087450548722894261e+00,-7.789784862226333928e+00,8.696254843595484507e-01,-2.584967220395984616e-02,0.000000000000000000e+00,1.552911459833961061e-02,4.101435854898381750e-03,7.328731673109387668e-01
8.849999999999990763e+00,-2.043236504339870585e+00,-7.789155753814165806e+00,8.796152807130479534e-01,1.927944765082956896e-02,0.000000000000000000e+00,7.648958397365657191e-02,8.103095201361584787e-02,7.815634481220272711e-01
8.899999999999991473e+00,-1.999344911600479779e+00,-7.787043245785669754e+00,8.806673184707362045e-01,1.963170915141660214e-02,0.000000000000000000e+00,5.888548959723216569e-02,1.754161516534392257e-02,7.323929579587066252e-01
8.949999999999992184e+00,-1.956350162112405311e+00,-7.784397906861856953e+00,8.723094859784719102e-01,-1.772596264792341766e-02,0.000000000000000000e+00,1.189534477237419452e-02,-5.083705957215396698e-02,7.272152705917084292e-01
8.999999999999992895e+00,-1.912543108011440562e+00,-7.782881357686588508e+00,8.763991908042538803e-01,2.178049184788912948e-03,0.000000000000000000e+00,2.227655834718333949e-02,-1.145362632515442743e-02,7.683517271497039003e-01
9.049999999999993605e+00,-1.868793931682268816e+00,-7.781669338343280451e+00,8.777086715046664711e-01,6.980362149481419802e-03,0.000000000000000000e+00,4.529603749085531206e-02,2.335404020023604948e-02,7.482218113588972042e-01
9.099999999999994316e+00,-1.825574329456088662e+00,-7.780573565190259444e+00,8.726276008862170475e-01,-1.473999275421226940e-02,0.000000000000000000e+00,7.922899312298792296e-02,5.615192768314333782e-02,7.417767378878038498e-01
9.149999999999995026e+00,-1.781864572114550516e+00,-7.777296368301231055e+00,8.764851564134968909e-01,3.638227905749339200e-03,0.000000000000000000e+00,6.943077813989617653e-03,-6.514365481870959540e-02,7.667858818927714148e-01
9.199999999999995737e+00,-1.737894088425056882e+00,-7.775154068400129681e+00,8.803790617032376531e-01,1.848620348356229751e-02,0.000000000000000000e+00,6.272487737497892013e+00,-5.238498131338646668e-02,7.477986964528731129e-01
9.249999999999996447e+00,-1.695083869306954982e+00,-7.773741417756970584e+00,8.697815560377315514e-01,-2.760105987517396525e-02,0.000000000000000000e+00,9.471708604639417217e-03,-4.800864012733739583e-03,7.286339393551294341e-01
9.299999999999997158e+00,-1.650928200827145531e+00,-7.773276447570556691e+00,8.789843546793782991e-01,1.473034666644729845e-02,0.000000000000000000e+00,7.811026761125550166e-02,8.634036080432781757e-02,7.807951838165453351e-01
9.349999999999997868e+00,-1.607112351710042075e+00,-7.770781925760469555e+00,8.799133900372440031e-01,1.550041876462060313e-02,0.000000000000000000e+00,4.418736668899470033e-02,2.003817370641522433e-04,7.354981578397119524e-01
9.399999999999998579e+00,-1.563878002741683648e+00,-7.768013338562660408e+00,8.745817535198130432e-01,-8.926211058027055251e-03,0.000000000000000000e+00,5.227536216095174382e-03,-4.945627009467909452e-02,7.309257792340023707e-01
9.449999999999999289e+00,-1.520367285314143890e+00,-7.766319569995988381e+00,8.742635114655886719e-01,-8.413937063319111911e-03,0.000000000000000000e+00,1.245390505022747618e-02,-1.586278572858943609e-02,7.571672264028598276e-01
9.500000000000000000e+00,-1.476371992856642779e+00,-7.765222323675937233e+00,8.793400377556281899e-01,1.357495550950249541e-02,0.000000000000000000e+00,4.677920117947476086e-02,3.594370692866841188e-02,7.587336420992968344e-01
9.550000000000000711e+00,-1.432974203729172169e+00,-7.763840691916667147e+00,8.752305886952453928e-01,-5.577831833928958982e-03,0.000000000000000000e+00,6.499951738879250485e-02,4.101941408286201296e-02,7.337476043059619757e-01
9.600000000000001421e+00,-1.389721546975275945e+00,-7.761097825889445190e+00,8.723426247725449834e-01,-1.601412115794464269e-02,0.000000000000000000e+00,1.804941139980442699e-02,-3.940173441054708320e-02,7.539736299137005382e-01
9.650000000000002132e+00,-1.345672574708294933e+00,-7.759423819151223256e+00,8.791864552439687674e-01,1.456402495933903363e-02,0.000000000000000000e+00,1.741497586272622300e-02,-1.903926579396303734e-02,7.681886088673045565e-01
9.700000000000002842e+00,-1.302947458000099923e+00,-7.758050196357279660e+00,8.683933612959391368e-01,-3.152115582464668636e-02,0.000000000000000000e+00,2.859044000869914726e-02,3.005392045093500941e-03,7.345034848485685330e-01
9.750000000000003553e+00,-1.258593234618781587e+00,-7.756294593339745802e+00,8.808257719646674921e-01,2.451271801519536858e-02,0.000000000000000000e+00,2.516627764912549026e-02,-1.515339191075009209e-03,7.876286617042586036e-01
9.800000000000004263e+00,-1.215554047629220591e+00,-7.754787966614412831e+00,8.720118138209161929e-01,-1.564565816284840122e-02,0.000000000000000000e+00,2.624386861422500772e-02,-1.998084402793989800e-04,7.264354376834835092e-01
9.850000000000004974e+00,-1.172012619284616530e+00,-7.753893359569462795e+00,8.734189254102192601e-01,-6.888080173066532877e-03,0.000000000000000000e+00,6.208205209916783929e-02,4.594360782114548236e-02,7.698169559788153871e-01
9.900000000000005684e+00,-1.128185765744092794e+00,-7.751467619744393467e+00,8.773652720187536946e-01,1.027492229568428492e-02,0.000000000000000000e+00,1.137657782273482354e-02,-4.082829819134502214e-02,7.628908135371478272e-01
9.950000000000006395e+00,-1.084755137468328856e+00,-7.749581117818943987e+00,8.747555207822272916e-01,-2.219067109558036169e-03,0.000000000000000000e+00,6.270484654393537305e+00,-5.026047775325399869e-02,7.434668854114907521e-01
1.000000000000000711e+01,-1.041871758342403531e+00,-7.748657024786757219e+00,8.676596607392104143e-01,-3.015869385971353678e-02,0.000000000000000000e+00,1.337260729309264207e-02,5.505026418451255954e-03,7.563119322906052266e-01
1.005000000000000782e+01,-9.978453177721096079e-01,-7.748357156767954557e+00,8.766497888659328108e-01,1.183355741911824854e-02,0.000000000000000000e+00,7.481805039146571801e-02,8.094718181908944210e-02,7.912404192341880860e-01
1.010000000000000853e+01,-9.541611368222296941e-01,-7.746343878233704849e+00,8.771646628596430073e-01,1.152634191013535668e-02,0.000000000000000000e+00,5.628299366740385778e-02,1.668232358384097794e-02,7.469883923411332338e-01
1.015000000000000924e+01,-9.112355345772311654e-01,-7.743280990140026354e+00,8.700741661351487632e-01,-1.914091336986828776e-02,0.000000000000000000e+00,6.273472663011179229e+00,-7.514644843408195551e-02,7.444542507308237189e-01
1.020000000000000995e+01,-8.677255936787263702e-01,-7.741728046617032177e+00,8.722579760893507395e-01,-6.577490879086848527e-03,0.000000000000000000e+00,6.271421742545002509e+00,-4.015435283581516440e-02,7.793548137056067748e-01
1.025000000000001066e+01,-8.237965566087238622e-01,-7.741159698870991868e+00,8.776658146977038832e-01,1.636936173014279239e-02,0.000000000000000000e+00,3.475219766994719350e-02,3.955675495000814113e-02,7.686052732219800232e-01
1.030000000000001137e+01,-7.803910692738148525e-01,-7.740090183480542230e+00,8.744546714259274767e-01,2.509162970087911587e-04,0.000000000000000000e+00,5.391383548445194407e-02,4.365557035830034543e-02,7.419876704374547272e-01
1.035000000000001208e+01,-7.373699404840988736e-01,-7.737806127916880605e+00,8.693313374009794536e-01,-2.029260306218476709e-02,0.000000000000000000e+00,1.258855704028061240e-02,-3.102980341935849748e-02,7.577927346898303274e-01
1.040000000000001279e+01,-6.932856859039563391e-01,-7.736626886252174984e+00,8.780875290875550521e-01,1.879068429655407838e-02,0.000000000000000000e+00,3.231340593596243593e-02,1.043181289466552260e-02,7.830113951951501727e-01
1.045000000000001350e+01,-6.498769389195151458e-01,-7.735030754507415729e+00,8.748925229125950054e-01,2.252522737403256370e-03,0.000000000000000000e+00,3.413435294415201327e-02,7.429145569890521772e-03,7.399120844865509916e-01
1.050000000000001421e+01,-6.067922323572553234e-01,-7.732505842552025221e+00,8.703979754576797179e-01,-1.617617162973829237e-02,0.000000000000000000e+00,6.268858489633236886e+00,-5.922432455482311286e-02,7.556376005192095846e-01
1.055000000000001492e+01,-5.628710327839387961e-01,-7.731489695615884727e+00,8.766024727457955024e-01,1.187705184867215297e-02,0.000000000000000000e+00,1.779572154537056861e-02,1.293305549072303051e-02,7.777608746311821530e-01
1.060000000000001563e+01,-5.194322857650505165e-01,-7.730008348345927871e+00,8.747481290364235162e-01,2.084266641449883210e-03,0.000000000000000000e+00,2.086983261149200075e-02,1.007311079702431951e-02,7.472212772032534867e-01
1.065000000000001634e+01,-4.761407301419749993e-01,-7.727662314520538089e+00,8.724142529194707230e-01,-7.668091154651133189e-03,0.000000000000000000e+00,6.261148471754097500e+00,-5.057770907042144493e-02,7.563483149040911568e-01
1.070000000000001705e+01,-4.322769861464470509e-01,-7.726735790793583192e+00,8.767862281766833910e-01,1.135342810512951495e-02,0.000000000000000000e+00,2.256165777570373621e-03,7.261441580540095586e-03,7.678360357110992629e-01
1.075000000000001776e+01,-3.892000587998616368e-01,-7.725877077432758533e+00,8.709782899244109533e-01,-1.414901052498580836e-02,0.000000000000000000e+00,2.654840665489643925e-02,3.346190985393125705e-02,7.463168538225321003e-01
1.080000000000001847e+01,-3.453070808842517159e-01,-7.723831587474998983e+00,8.770944613372260168e-01,1.314547723127125999e-02,0.000000000000000000e+00,6.279782183879396129e+00,-2.087554985719966560e-02,7.749043221146455496e-01
1.085000000000001918e+01,-3.013934595272227401e-01,-7.722835418188057410e+00,8.793890164617443883e-01,1.969460228309036220e-02,0.000000000000000000e+00,6.806054520829718513e-03,3.385022003381215130e-03,7.447997719364006786e-01
1.090000000000001990e+01,-2.585806872932305267e-01,-7.722253308613619360e+00,8.692288490981974203e-01,-2.488498762771500575e-02,0.000000000000000000e+00,3.894759675816494848e-02,4.203389895230916218e-02,7.335065483245647444e-01
1.095000000000002061e+01,-2.145171730520464837e-01,-7.720195025411554113e+00,8.781625039581996139e-01,1.582662933783626075e-02,0.000000000000000000e+00,6.278520260815732001e+00,-3.450535225271470635e-02,7.835158986972716733e-01
1.100000000000002132e+01,-1.706552542827783625e-01,-7.719150048532590347e+00,8.793978172215985989e-01,1.760255652386488040e-02,0.000000000000000000e+00,6.282655541680647104e+00,-1.116905957504751856e-02,7.395430762376067335e-01
1.105000000000002203e+01,-1.277957488651780549e-01,-7.718724123127112868e+00,8.695698609139888013e-01,-2.522978001134672937e-02,0.000000000000000000e+00,3.494174443476261160e-02,3.865842284582215321e-02,7.334632340996215527e-01
1.110000000000002274e+01,-8.369441296048125978e-02,-7.716905432496929507e+00,8.785801695723247651e-01,1.585741062426596418e-02,0.000000000000000000e+00,6.275709781031775236e+00,-3.411268612659464072e-02,7.818372555811501368e-01
1.115000000000002345e+01,-3.999602616312349784e-02,-7.715832784693309243e+00,8.778498534087302296e-01,9.764663845034672260e-03,0.000000000000000000e+00,6.272260664746136527e+00,-2.097407319007264792e-02,7.374874358833695132e-01
1.120000000000002416e+01,2.998081409806216402e-03,-7.715590387358273183e+00,8.702073385490433077e-01,-2.275832836271951889e-02,0.000000000000000000e+00,2.890556684457834535e-02,3.902622293560602945e-02,7.410818702228781918e-01
1.125000000000002487e+01,4.706869611282696320e-02,-7.714061151763630164e+00,8.784360982042909161e-01,1.470837593081435191e-02,0.000000000000000000e+00,9.551538840463891233e-03,-4.736772319587904956e-03,7.786992764322616667e-01
1.130000000000002558e+01,9.059644976243276526e-02,-7.712808207453988985e+00,8.760843483457625425e-01,2.359701310538120031e-03,0.000000000000000000e+00,6.282755981316912042e+00,-1.504896742510809446e-02,7.381965155264395007e-01
1.135000000000002629e+01,1.338501022713353972e-01,-7.712394069136005115e+00,8.720812865184311979e-01,-1.412448626089465691e-02,0.000000000000000000e+00,3.244971213399416854e-02,3.400952476183138895e-02,7.497714429114886725e-01
1.140000000000002700e+01,1.778905012291755738e-01,-7.710823490723493379e+00,8.789845792973213223e-01,1.631358210684438065e-02,0.000000000000000000e+00,5.957466909523034815e-03,-1.621558342677215797e-02,7.694749904745147306e-01
1.145000000000002771e+01,2.212699139456875685e-01,-7.709403685469132128e+00,8.748752667994866838e-01,-3.386384305862816940e-03,0.000000000000000000e+00,6.264663728536429943e+00,-3.978051386171076176e-02,7.354970523415160777e-01
1.150000000000002842e+01,2.647691172696507445e-01,-7.709181638110891299e+00,8.740764717756017710e-01,-5.904287540229860229e-03,0.000000000000000000e+00,1.660507166745883723e-02,2.464586623094123380e-02,7.557225359335468795e-01
1.155000000000002913e+01,3.087711784815733163e-01,-7.708019547854201292e+00,8.793305360238490298e-01,1.629282696080484871e-02,0.000000000000000000e+00,6.278878199631186874e+00,-1.327805476465833759e-02,7.596542722996865171e-01
1.160000000000002984e+01,3.519736799713895636e-01,-7.706749598678395152e+00,8.731435658678092793e-01,-1.171361905551477137e-02,0.000000000000000000e+00,6.257616058352633459e+00,-3.544006667008653411e-02,7.337943685158214713e-01
1.165000000000003055e+01,3.957356739549692248e-01,-7.706842870984393024e+00,8.760773259886400766e-01,2.364145238911204844e-03,0.000000000000000000e+00,1.717220342494130136e-02,3.749005200238324231e-02,7.642461856997120329e-01
1.170000000000003126e+01,4.396476063827408076e-01,-7.706010017396662803e+00,8.791874424714991587e-01,1.433178212256511729e-02,0.000000000000000000e+00,1.191941281711628164e-02,1.232439694531464736e-02,7.498060065403125973e-01
1.175000000000003197e+01,4.826777967951077497e-01,-7.704669855984242588e+00,8.713522131039594942e-01,-1.987549177210611723e-02,0.000000000000000000e+00,6.264124221390938274e+00,-3.510331032623512093e-02,7.344986260459351879e-01
1.180000000000003268e+01,5.267403574613481743e-01,-7.704895964506770945e+00,8.785391367308317268e-01,1.284730108980362481e-02,0.000000000000000000e+00,2.576423709078223823e-02,4.095729647145569807e-02,7.730637304421784650e-01
1.185000000000003340e+01,5.706236370976811578e-01,-7.704109459293247752e+00,8.799583506548652734e-01,1.595469656797700655e-02,0.000000000000000000e+00,2.714538499177265862e-02,2.197059614291228813e-02,7.376893880537447323e-01
1.190000000000003411e+01,6.135859005139546740e-01,-7.702664383448279750e+00,8.710972757878810979e-01,-2.268054221355458866e-02,0.000000000000000000e+00,1.000058859454533433e-03,-2.282413500979907361e-02,7.307045011610996399e-01
1.195000000000003482e+01,6.577742710474160370e-01,-7.702410357798941121e+00,8.798281999239481177e-01,1.677926277342391484e-02,0.000000000000000000e+00,2.880775800403423403e-02,2.463247621843527024e-02,7.743186272266741055e-01
1.200000000000003553e+01,7.016185743300941136e-01,-7.701443455751098455e+00,8.800844612238969411e-01,1.444845541853441266e-02,0.000000000000000000e+00,1.974768513857494412e-02,9.208551030132350323e-04,7.313450511948013100e-01
1.205000000000003624e+01,7.447412243838826829e-01,-7.699805523000018859e+00,8.728328707022597888e-01,-1.744759775172066707e-02,0.000000000000000000e+00,6.256850728461244238e+00,-5.945958100602360963e-02,7.300838366339647001e-01
1.210000000000003695e+01,7.888390407304121110e-01,-7.699828908522192705e+00,8.795425365669254925e-01,1.288058525728589913e-02,0.000000000000000000e+00,6.739788092555265564e-03,1.388092893339749889e-02,7.657754946476462710e-01
1.215000000000003766e+01,8.324323095422399010e-01,-7.699397937056784436e+00,8.773472853907235969e-01,1.523463501021261879e-03,0.000000000000000000e+00,1.731204001290542749e-02,2.014831607614947159e-02,7.327509776956148135e-01
1.220000000000003837e+01,8.759049967374066270e-01,-7.698069658026331474e+00,8.750936518888527971e-01,-7.795763206666063427e-03,0.000000000000000000e+00,6.267341804407163153e+00,-3.247989064086419242e-02,7.435554124929609765e-01
1.225000000000003908e+01,9.200302270825169160e-01,-7.697959437445969222e+00,8.808468589952918038e-01,1.677621786042285054e-02,0.000000000000000000e+00,1.238186931298024263e-02,2.017477751365788496e-02,7.546476360318541410e-01
1.230000000000003979e+01,9.631268530591039490e-01,-7.697910981629837224e+00,8.727605895564134464e-01,-1.892410346717469244e-02,0.000000000000000000e+00,3.683583425602154904e-02,4.180161485609118488e-02,7.263316574935742009e-01
1.235000000000004050e+01,1.007083342398608750e+00,-7.696514001075631661e+00,8.783007702035434683e-01,7.021439814780020341e-03,0.000000000000000000e+00,6.282330367968455676e+00,-2.767897765710644609e-02,7.661312793476540151e-01
1.240000000000004121e+01,1.051152949294977157e+00,-7.696202936032247699e+00,8.816476471233327672e-01,1.900465953098102317e-02,0.000000000000000000e+00,8.502644048563823276e-03,-1.778129924051992730e-03,7.388625644052656538e-01
1.245000000000004192e+01,1.094018472851247870e+00,-7.696271268898319917e+00,8.708582767177035500e-01,-2.795375399773143699e-02,0.000000000000000000e+00,3.965685171267363529e-02,4.006436368504111972e-02,7.223905940406957216e-01
1.250000000000004263e+01,1.138270764893281495e+00,-7.694766448109731982e+00,8.807493548122913296e-01,1.720130918016541180e-02,0.000000000000000000e+00,4.270305155714027023e-03,-2.631165297440729231e-02,7.754950752650724421e-01
1.255000000000004334e+01,1.182114732225696185e+00,-7.693970284439150653e+00,8.804460034950586378e-01,1.254764207520158055e-02,0.000000000000000000e+00,8.273554923138526362e-03,-8.039997139619696129e-03,7.268115263669442383e-01
1.260000000000004405e+01,1.225414016446775278e+00,-7.693782787227656073e+00,8.746131785559912997e-01,-1.329318609610775741e-02,0.000000000000000000e+00,3.994538604395714287e-02,3.671962158635365403e-02,7.283044816285939582e-01
1.265000000000004476e+01,1.269661161170743569e+00,-7.692258092019706339e+00,8.822576702978123242e-01,1.994341809039746130e-02,0.000000000000000000e+00,4.379059951865826861e-03,-2.699451604394873666e-02,7.570125500692682641e-01
1.270000000000004547e+01,1.313263210600434494e+00,-7.691187058121267128e+00,8.785849293070450150e-01,1.263770509248942492e-03,0.000000000000000000e+00,6.268617567382845479e+00,-3.738932589980314969e-02,7.193884149983481580e-01
1.275000000000004619e+01,1.356582181106932294e+00,-7.691173806574650662e+00,8.738885258504336395e-01,-1.777459741904608564e-02,0.000000000000000000e+00,2.001251525078728832e-02,2.468227052391479270e-02,7.374640098099182195e-01
1.280000000000004690e+01,1.400736039773762265e+00,-7.690158046430386030e+00,8.808444824141561380e-01,1.360414831965273304e-02,0.000000000000000000e+00,5.220416641946279412e-03,-6.133478695841177580e-03,7.605793662303927949e-01
1.285000000000004761e+01,1.443995291741313691e+00,-7.688942457031447297e+00,8.744332201424718232e-01,-1.476173043101470725e-02,0.000000000000000000e+00,6.262612851827062954e+00,-3.706922253539008533e-02,7.263433538772052778e-01
1.290000000000004832e+01,1.487863862076836297e+00,-7.689019707292558792e+00,8.779392318245411442e-01,2.214662383465317713e-03,0.000000000000000000e+00,1.663289633491693564e-02,2.959315760773077383e-02,7.578983197742137357e-01
1.295000000000004903e+01,1.531834248339254190e+00,-7.688239806021134548e+00,8.806096010001756014e-01,1.245320660930993202e-02,0.000000000000000000e+00,6.374148005608759604e-03,2.005916221293195523e-03,7.406419693595945875e-01
1.300000000000004974e+01,1.575239525399518392e+00,-7.687121635090619520e+00,8.757879039247001840e-01,-9.324223014453448394e-03,0.000000000000000000e+00,6.265063416449264011e+00,-3.074855980266350333e-02,7.274993291497197090e-01
1.305000000000005045e+01,1.619011264143059181e+00,-7.687299002602212106e+00,8.774020429139389732e-01,-1.002822454607693071e-03,0.000000000000000000e+00,2.135177173971847253e-02,3.521659636253660769e-02,7.512305287425384837e-01
1.310000000000005116e+01,1.663039921367243990e+00,-7.686541836405885064e+00,8.810763944789963276e-01,1.389514829654305526e-02,0.000000000000000000e+00,1.135299913845333464e-02,4.956952152951079466e-03,7.432859054960255785e-01
1.315000000000005187e+01,1.706161948473772894e+00,-7.685286597607633219e+00,8.732200857740093358e-01,-2.030911618271307589e-02,0.000000000000000000e+00,6.257187295391773318e+00,-4.702205075805050011e-02,7.252019971600743853e-01
1.320000000000005258e+01,1.750327751709663815e+00,-7.685593350829353021e+00,8.805788745333287260e-01,1.318786209110668281e-02,0.000000000000000000e+00,1.554922358656440906e-02,3.117459341850964752e-02,7.638695394557261098e-01
1.325000000000005329e+01,1.794272201366567288e+00,-7.685189363704880705e+00,8.815268480964391085e-01,1.434218392532682351e-02,0.000000000000000000e+00,1.759399220162194410e-02,1.808449099773469862e-02,7.276505506562800374e-01
1.330000000000005400e+01,1.837563960755807413e+00,-7.684078337688286631e+00,8.750770565192038664e-01,-1.432541916867914426e-02,0.000000000000000000e+00,6.267108754367764156e+00,-3.461922573049313473e-02,7.229851004812105630e-01
1.335000000000005471e+01,1.881711587348235515e+00,-7.684330270361973803e+00,8.811267988524970063e-01,1.273863399822889979e-02,0.000000000000000000e+00,1.102763955605290391e-02,1.805808860364738547e-02,7.547293189373838196e-01
1.340000000000005542e+01,1.925451427306631658e+00,-7.684149097710450071e+00,8.796009138960410034e-01,4.087367372759196510e-03,0.000000000000000000e+00,1.581442221553608363e-02,1.508768441982016872e-02,7.249539323459918139e-01
1.345000000000005613e+01,1.968970676137040687e+00,-7.683142428286258152e+00,8.765684590210345295e-01,-8.859925601818367108e-03,0.000000000000000000e+00,6.264444134654956642e+00,-3.690074405132893337e-02,7.324636660720216241e-01
1.350000000000005684e+01,2.013196836970945203e+00,-7.683484569455276691e+00,8.826328843288050452e-01,1.716976074962702631e-02,0.000000000000000000e+00,1.135518957917991401e-02,2.021238425419765936e-02,7.473886892270924509e-01
1.355000000000005755e+01,2.056817837074246480e+00,-7.683472314800861902e+00,8.788662044981517818e-01,-1.330910722911218119e-03,0.000000000000000000e+00,2.157801032807959984e-02,2.291853039430273575e-02,7.175418463745867337e-01
1.360000000000005826e+01,2.100165232159521000e+00,-7.682515169900831609e+00,8.743089222501647662e-01,-1.929385757027678172e-02,0.000000000000000000e+00,6.269094925255491724e+00,-3.395320737809801037e-02,7.360796561402113136e-01
1.365000000000005898e+01,2.144237276074426379e+00,-7.682838395526141895e+00,8.799699385932343576e-01,7.208979316056620887e-03,0.000000000000000000e+00,1.586570672531362192e-02,2.123091130869096677e-02,7.585101256266701952e-01
1.370000000000005969e+01,2.187858601768168931e+00,-7.682795697758502129e+00,8.777510573872968624e-01,-3.108341370904556776e-03,0.000000000000000000e+00,2.779463209477217589e-02,2.564054899529416218e-02,7.306474700193057448e-01
1.375000000000006040e+01,2.231179182417726281e+00,-7.681833724736068625e+00,8.735960123655663878e-01,-1.910685318364530733e-02,0.000000000000000000e+00,6.277386262112572446e+00,-2.982924411358561095e-02,7.415681232935837919e-01
1.380000000000006111e+01,2.275390427326024145e+00,-7.682053951929463054e+00,8.811709730251630068e-01,1.501436009146979965e-02,0.000000000000000000e+00,2.675601750732248263e-02,2.606575227338590525e-02,7.620191613523442653e-01
1.385000000000006182e+01,2.318992760457073921e+00,-7.681790745293355371e+00,8.780875102941236854e-01,-3.223628509812712095e-04,0.000000000000000000e+00,3.520498702195240526e-02,2.385245945298739012e-02,7.247365296131139667e-01
1.390000000000006253e+01,2.362296110652042369e+00,-7.680522151330650971e+00,8.737026003144531261e-01,-1.779753019946700432e-02,0.000000000000000000e+00,6.275154406889435599e+00,-4.286387407259310833e-02,7.399121769833548745e-01
1.395000000000006324e+01,2.406515411719028386e+00,-7.680622309951362858e+00,8.813114731738674879e-01,1.619746727808341058e-02,0.000000000000000000e+00,1.168222282893527364e-02,3.889676964668138670e-03,7.614945186433565993e-01
1.400000000000006395e+01,2.449886381237002642e+00,-7.680588226375175687e+00,8.758324478744801134e-01,-8.958127375082459640e-03,0.000000000000000000e+00,2.372643806305330116e-02,1.753706954234347803e-02,7.240450607435809927e-01
1.405000000000006466e+01,2.493598273542213306e+00,-7.679562242076698908e+00,8.769624034405574253e-01,-2.646679635756784763e-03,0.000000000000000000e+00,6.271767653178569546e+00,-3.623201994156473316e-02,7.510112849668030277e-01
1.410000000000006537e+01,2.537790435752854457e+00,-7.679687390425736560e+00,8.823732127698495908e-01,1.952589360856292824e-02,0.000000000000000000e+00,1.479695944678205421e-02,1.505529532031071177e-02,7.454497419887118337e-01
1.415000000000006608e+01,2.580945654164494396e+00,-7.679834827208500414e+00,8.741343425174843418e-01,-1.733476612261018734e-02,0.000000000000000000e+00,3.951134332707972874e-02,4.021233933058711296e-02,7.188197859293961045e-01
1.420000000000006679e+01,2.624955298948762561e+00,-7.678637897258488110e+00,8.794289468948481847e-01,7.310604611366922426e-03,0.000000000000000000e+00,6.280619084331597435e+00,-3.426905782923880817e-02,7.593694257252137092e-01
1.425000000000006750e+01,2.669051015907579760e+00,-7.678446080280529884e+00,8.824126206021691843e-01,1.778317851837736899e-02,0.000000000000000000e+00,1.009016279440544395e-02,-1.213041004634148740e-03,7.333100249217187061e-01
1.430000000000006821e+01,2.711981873596978065e+00,-7.678616567417249072e+00,8.719093604915119089e-01,-2.778649762792660682e-02,0.000000000000000000e+00,4.027515653144586594e-02,3.963280184357932667e-02,7.186258450592143410e-01
1.435000000000006892e+01,2.756238741155006444e+00,-7.677273523231695762e+00,8.812063434544918916e-01,1.495873374957811669e-02,0.000000000000000000e+00,6.280619663851565448e+00,-3.623665821339881049e-02,7.703212628537018380e-01
1.440000000000006963e+01,2.800242026655913818e+00,-7.676775578896759100e+00,8.822751208541264045e-01,1.624209659820048668e-02,0.000000000000000000e+00,3.657277954867588221e-03,-1.010413341581056432e-02,7.245624545371550651e-01
1.445000000000007034e+01,2.843349044542299531e+00,-7.676814757337791839e+00,8.735586850932237635e-01,-2.187206576504967942e-02,0.000000000000000000e+00,3.348403680782485736e-02,3.357052156040299384e-02,7.193025340038899929e-01
1.450000000000007105e+01,2.887689505753647357e+00,-7.675431815187141460e+00,8.828258579597689781e-01,1.957103885414058705e-02,0.000000000000000000e+00,6.279324151142304800e+00,-3.115629230728172994e-02,7.622028923181263238e-01
1.455000000000007176e+01,2.931455758082199825e+00,-7.674756931913115920e+00,8.804811186476388940e-01,6.277873834792266350e-03,0.000000000000000000e+00,6.273377651566455881e+00,-2.298656048784107273e-02,7.165921558248959933e-01
1.460000000000007248e+01,2.974690160248553816e+00,-7.674905496797171267e+00,8.739974693150489582e-01,-2.091229826252556656e-02,0.000000000000000000e+00,2.118871186495319137e-02,2.765047438080629055e-02,7.281316606249474965e-01
1.465000000000007319e+01,3.019005869173908341e+00,-7.673983009670289235e+00,8.826588040521204936e-01,1.791550033826519450e-02,0.000000000000000000e+00,6.278793097268291490e+00,-1.849750589006058168e-02,7.600431321519989236e-01
1.470000000000007390e+01,3.062763049567786222e+00,-7.673387431891232957e+00,8.802269911821022363e-01,4.605148790539265874e-03,0.000000000000000000e+00,6.263474495460603642e+00,-2.831127736880302559e-02,7.174142861821131145e-01
1.475000000000007461e+01,3.106045589440910693e+00,-7.673820068822148066e+00,8.743612854443604254e-01,-1.977870391853549931e-02,0.000000000000000000e+00,1.693312240080580011e-02,3.178495115356657491e-02,7.293823643095335152e-01
1.480000000000007532e+01,3.150298648976818328e+00,-7.673132998403668026e+00,8.821627529236494292e-01,1.538290678232717007e-02,0.000000000000000000e+00,4.692973958570156867e-03,2.898872252197932931e-04,7.582523889191061794e-01
1.485000000000007603e+01,3.193832819940513268e+00,-7.672462164043919230e+00,8.777808442647243581e-01,-5.221309209838298146e-03,0.000000000000000000e+00,6.280620260170582725e+00,-9.249245022662663102e-03,7.198555408956246460e-01
1.490000000000007674e+01,3.237517152536445231e+00,-7.672723983456672059e+00,8.774894946006437380e-01,-5.342446024193103077e-03,0.000000000000000000e+00,3.428747530212206129e-02,4.256335349644405075e-02,7.414215185067410951e-01
1.495000000000007745e+01,3.281730976654878784e+00,-7.671774301202225033e+00,8.830779037047233881e-01,1.807967959696380258e-02,0.000000000000000000e+00,1.264131857723782559e-02,-6.628048385786976249e-03,7.428554840719228114e-01
1.500000000000007816e+01,3.325260651778611187e+00,-7.670852455396297565e+00,8.782710650117578899e-01,-4.763611094290680359e-03,0.000000000000000000e+00,6.276759140480066002e+00,-2.740979088935401042e-02,7.153517557940964888e-01
1.505000000000007887e+01,3.368969032016988940e+00,-7.670998968740318169e+00,8.778714528486304403e-01,-5.409337527942320242e-03,0.000000000000000000e+00,2.675630477257051609e-02,2.852402211936484744e-02,7.390087657762337559e-01
1.510000000000007958e+01,3.413162985727576704e+00,-7.670095294812822928e+00,8.830894228846937200e-01,1.654441012189896559e-02,0.000000000000000000e+00,1.042280154370445189e-02,-6.547135016079182190e-03,7.409755624750661296e-01
1.515000000000008029e+01,3.456502331787802973e+00,-7.668976247573679572e+00,8.763825819242099247e-01,-1.359183574441562639e-02,0.000000000000000000e+00,6.264891607850980648e+00,-4.045324423271895453e-02,7.152950662550533467e-01
1.520000000000008100e+01,3.500466563067763381e+00,-7.669148971828010808e+00,8.798100170991367541e-01,2.836272104174621111e-03,0.000000000000000000e+00,1.377494248537125543e-02,2.115626316262375628e-02,7.483035588310016362e-01
1.525000000000008171e+01,3.544485522221227480e+00,-7.668625030678538401e+00,8.821119743617409359e-01,1.147684673375629419e-02,0.000000000000000000e+00,6.104107888935672577e-03,8.969700940576266768e-04,7.314345399329907904e-01
1.530000000000008242e+01,3.587949568677078815e+00,-7.667527363506347449e+00,8.771726377545348008e-01,-1.057586904181922680e-02,0.000000000000000000e+00,6.250239337449970733e+00,-5.054877102838650771e-02,7.201054425894611866e-01
1.535000000000008313e+01,3.632089455933809496e+00,-7.668080904128201425e+00,8.819563401312187079e-01,1.067411427327997521e-02,0.000000000000000000e+00,1.183024079238492732e-02,3.287671794780615275e-02,7.444149995400706210e-01
1.540000000000008384e+01,3.676077916117946209e+00,-7.667878794930588882e+00,8.827498286106980618e-01,1.171324533654135094e-02,0.000000000000000000e+00,1.977010744078633309e-02,2.629365079707071326e-02,7.208713825656467566e-01
1.545000000000008455e+01,3.719457877380108357e+00,-7.666932247506382581e+00,8.764984722674244999e-01,-1.563482910386081171e-02,0.000000000000000000e+00,6.282146891261865207e+00,-1.339230167944252710e-02,7.169663223755987635e-01
1.550000000000008527e+01,3.763878846338936768e+00,-7.666982381487121856e+00,8.847391083418063573e-01,2.045468101443831399e-02,0.000000000000000000e+00,3.026312668780839488e-02,3.260596371537866772e-02,7.477331570904489633e-01
1.555000000000008598e+01,3.807426693870551215e+00,-7.666635805327328690e+00,8.791659745257525138e-01,-5.928790452664405713e-03,0.000000000000000000e+00,4.283085066350089676e-02,3.304877524413933620e-02,7.071765628528702274e-01
1.560000000000008669e+01,3.851176579902907182e+00,-7.664830061611203504e+00,8.792336201683503827e-01,-4.472449791740052728e-03,0.000000000000000000e+00,6.273040661657665495e+00,-5.100465572126753472e-02,7.346042840907652804e-01
1.565000000000008740e+01,3.895420541151497495e+00,-7.664319864820479999e+00,8.840546210113756631e-01,1.570604353870880612e-02,0.000000000000000000e+00,6.278314885811873580e+00,-1.789916912018340092e-02,7.342713550143179502e-01
1.570000000000008811e+01,3.938461178922872286e+00,-7.664207488361934217e+00,8.738490608803539672e-01,-2.825740569311915515e-02,0.000000000000000000e+00,1.537033569052681514e-02,1.619604789065012124e-02,7.105450620672230100e-01
1.575000000000008882e+01,3.982930503513615772e+00,-7.664802297054594149e+00,8.843476238258473066e-01,1.938832722747743653e-02,0.000000000000000000e+00,8.038353604324210977e-02,9.014605916551717002e-02,7.607736182707558470e-01
1.580000000000008953e+01,4.027105857509874376e+00,-7.663272077644229796e+00,8.856036270046183656e-01,2.053467449706611325e-02,0.000000000000000000e+00,4.931735681459592513e-02,4.376596219069738003e-03,7.091031314363575033e-01
1.585000000000009024e+01,4.070336192583937418e+00,-7.661465042597280117e+00,8.768550564987189766e-01,-1.856654242594416374e-02,0.000000000000000000e+00,6.282731549919107650e+00,-5.998118624910901697e-02,7.029221530614025992e-01
1.590000000000009095e+01,4.114439659607771027e+00,-7.660902671670885233e+00,8.815215564298528594e-01,3.812765783779932527e-03,0.000000000000000000e+00,6.282664927436343305e-03,-2.088231065167593659e-02,7.459780894056884382e-01
1.595000000000009166e+01,4.158432260966586469e+00,-7.660752909198106586e+00,8.823771487295202220e-01,6.472581825693348584e-03,0.000000000000000000e+00,3.785486852538344493e-02,2.927122079854483500e-02,7.230111431865058336e-01
1.600000000000009237e+01,4.201890768186477665e+00,-7.660677006128021382e+00,8.772630717590905736e-01,-1.527824242116362224e-02,0.000000000000000000e+00,7.662841279698540120e-02,6.628380806201626674e-02,7.188004155747304003e-01
1.605000000000009308e+01,4.246002567470589462e+00,-7.658423902030468078e+00,8.823102223317788040e-01,7.966008353821739385e-03,0.000000000000000000e+00,1.296644524884715821e-02,-4.969027265867066029e-02,7.439698978491132708e-01
1.610000000000009379e+01,4.290140924393054611e+00,-7.657120351476568665e+00,8.846088978165298489e-01,1.556750862206144129e-02,0.000000000000000000e+00,6.274760737615892481e+00,-5.100239050952129483e-02,7.191297860227138239e-01
1.615000000000009450e+01,4.333339668029054792e+00,-7.656599560233267709e+00,8.755075303830874844e-01,-2.395146283611979121e-02,0.000000000000000000e+00,4.502406242510303969e-03,-1.076467639777139475e-02,7.078173517057352315e-01
1.620000000000009521e+01,4.377725716050453464e+00,-7.656799654848012615e+00,8.840020115573201664e-01,1.481675442803441489e-02,0.000000000000000000e+00,5.734998113455436197e-02,6.153936743589080716e-02,7.526105216475587056e-01
1.625000000000009592e+01,4.421599018339043674e+00,-7.655779389557567427e+00,8.821558910787147267e-01,4.468921628005878034e-03,0.000000000000000000e+00,5.552257197650778409e-02,2.815648768700294152e-02,7.108039654526846496e-01
1.630000000000009663e+01,4.464742353898251359e+00,-7.653626169596495110e+00,8.743348584327036432e-01,-2.770899328163918540e-02,0.000000000000000000e+00,6.277948049166098166e+00,-6.322953256103348851e-02,7.198893107765718113e-01
1.635000000000009734e+01,4.509075113710355076e+00,-7.652829333879457074e+00,8.829247236857100667e-01,1.219226638671385907e-02,0.000000000000000000e+00,7.456572329381572217e-03,-1.391730433680977291e-02,7.583824651965540564e-01
1.640000000000009805e+01,4.552578981959856108e+00,-7.651828398341516291e+00,8.781120936897852669e-01,-9.496706874327836417e-03,0.000000000000000000e+00,1.542181342077508788e-02,2.612412255355408414e-03,7.161056043872835453e-01
1.645000000000009877e+01,4.596424155239243525e+00,-7.649945849709908430e+00,8.797123455171174111e-01,-1.196358190133783514e-03,0.000000000000000000e+00,6.259192501753094717e+00,-4.881860929079601119e-02,7.397911833777772728e-01
1.650000000000009948e+01,4.640567920654216749e+00,-7.649383453435904201e+00,8.830359876234592509e-01,1.233748187326014559e-02,0.000000000000000000e+00,1.630709682309827713e-03,9.181185626092921992e-03,7.319152416880132517e-01
1.655000000000010019e+01,4.683766169519909539e+00,-7.648973595547426285e+00,8.749371748667704729e-01,-2.252526552814653610e-02,0.000000000000000000e+00,2.609958561183933767e-02,3.493511400906771508e-02,7.155580382274726592e-01
1.660000000000010090e+01,4.727763716383064363e+00,-7.647330432347343887e+00,8.798249589325818354e-01,1.530923840727942131e-03,0.000000000000000000e+00,6.275569420317128611e+00,-2.531687171199569972e-02,7.554178215875367863e-01
1.665000000000010161e+01,4.771863753903643257e+00,-7.646793402452094490e+00,8.826132579590851845e-01,1.237793517859559281e-02,0.000000000000000000e+00,6.777623849234970521e-03,6.134521765371674443e-03,7.313610020820606739e-01
1.670000000000010232e+01,4.814728348133495039e+00,-7.646708710414628740e+00,8.711604337835281431e-01,-3.590894855935104768e-02,0.000000000000000000e+00,3.757301861008421895e-02,4.258646754552174868e-02,7.176384347717995604e-01
1.675000000000010303e+01,4.859283833825005061e+00,-7.645084162787847859e+00,8.834853339931001415e-01,2.057244199080646152e-02,0.000000000000000000e+00,6.272577768775442486e+00,-3.281897570119850227e-02,7.740077394192794724e-01
1.680000000000010374e+01,4.902633639576576385e+00,-7.644160040512463006e+00,8.738453600022968448e-01,-2.210194237056746849e-02,0.000000000000000000e+00,6.272434686221021849e+00,-1.210441744416425672e-02,7.133466692757182148e-01
1.685000000000010445e+01,4.948458182736467315e+00,-7.643830610261703740e+00,8.995219109017109638e-01,8.502464970120104937e-02,0.000000000000000000e+00,4.714977754050142522e-02,3.917036290953099242e-02,7.607918345114662584e-01
1.690000000000010516e+01,4.995969805036883038e+00,-7.643174222193681366e+00,9.301371919210998929e-01,1.904808438385148239e-01,0.000000000000000000e+00,1.338727275983551124e-01,4.715520150935737648e-02,6.344376177094105396e-01
1.695000000000010587e+01,5.044871197131468143e+00,-7.642293140941778695e+00,9.589673150351728514e-01,2.677051675271020503e-01,0.000000000000000000e+00,6.999377229347363283e-01,3.587156706819544932e-02,4.838567043671619383e-01
1.700000000000010658e+01,5.094107996092708035e+00,-7.641205765802742356e+00,9.745735300070886842e-01,2.765889939093441052e-01,0.000000000000000000e+00,2.920989516302780586e+00,1.350961806109574406e-02,3.421324205928076845e-01
1.705000000000010729e+01,5.143757729109641907e+00,-7.639929708742663195e+00,9.858231781704607233e-01,2.662697877809627744e-01,0.000000000000000000e+00,3.082991571911521511e+00,-7.622801444925424857e-03,2.654456533027023668e-01
1.710000000000010800e+01,5.191473116425647127e+00,-7.636824480200544940e+00,9.694247965693036928e-01,1.474223038201430414e-01,0.000000000000000000e+00,3.305223378008682822e+00,-1.342841902929355902e-01,2.101799080831330824e-01
1.715000000000010871e+01,5.239035066442379041e+00,-7.638542044478460191e+00,9.615640693789013760e-01,8.649493429450560988e-02,0.000000000000000000e+00,3.013372951119608789e+00,1.017625116829558030e-01,2.907434137863446066e-01
1.720000000000010942e+01,5.289201005412694556e+00,-7.636739822927948396e+00,9.899612144504059685e-01,1.827845277216212372e-01,0.000000000000000000e+00,3.165241902185370826e+00,-2.699720390893230182e-02,3.293708263271319381e-01
1.725000000000011013e+01,5.342258441683326531e+00,-7.636169260094961331e+00,1.034451637723196482e+00,3.241893152684565127e-01,0.000000000000000000e+00,3.138450791499383996e+00,6.328253701219487687e-04,1.898539615804434311e-01
1.730000000000011084e+01,5.396287059753364090e+00,-7.635645840709750942e+00,1.064538289784613179e+00,3.796980604604303089e-01,0.000000000000000000e+00,3.106278141687333072e+00,1.976715824546621328e-02,-2.858567061636794332e-02
1.735000000000011156e+01,5.451214710875527558e+00,-7.634633003396027462e+00,1.087889847501091189e+00,3.971646792342549692e-01,0.000000000000000000e+00,3.139850739815498226e+00,-9.809400855413012363e-03,-1.762055280509640665e-01
1.740000000000011227e+01,5.507073380900570747e+00,-7.633673922812948653e+00,1.107984752815540208e+00,3.981113646451989174e-01,0.000000000000000000e+00,3.166720014402608196e+00,-2.130108245727421745e-02,-2.907241200362715161e-01
1.745000000000011298e+01,5.563281302798160688e+00,-7.633011337810666319e+00,1.120236613500170231e+00,3.674965344546785584e-01,0.000000000000000000e+00,3.150841953705797671e+00,-5.312662797376174750e-04,-3.892328381120861991e-01
1.750000000000011369e+01,5.619656762790046223e+00,-7.632414166182665660e+00,1.127303783482590305e+00,3.222659074934227652e-01,0.000000000000000000e+00,3.129759380985688733e+00,1.356768620359478754e-02,-4.492759328722681911e-01
1.755000000000011440e+01,5.676217979559021742e+00,-7.631690402047171418e+00,1.132269730504469329e+00,2.776765140822540223e-01,0.000000000000000000e+00,3.122436913628561239e+00,1.180376822536690316e-02,-4.839041617206286117e-01
1.760000000000011511e+01,5.732869937087849976e+00,-7.630681151022018938e+00,1.135458273168074239e+00,2.348953819202226900e-01,0.000000000000000000e+00,3.153355035027807229e+00,-1.455153751177203428e-02,-5.082340047387743365e-01
1.765000000000011582e+01,5.789526825223870077e+00,-7.630124165111988432e+00,1.136722898952282179e+00,1.929748086730098400e-01,0.000000000000000000e+00,3.127853642224209363e+00,9.882285346122786016e-03,-5.238545882561567169e-01
1.770000000000011653e+01,5.846182428292740596e+00,-7.629160994871360124e+00,1.137227803949532712e+00,1.563994669274099969e-01,0.000000000000000000e+00,3.149497084427711258e+00,-9.621663960786855374e-03,-5.300497045833504339e-01
1.775000000000011724e+01,5.902854820803396407e+00,-7.628484214045352374e+00,1.137615527199015375e+00,1.266704665398586394e-01,0.000000000000000000e+00,3.138055320575682039e+00,2.896403872366851151e-03,-5.325230804193832324e-01
1.780000000000011795e+01,5.959525810709894955e+00,-7.627653009006069240e+00,1.137768325861915120e+00,1.019475678834858845e-01,0.000000000000000000e+00,3.144051879470684874e+00,-2.579083273747035700e-03,-5.344224031369596561e-01
1.785000000000011866e+01,6.016191796078752319e+00,-7.626898671508563154e+00,1.137738702060034912e+00,8.143955909926788028e-02,0.000000000000000000e+00,3.141489135765834106e+00,4.191864356270340059e-04,-5.351709075030181006e-01
1.790000000000011937e+01,6.072862948452526055e+00,-7.626148940036676649e+00,1.137794626265715925e+00,6.537534410213835523e-02,0.000000000000000000e+00,3.138728088509770586e+00,2.057629645896784029e-03,-5.350257915721126079e-01
1.795000000000012008e+01,6.129526418991678050e+00,-7.625406180470224449e+00,1.137781673195346066e+00,5.224846300023125445e-02,0.000000000000000000e+00,3.135931528494057208e+00,2.875350282743003531e-03,-5.352997432836199554e-01
1.800000000000012079e+01,6.186207618551287979e+00,-7.624656174551283527e+00,1.137980527800917407e+00,4.259418882247036076e-02,0.000000000000000000e+00,3.133970141610726401e+00,2.764029544907916844e-03,-5.352362910742028967e-01
1.805000000000012150e+01,6.242892114743102461e+00,-7.623849512825510821e+00,1.138045758724701040e+00,3.433627475311080979e-02,0.000000000000000000e+00,3.138312450218803118e+00,-1.513543377066793594e-03,-5.362104031868989429e-01
1.810000000000012221e+01,6.299565713591949390e+00,-7.623109824854457983e+00,1.137952898175528915e+00,2.709757760580015773e-02,0.000000000000000000e+00,3.134827567177743468e+00,1.582666617763379014e-03,-5.365299435877256551e-01
1.815000000000012292e+01,6.356250923564517485e+00,-7.622373885864499599e+00,1.138047267816285180e+00,2.205554064766517691e-02,0.000000000000000000e+00,3.131875975836962755e+00,2.822465437768903289e-03,-5.360750565059804185e-01
1.820000000000012363e+01,6.412931970344594390e+00,-7.621553262057618738e+00,1.138041480561179819e+00,1.762128349771070052e-02,0.000000000000000000e+00,3.137928875845716004e+00,-2.631818887062382494e-03,-5.365373360238437916e-01
1.825000000000012434e+01,6.469603162591967660e+00,-7.620842125523912713e+00,1.137902085130942487e+00,1.353944507721924033e-02,0.000000000000000000e+00,3.132967034191834532e+00,2.048497722765939798e-03,-5.365089865745594766e-01
1.830000000000012506e+01,6.526263295977491552e+00,-7.620021096793232473e+00,1.137733604891719263e+00,1.015763510488251059e-02,0.000000000000000000e+00,3.140744793572009641e+00,-4.240650796199327277e-03,-5.358261431840772859e-01
1.835000000000012577e+01,6.582938027629912092e+00,-7.619351597259186981e+00,1.137839675190753796e+00,8.550389280044135704e-03,0.000000000000000000e+00,3.131538611548766227e+00,4.146858430122702874e-03,-5.350008224421655134e-01
1.840000000000012648e+01,6.639603099345957382e+00,-7.618574697898528036e+00,1.137764312989642868e+00,6.538862619591597099e-03,0.000000000000000000e+00,3.137508585113645498e+00,-1.972528773131097639e-03,-5.355204208709472002e-01
1.845000000000012719e+01,6.696276981513354265e+00,-7.617883339004835719e+00,1.137811468120430991e+00,5.419710618825769599e-03,0.000000000000000000e+00,3.130106232198082150e+00,4.045794478250149678e-03,-5.351512499464994299e-01
1.850000000000012790e+01,6.752953701998184677e+00,-7.616935307521583987e+00,1.137928959957266173e+00,4.805735842401336402e-03,0.000000000000000000e+00,3.153645559155548561e+00,-1.395053500665795719e-02,-5.353822451594121290e-01
1.855000000000012861e+01,6.809634215509994704e+00,-7.616180219574192556e+00,1.137983288971934570e+00,4.061904732594654940e-03,0.000000000000000000e+00,3.155799516672064708e+00,-8.438883320547437006e-03,-5.359577925234659812e-01
1.860000000000012932e+01,6.866322406312290738e+00,-7.615567390587242969e+00,1.138056198639153971e+00,3.541162454953322887e-03,0.000000000000000000e+00,3.142748570092201987e+00,4.656796923704315666e-03,-5.362239290752914833e-01
1.865000000000013003e+01,6.923010099142101303e+00,-7.614989462578664714e+00,1.138093827692149507e+00,2.983446175944799803e-03,0.000000000000000000e+00,3.126480080441801146e+00,1.340959881772685845e-02,-5.365810845490922576e-01
1.870000000000013074e+01,6.979701335788091043e+00,-7.614347313121349714e+00,1.138166933106172340e+00,2.679178596847170586e-03,0.000000000000000000e+00,3.117289926667086153e+00,1.298610177407255248e-02,-5.367654141346379637e-01
1.875000000000013145e+01,7.036398188313052415e+00,-7.613606747021572474e+00,1.138267800471191915e+00,2.546812337556029430e-03,0.000000000000000000e+00,3.118736189061156239e+00,5.532049070929146925e-03,-5.371235277735550984e-01
1.880000000000013216e+01,7.093098467615805980e+00,-7.612802987741230432e+00,1.138360722860623397e+00,2.409139427770747889e-03,0.000000000000000000e+00,3.127253513572673338e+00,-3.031782504724467309e-03,-5.376176351179462465e-01
1.885000000000013287e+01,7.149803262025015371e+00,-7.612001151895630535e+00,1.138457673117705848e+00,2.315112570546396832e-03,0.000000000000000000e+00,3.136310503866533317e+00,-7.687400830471605162e-03,-5.380728225231961037e-01
1.890000000000013358e+01,7.206512271939492287e+00,-7.611251973785120306e+00,1.138538932055500386e+00,2.177125807615261800e-03,0.000000000000000000e+00,3.140769147133883443e+00,-6.878568925283936111e-03,-5.385477399249694042e-01
1.895000000000013429e+01,7.263223562871440109e+00,-7.610567473135398942e+00,1.138590627136127242e+00,1.948480968599633923e-03,0.000000000000000000e+00,3.139218119204663537e+00,-2.364479896878662543e-03,-5.389457916911410962e-01
1.900000000000013500e+01,7.319936398150633572e+00,-7.609922771549375575e+00,1.138627566988921203e+00,1.706544186055545696e-03,0.000000000000000000e+00,3.134123218893001717e+00,2.328643840578881706e-03,-5.391990228288264797e-01
1.905000000000013571e+01,7.376650356881664372e+00,-7.609280456076225718e+00,1.138653447597876678e+00,1.468757784666336252e-03,0.000000000000000000e+00,3.129168502925904427e+00,4.588938422012486459e-03,-5.393799745421242742e-01
1.910000000000013642e+01,7.433365449070072017e+00,-7.608613719271813736e+00,1.138678439015791355e+00,1.274971899391775859e-03,0.000000000000000000e+00,3.127133018181818880e+00,3.714039751182464030e-03,-5.395067519248665233e-01
1.915000000000013713e+01,7.490083510337001371e+00,-7.607919236332355339e+00,1.138727138712732012e+00,1.214776307276046931e-03,0.000000000000000000e+00,3.128423817981291766e+00,9.848570389987413090e-04,-5.396291735067477724e-01
1.920000000000013785e+01,7.546805926895169492e+00,-7.607212989451537233e+00,1.138799084644829707e+00,1.259604774211611593e-03,0.000000000000000000e+00,3.131458038896265617e+00,-1.584884540352342244e-03,-5.398677309972186311e-01
1.925000000000013856e+01,7.603533755422344775e+00,-7.606516302418694586e+00,1.138891878194192575e+00,1.378858016820757844e-03,0.000000000000000000e+00,3.134158551042482088e+00,-2.641119137052291756e-03,-5.402201607505274783e-01
1.930000000000013927e+01,7.660266167329288223e+00,-7.605842791430260874e+00,1.138983989997495616e+00,1.471533626668765186e-03,0.000000000000000000e+00,3.135123134371448739e+00,-1.971898473874757717e-03,-5.406747126308091289e-01
1.935000000000013998e+01,7.717002080385057639e+00,-7.605192818880179395e+00,1.139061558228778859e+00,1.487499826467978455e-03,0.000000000000000000e+00,3.134239010044016727e+00,-3.590536613861441137e-04,-5.411259241995621805e-01
1.940000000000014069e+01,7.773740794684959710e+00,-7.604556052352771545e+00,1.139125794636461242e+00,1.446945491903911746e-03,0.000000000000000000e+00,3.132515992162519858e+00,1.032031589957972543e-03,-5.415058931943840248e-01
1.945000000000014140e+01,7.830481381683995323e+00,-7.603921251904409928e+00,1.139172963710043618e+00,1.346232687852630698e-03,0.000000000000000000e+00,3.131042672628373769e+00,1.556821769739761847e-03,-5.418205556712323290e-01
1.950000000000014211e+01,7.887224216484886696e+00,-7.603281138129044159e+00,1.139218468042813015e+00,1.259003481359690464e-03,0.000000000000000000e+00,3.130599611667348015e+00,1.104373863124613955e-03,-5.420516134626230942e-01
1.955000000000014282e+01,7.943970031479348215e+00,-7.602636629359572851e+00,1.139270171539862986e+00,1.214016773287632765e-03,0.000000000000000000e+00,3.131138847461843788e+00,1.918008474485835839e-04,-5.422745163302918892e-01
1.960000000000014353e+01,8.000720806689383124e+00,-7.601993368648480853e+00,1.139349976854698632e+00,1.290434677972685396e-03,0.000000000000000000e+00,3.132079849665777793e+00,-5.448501217633425079e-04,-5.425277855657860693e-01
1.965000000000014424e+01,8.057476363501679728e+00,-7.601357615958697522e+00,1.139438639177364543e+00,1.386997033041787895e-03,0.000000000000000000e+00,3.132804614262582277e+00,-7.648601008155818132e-04,-5.429187109007385104e-01
1.970000000000014495e+01,8.114237272598915141e+00,-7.600732451968804426e+00,1.139538433158743480e+00,1.508773551949173794e-03,0.000000000000000000e+00,3.133025051904386959e+00,-5.216251131495560842e-04,-5.433530215121590290e-01
1.975000000000014566e+01,8.171002131677022717e+00,-7.600117521725620051e+00,1.139626847164091128e+00,1.560674862949925669e-03,0.000000000000000000e+00,3.132710364594652130e+00,-2.519775040131782152e-05,-5.438418594929432803e-01
1.980000000000014637e+01,8.227769318528954656e+00,-7.599510168984039638e+00,1.139692405861089552e+00,1.510774678353635084e-03,0.000000000000000000e+00,3.132481032379148544e+00,1.640497235451252771e-04,-5.442749522433328879e-01
1.985000000000014708e+01,8.284534658473397428e+00,-7.598909124366119094e+00,1.139704387815507314e+00,1.256547560353952694e-03,0.000000000000000000e+00,3.132330793412508640e+00,1.921705789120607840e-04,-5.445960886574529036e-01
1.990000000000014779e+01,8.341298263323263740e+00,-7.598304818297163976e+00,1.139686682289109187e+00,9.344159426906581368e-04,0.000000000000000000e+00,3.132757570389915092e+00,-2.072337535116984032e-04,-5.446547816964928401e-01
1.995000000000014850e+01,8.398046959376186393e+00,-7.597706242581111269e+00,1.139474369061784786e+00,-1.017201551450655451e-04,0.000000000000000000e+00,3.133007977488736273e+00,-3.026929200977483388e-04,-5.445680520053280960e-01
2.000000000000014921e+01,8.454791656045589576e+00,-7.597107329526136432e+00,1.139367886842179267e+00,-5.073050025381235697e-04,0.000000000000000000e+00,3.133061789002135278e+00,-1.900679619267313381e-04,-5.435280434372170566e-01
2.005000000000014992e+01,8.511527228606880158e+00,-7.596508539384966063e+00,1.139214690577197597e+00,-1.018629061957169492e-03,0.000000000000000000e+00,3.133418742397861223e+00,-3.513059935435871358e-04,-5.430064426720769832e-01
2.010000000000015064e+01,8.568258159498336468e+00,-7.595912374873234896e+00,1.139088892655719665e+00,-1.318094935477458858e-03,0.000000000000000000e+00,3.133669815665551805e+00,-3.612418677583800102e-04,-5.422560124308296592e-01
2.015000000000015135e+01,8.624989283732700684e+00,-7.595317457323145227e+00,1.139049340838796276e+00,-1.212683216075520314e-03,0.000000000000000000e+00,3.133845541031616833e+00,-3.028360082498366985e-04,-5.416397911142920574e-01
2.020000000000015206e+01,8.681718868069800976e+00,-7.594719764614592528e+00,1.138996430157723116e+00,-1.181789297153051010e-03,0.000000000000000000e+00,3.134685249507767058e+00,-7.061824429999458315e-04,-5.414460461854324613e-01
2.025000000000015277e+01,8.738418502429691870e+00,-7.594125279905870052e+00,1.138630268776975596e+00,-2.410076960712502318e-03,0.000000000000000000e+00,3.135015980715510686e+00,-5.836815399405355983e-04,-5.411868625231344154e-01
2.030000000000015348e+01,8.795099125062424861e+00,-7.593532286042129265e+00,1.138264526017623623e+00,-3.391032605977870734e-03,0.000000000000000000e+00,3.135306760326721065e+00,-5.089250783965450307e-04,-5.393932093810360762e-01
2.035000000000015419e+01,8.851777906551664188e+00,-7.592943167589116804e+00,1.138082208857446265e+00,-3.442094725491721529e-03,0.000000000000000000e+00,3.135718152516843382e+00,-5.415533862218112164e-04,-5.376015949435980490e-01
2.040000000000015490e+01,8.908452399200717409e+00,-7.592360681823900670e+00,1.137956970705749971e+00,-3.254628387178546897e-03,0.000000000000000000e+00,3.135854269587044385e+00,-3.684161425348629723e-04,-5.367084981532813659e-01
2.045000000000015561e+01,8.965125168287881863e+00,-7.591784756955894053e+00,1.137889004667900661e+00,-2.875566861140072417e-03,0.000000000000000000e+00,3.135733269296790748e+00,-1.076997562265340842e-04,-5.360950062359786106e-01
2.050000000000015632e+01,9.021802130762571537e+00,-7.591213946787872757e+00,1.137910040884305252e+00,-2.216308623293696337e-03,0.000000000000000000e+00,3.135460646812004093e+00,1.328546729966699881e-04,-5.357620670511433758e-01
2.055000000000015703e+01,9.078483409564663376e+00,-7.590645751915204187e+00,1.137971142769477195e+00,-1.528639357947186254e-03,0.000000000000000000e+00,3.135353180825243058e+00,1.428351155492402170e-04,-5.358651153375022513e-01
2.060000000000015774e+01,9.135167054067375503e+00,-7.590079547240671687e+00,1.138026884359100599e+00,-9.999451278641375944e-04,0.000000000000000000e+00,3.135377014917606786e+00,5.681300852157385422e-05,-5.361644296122620723e-01
2.065000000000015845e+01,9.191853587378918888e+00,-7.589515829505454114e+00,1.138085791255749157e+00,-5.643285156970797743e-04,0.000000000000000000e+00,3.135726988124043491e+00,-2.115923993987846102e-04,-5.364374856022051663e-01
2.070000000000015916e+01,9.248543450536967470e+00,-7.588957458320837013e+00,1.138147492838660568e+00,-2.046564809120236914e-04,0.000000000000000000e+00,3.136117174919883954e+00,-3.729350762626782128e-04,-5.367260468778418669e-01
2.075000000000015987e+01,9.305236665947880681e+00,-7.588406501523825121e+00,1.138210331775046491e+00,8.763056081406852367e-05,0.000000000000000000e+00,3.136393504788219211e+00,-3.754514367644220000e-04,-5.370282978697857867e-01
2.080000000000016058e+01,9.361934284324622269e+00,-7.587864303040989356e+00,1.138286327492198158e+00,3.740873172579174720e-04,0.000000000000000000e+00,3.136192812697963905e+00,-4.592403303966662714e-05,-5.373361199457684645e-01
2.085000000000016129e+01,9.418636777549956207e+00,-7.587328889774238583e+00,1.138372639907123229e+00,6.445195135066154575e-04,0.000000000000000000e+00,3.135715085747466269e+00,3.096071554986058998e-04,-5.377083912034954505e-01
2.090000000000016200e+01,9.475345207362897426e+00,-7.586797253152101739e+00,1.138478100196471443e+00,9.374567681981413065e-04,0.000000000000000000e+00,3.135220238681486915e+00,4.993896215077919939e-04,-5.381311990278861979e-01
2.095000000000016271e+01,9.532059333024012204e+00,-7.586266775775813542e+00,1.138591015164209574e+00,1.201625285511032136e-03,0.000000000000000000e+00,3.135033845008310838e+00,3.807942753651751065e-04,-5.386478032472258315e-01
2.100000000000016342e+01,9.588778165570852607e+00,-7.585737456261952616e+00,1.138694715170990079e+00,1.376100255530839653e-03,0.000000000000000000e+00,3.135199710303959275e+00,7.714068282372292138e-05,-5.392009236043936449e-01
2.105000000000016414e+01,9.645502085226578259e+00,-7.585211009742062416e+00,1.138798510812163656e+00,1.516062769118971081e-03,0.000000000000000000e+00,3.135475253489860226e+00,-1.470799438910667261e-04,-5.397089029532862181e-01
2.110000000000016485e+01,9.702228476663794510e+00,-7.584689989398663457e+00,1.138868521436798620e+00,1.492892713835029502e-03,0.000000000000000000e+00,3.135699460332771693e+00,-2.261853697627631095e-04,-5.402173498122608830e-01
2.115000000000016556e+01,9.758958179508136155e+00,-7.584176420567156462e+00,1.138934742390218524e+00,1.459197984747637135e-03,0.000000000000000000e+00,3.135708430326512364e+00,-1.182926278677682869e-04,-5.405602989527131808e-01
2.120000000000016627e+01,9.815693390111436045e+00,-7.583670788776272431e+00,1.139025170804060849e+00,1.529072043167404573e-03,0.000000000000000000e+00,3.135395993265329917e+00,1.597025923715196310e-04,-5.408846838733769591e-01
2.125000000000016698e+01,9.872434237097131415e+00,-7.583170922204629960e+00,1.139127032401400008e+00,1.630704023890553996e-03,0.000000000000000000e+00,3.134853574639089313e+00,4.570613113200081641e-04,-5.413276489855457507e-01
2.130000000000016769e+01,9.929181861144778409e+00,-7.582673630635828665e+00,1.139249181950072298e+00,1.793161413801596868e-03,0.000000000000000000e+00,3.134358923640554018e+00,5.725303726419687369e-04,-5.418266188675335826e-01
2.135000000000016840e+01,9.985936126488400788e+00,-7.582177021051809795e+00,1.139379233625734678e+00,1.954735833690787392e-03,0.000000000000000000e+00,3.134038649714044222e+00,5.098035517993702729e-04,-5.424249682288938557e-01
2.140000000000016911e+01,1.004269648384163283e+01,-7.581680305379277840e+00,1.139507465545871012e+00,2.076716347497961548e-03,0.000000000000000000e+00,3.133901865735159831e+00,3.532058617688997744e-04,-5.430620246849908739e-01
2.145000000000016982e+01,1.009946193455128949e+01,-7.581183925291098191e+00,1.139622268009707451e+00,2.120582933344117467e-03,0.000000000000000000e+00,3.133917675466618924e+00,1.704672160006069062e-04,-5.436901656166058805e-01
2.150000000000017053e+01,1.015623188956801037e+01,-7.580689517229806995e+00,1.139721184722173097e+00,2.092133196537874443e-03,0.000000000000000000e+00,3.133900398225524242e+00,1.025396027516414744e-04,-5.442525214412603507e-01
2.155000000000017124e+01,1.021300634426291509e+01,-7.580198571972838195e+00,1.139812844174818984e+00,2.040344367813842243e-03,0.000000000000000000e+00,3.133817557726266134e+00,1.126132323833099698e-04,-5.447370605306693925e-01
2.160000000000017195e+01,1.026978618040686797e+01,-7.579711999005716905e+00,1.139912334199970623e+00,2.030235594857621954e-03,0.000000000000000000e+00,3.133389543050618009e+00,3.563751485205320568e-04,-5.451860494794155132e-01
2.165000000000017266e+01,1.032657252200971776e+01,-7.579228117941558374e+00,1.140028674559565580e+00,2.089549914265920790e-03,0.000000000000000000e+00,3.132977259201172870e+00,4.644197484872536084e-04,-5.456733952234456009e-01
2.170000000000017337e+01,1.038336741009161379e+01,-7.578746012533478904e+00,1.140177696222965720e+00,2.267726585013286368e-03,0.000000000000000000e+00,3.132557551155241704e+00,5.249024176929717326e-04,-5.462432801714842689e-01
2.175000000000017408e+01,1.044017053136398765e+01,-7.578264323801424673e+00,1.140338692676313048e+00,2.458167081399933920e-03,0.000000000000000000e+00,3.132219872387376647e+00,4.996634110573275160e-04,-5.469732503919686462e-01
2.180000000000017479e+01,1.049698137285544064e+01,-7.577782738673304763e+00,1.140497301840813105e+00,2.600970323120164063e-03,0.000000000000000000e+00,3.132037206345422486e+00,3.810912524911780992e-04,-5.477618759012093941e-01
2.185000000000017550e+01,1.055379895005375168e+01,-7.577301805336112750e+00,1.140644645262805845e+00,2.670149946467085394e-03,0.000000000000000000e+00,3.131963632168700329e+00,2.476472934060365365e-04,-5.485388052492654598e-01
2.190000000000017621e+01,1.061062280744080510e+01,-7.576822938306979616e+00,1.140779303147778645e+00,2.674751497064860144e-03,0.000000000000000000e+00,3.131815954238663213e+00,2.334382342533679886e-04,-5.492605486025722294e-01
2.195000000000017693e+01,1.066745295832466844e+01,-7.576347119356343640e+00,1.140906557707953795e+00,2.648819438352479488e-03,0.000000000000000000e+00,3.131453971041991746e+00,3.743282144083018748e-04,-5.499201517451489662e-01
2.200000000000017764e+01,1.072429072651796567e+01,-7.575874291580267261e+00,1.141047830053184331e+00,2.684144931604121390e-03,0.000000000000000000e+00,3.130903981771528066e+00,5.746726878647064139e-04,-5.505434892338628705e-01
2.205000000000017835e+01,1.078113764865034518e+01,-7.575402932342962359e+00,1.141212441825096624e+00,2.805763032932459891e-03,0.000000000000000000e+00,3.130337781861359581e+00,6.841743707536424805e-04,-5.512354890625241755e-01
2.210000000000017906e+01,1.083799484847347649e+01,-7.574932113230515185e+00,1.141402694057168210e+00,3.005619354632301128e-03,0.000000000000000000e+00,3.129886062101181476e+00,6.578601110043449506e-04,-5.520418110703645409e-01
2.215000000000017977e+01,1.089486358430260715e+01,-7.574461652210184859e+00,1.141618388240533966e+00,3.267272217168850929e-03,0.000000000000000000e+00,3.129457616657250529e+00,6.312447366678336025e-04,-5.529737253852982093e-01
2.220000000000018048e+01,1.095174333745101691e+01,-7.573991009561742871e+00,1.141840037378117234e+00,3.500414324068142416e-03,0.000000000000000000e+00,3.129108003896882817e+00,5.662920429945158575e-04,-5.540302583510346990e-01
2.225000000000018119e+01,1.100863247268092238e+01,-7.573520672073965621e+00,1.142043128128755747e+00,3.612694461808553265e-03,0.000000000000000000e+00,3.128879750588826170e+00,4.487134599723366932e-04,-5.551159560993332853e-01
2.230000000000018190e+01,1.106553186512492815e+01,-7.573051795355826066e+00,1.142248821894339184e+00,3.712930631780578077e-03,0.000000000000000000e+00,3.128553221368807868e+00,4.619354478481109329e-04,-5.561107459789313978e-01
2.235000000000018261e+01,1.112244436696264138e+01,-7.572573757546287254e+00,1.142472394295662719e+00,3.864634110718590584e-03,0.000000000000000000e+00,3.129441783870826832e+00,-3.543708105994587687e-04,-5.571182823383442617e-01
2.240000000000018332e+01,1.117934909988753844e+01,-7.572096373871995745e+00,1.142470376416172773e+00,3.083635770615088170e-03,0.000000000000000000e+00,3.130097468382198045e+00,-6.158714879718686815e-04,-5.582133881778461593e-01
2.245000000000018403e+01,1.123621996539141321e+01,-7.571613374897081528e+00,1.142054202697392551e+00,8.022137413712074512e-04,0.000000000000000000e+00,3.131697071102070851e+00,-1.482518303487381436e-03,-5.582035041888256943e-01
2.250000000000018474e+01,1.129309085814603719e+01,-7.571136775622854032e+00,1.141896332715459206e+00,1.029106536359447426e-05,0.000000000000000000e+00,3.132493182438983226e+00,-1.315285417973528206e-03,-5.561649919123722308e-01
2.255000000000018545e+01,1.134996148484010448e+01,-7.570666359375392673e+00,1.141845165842041210e+00,-1.964346413811054223e-04,0.000000000000000000e+00,3.132887720821316613e+00,-9.255695214139905442e-04,-5.553917052727914694e-01
2.260000000000018616e+01,1.140682146388445162e+01,-7.570203662005236644e+00,1.141687706108522882e+00,-7.869866471781878205e-04,0.000000000000000000e+00,3.132687085802354776e+00,-3.332260137299618264e-04,-5.551410766583889655e-01
2.265000000000018687e+01,1.146370110877955106e+01,-7.569759401484404293e+00,1.141887819224759681e+00,1.708631472046371995e-04,0.000000000000000000e+00,3.130783099176186912e+00,1.194376023004726844e-03,-5.543697965882697920e-01
2.270000000000018758e+01,1.152057185397164751e+01,-7.569301056078526990e+00,1.141828972879883164e+00,-9.869486174235697065e-05,0.000000000000000000e+00,3.131484223975265824e+00,9.715338674732838624e-05,-5.553500040038361618e-01
2.275000000000018829e+01,1.157742772156153599e+01,-7.568844683397204953e+00,1.141596840544534475e+00,-1.007485230788629548e-03,0.000000000000000000e+00,3.130847623172249072e+00,4.543039555238695317e-04,-5.550617592820475954e-01
2.280000000000018900e+01,1.163429227760093099e+01,-7.568381370527694330e+00,1.141654159311634498e+00,-5.767131162308147601e-04,0.000000000000000000e+00,3.130903123518952391e+00,1.989335553338991876e-04,-5.539247116431691431e-01
2.285000000000018971e+01,1.169114899965370924e+01,-7.567913155064030839e+00,1.141577121751044643e+00,-7.695207353440648192e-04,0.000000000000000000e+00,3.131691136269446396e+00,-4.558919757960957705e-04,-5.542054750806256758e-01
2.290000000000019043e+01,1.174800238399520502e+01,-7.567459159961435589e+00,1.141507133457447809e+00,-8.955697626625853513e-04,0.000000000000000000e+00,3.131010371467023656e+00,2.123030731180755625e-04,-5.538281233806876536e-01
2.295000000000019114e+01,1.180487848887112889e+01,-7.566994430043402886e+00,1.141745183401238428e+00,2.357439650323948791e-04,0.000000000000000000e+00,3.131611100690432359e+00,-3.176125945136124874e-04,-5.534853005202786669e-01
2.300000000000019185e+01,1.186177117551637217e+01,-7.566534180565450463e+00,1.141994241025955148e+00,1.184825670892781027e-03,0.000000000000000000e+00,3.132202700049835364e+00,-5.071583600561666971e-04,-5.546513360630144218e-01
2.305000000000019256e+01,1.191862411332058080e+01,-7.566072312334743977e+00,1.141686592434369985e+00,-2.827338296264115874e-04,0.000000000000000000e+00,3.132933197527478342e+00,-7.744549618712831930e-04,-5.558712849165770020e-01
2.310000000000019327e+01,1.197547140912718078e+01,-7.565614516706236081e+00,1.141489179451934177e+00,-1.015838993444347213e-03,0.000000000000000000e+00,3.133330221919360170e+00,-6.806990227266137726e-04,-5.543643415052568191e-01
2.315000000000019398e+01,1.203233092927236036e+01,-7.565162890688665875e+00,1.141511308362164856e+00,-7.241555538327641359e-04,0.000000000000000000e+00,3.133109464238474917e+00,-1.574209336289798117e-04,-5.533973565494703095e-01
2.320000000000019469e+01,1.208917183018265895e+01,-7.564716193812434319e+00,1.141329665826327444e+00,-1.305894586415848324e-03,0.000000000000000000e+00,3.132647419687089485e+00,2.422568425792994556e-04,-5.535057504206861712e-01
2.325000000000019540e+01,1.214600919818797919e+01,-7.564272239273736709e+00,1.141228230148403355e+00,-1.450458380829028207e-03,0.000000000000000000e+00,3.132043535437242010e+00,5.215641554832068988e-04,-5.526160108900944889e-01
2.330000000000019611e+01,1.220286633748164107e+01,-7.563826206611504510e+00,1.141401827478041309e+00,-4.659773861114190020e-04,0.000000000000000000e+00,3.131832592797171522e+00,4.072799657485379177e-04,-5.521191472870516925e-01
2.335000000000019682e+01,1.225973624164297959e+01,-7.563381861269244055e+00,1.141623747839877190e+00,5.148995384543768750e-04,0.000000000000000000e+00,3.131351294714721067e+00,5.428458633324146970e-04,-5.529694806198436341e-01
2.340000000000019753e+01,1.231660250833346559e+01,-7.562936658448629501e+00,1.141661427499305326e+00,5.626382684760429000e-04,0.000000000000000000e+00,3.130975388598686848e+00,5.127312488910449207e-04,-5.540565111776818430e-01
2.345000000000019824e+01,1.237347930876208757e+01,-7.562491814145547053e+00,1.141818429381519895e+00,1.078118143639102003e-03,0.000000000000000000e+00,3.130896036300010454e+00,3.176803672994282660e-04,-5.542410766865056848e-01
2.350000000000019895e+01,1.243035864589987405e+01,-7.562049402920081320e+00,1.141917219404344763e+00,1.257654606210749544e-03,0.000000000000000000e+00,3.130688935863135569e+00,3.145523204829375036e-04,-5.550101144487656901e-01
2.355000000000019966e+01,1.248723713100816290e+01,-7.561608499105112458e+00,1.141938372331638085e+00,1.090735394141886458e-03,0.000000000000000000e+00,3.130436659157084467e+00,3.333911210680979773e-04,-5.554940136241645066e-01
2.360000000000020037e+01,1.254412035226310707e+01,-7.561167991506143160e+00,1.142006331506747685e+00,1.144425015751904685e-03,0.000000000000000000e+00,3.130166550538713288e+00,3.574884778993302334e-04,-5.555976260398276523e-01
2.365000000000020108e+01,1.260100961482829973e+01,-7.560729025062383535e+00,1.142106775420876019e+00,1.317315669114854995e-03,0.000000000000000000e+00,3.129883712601166934e+00,3.775473651787166884e-04,-5.559305070872115895e-01
2.370000000000020179e+01,1.265790890777586419e+01,-7.560296245229745971e+00,1.142242218229004402e+00,1.595623767805409102e-03,0.000000000000000000e+00,3.128888402129206714e+00,9.129173338275235272e-04,-5.564225057624859749e-01
2.375000000000020250e+01,1.271479651563987368e+01,-7.559861756702258795e+00,1.142167396314651695e+00,9.772113568335023814e-04,0.000000000000000000e+00,3.128227275733520329e+00,9.250398454741395968e-04,-5.570859360936069038e-01
2.380000000000020322e+01,1.277167422208524883e+01,-7.559427272880236970e+00,1.142039037557475822e+00,2.683340567633186102e-04,0.000000000000000000e+00,3.127716089110660569e+00,7.993962195321672537e-04,-5.567194411816117627e-01
2.385000000000020393e+01,1.282856009820205045e+01,-7.558990181414375620e+00,1.142074660818138909e+00,3.571602880630002949e-04,0.000000000000000000e+00,3.127513674398131993e+00,5.429122258629109432e-04,-5.560907093621322295e-01
2.390000000000020464e+01,1.288544933890691446e+01,-7.558550015047588388e+00,1.142129348261363031e+00,5.044780033468842292e-04,0.000000000000000000e+00,3.127665213500382180e+00,1.732058727482543685e-04,-5.562652007398628529e-01
2.395000000000020535e+01,1.294233879718807145e+01,-7.558108956858954564e+00,1.142163053094284120e+00,5.384017343618603679e-04,0.000000000000000000e+00,3.127922329278728597e+00,-9.262107979006114784e-05,-5.565330728912905034e-01
2.400000000000020606e+01,1.299923328683560975e+01,-7.557669076717543177e+00,1.142231974736304112e+00,7.064079555694535760e-04,0.000000000000000000e+00,3.128051196991455729e+00,-1.340208121247739997e-04,-5.566981670759402201e-01
2.405000000000020677e+01,1.305613373213332373e+01,-7.557231555556794156e+00,1.142325869947686146e+00,9.407072099836915040e-04,0.000000000000000000e+00,3.127947526599239580e+00,8.196242707302498756e-06,-5.570357611444202162e-01
2.410000000000020748e+01,1.311304015137392298e+01,-7.556795897336867185e+00,1.142436765602149906e+00,1.196148385841989828e-03,0.000000000000000000e+00,3.127662125595944254e+00,2.034391970908314227e-04,-5.574956808235208561e-01
2.415000000000020819e+01,1.316995387465994760e+01,-7.556360218174342336e+00,1.142568298564111018e+00,1.483050556518030957e-03,0.000000000000000000e+00,3.127343740816395989e+00,3.226501660076334845e-04,-5.580388714513017101e-01
2.420000000000020890e+01,1.322687571104526327e+01,-7.555923071372300015e+00,1.142718008456687251e+00,1.785280015519348376e-03,0.000000000000000000e+00,3.127128781245422040e+00,3.120812701674720215e-04,-5.586831466033868043e-01
2.425000000000020961e+01,1.328380414834028045e+01,-7.555483546754177659e+00,1.142862395551064836e+00,2.005772389925810240e-03,0.000000000000000000e+00,3.127163632903015689e+00,1.340142006970197752e-04,-5.594164541762145504e-01
2.430000000000021032e+01,1.334073825600466456e+01,-7.555042453246936240e+00,1.142988966755086766e+00,2.110902728028361992e-03,0.000000000000000000e+00,3.127243036945043020e+00,1.615008262727395962e-05,-5.601236877777360235e-01
2.435000000000021103e+01,1.339767710660935052e+01,-7.554600787494226033e+00,1.143095811998616984e+00,2.116103156543556151e-03,0.000000000000000000e+00,3.127433958241046863e+00,-1.198583917693234066e-04,-5.607436544600158390e-01
2.440000000000021174e+01,1.345462029585470454e+01,-7.554160309839879517e+00,1.143191055662923228e+00,2.073857182459814749e-03,0.000000000000000000e+00,3.127451999182718545e+00,-6.680677257728319146e-05,-5.612669990156239352e-01
2.445000000000021245e+01,1.351156779402543329e+01,-7.553721302419106109e+00,1.143279501493958961e+00,2.012869070110777890e-03,0.000000000000000000e+00,3.127321344722744367e+00,6.082714366955318858e-05,-5.617335163813557131e-01
2.450000000000021316e+01,1.356852068364436192e+01,-7.553283295442978051e+00,1.143377396609682739e+00,2.001875718983730373e-03,0.000000000000000000e+00,3.126975013992348007e+00,2.726937188140153762e-04,-5.621667362440038174e-01
2.455000000000021387e+01,1.362548027105473025e+01,-7.552844301669010108e+00,1.143495724422968429e+00,2.074811828329738324e-03,0.000000000000000000e+00,3.126672915768695216e+00,3.474003898050028252e-04,-5.626462391918917172e-01
2.460000000000021458e+01,1.368244613808332488e+01,-7.552403238252061612e+00,1.143620416738981627e+00,2.158618726716573372e-03,0.000000000000000000e+00,3.126493338589409365e+00,2.980169716633854541e-04,-5.632258229973279295e-01
2.465000000000021529e+01,1.373941837228394647e+01,-7.551959530964478695e+00,1.143749995831000454e+00,2.245211349448562529e-03,0.000000000000000000e+00,3.126491543923077820e+00,1.521870488451506059e-04,-5.638365795496192989e-01
2.470000000000021600e+01,1.379639565656889388e+01,-7.551513362827073195e+00,1.143863023800797629e+00,2.248280958747542798e-03,0.000000000000000000e+00,3.126689790923797840e+00,-5.871934494435982377e-05,-5.644712705954821885e-01
2.475000000000021672e+01,1.385337710413372747e+01,-7.551067018559583843e+00,1.143959106423001693e+00,2.182955255814282396e-03,0.000000000000000000e+00,3.126801850750574374e+00,-1.015463510622039312e-04,-5.650248914068949357e-01
2.480000000000021743e+01,1.391036161378237601e+01,-7.550621352185747703e+00,1.144035893037169682e+00,2.053510661323380317e-03,0.000000000000000000e+00,3.126825660728876244e+00,-6.248908394784203604e-05,-5.654955115391691045e-01
2.485000000000021814e+01,1.396735030265817201e+01,-7.550176643004593124e+00,1.144114441459088916e+00,1.957002216735633567e-03,0.000000000000000000e+00,3.126729916527616560e+00,4.003089925876997533e-05,-5.658716177368182665e-01
2.490000000000021885e+01,1.402434326134724074e+01,-7.549732752274737280e+00,1.144193860654505235e+00,1.883278555053779363e-03,0.000000000000000000e+00,3.126438463047751526e+00,2.244827172662530344e-04,-5.662563528482785769e-01
2.495000000000021956e+01,1.408134180683604164e+01,-7.549288210601491578e+00,1.144292212718582169e+00,1.900031100350754992e-03,0.000000000000000000e+00,3.126077612279574147e+00,3.629484977934937986e-04,-5.666453525041922346e-01
2.500000000000022027e+01,1.413834673109577089e+01,-7.548841013371766273e+00,1.144409890940700336e+00,1.990737768753266142e-03,0.000000000000000000e+00,3.125932046171991718e+00,2.820561102801570608e-04,-5.671270856295731466e-01
2.505000000000022098e+01,1.419535766522399456e+01,-7.548391218133962965e+00,1.144530973159374687e+00,2.076919089700009994e-03,0.000000000000000000e+00,3.125945843763359377e+00,1.323311732922003770e-04,-5.677034780710882300e-01
2.510000000000022169e+01,1.425237365680670720e+01,-7.547939053473085025e+00,1.144642571664598929e+00,2.107929292656969544e-03,0.000000000000000000e+00,3.126080390547372190e+00,-2.342556195000090977e-05,-5.682965421302563769e-01
2.515000000000022240e+01,1.430938005329048224e+01,-7.547465426475045369e+00,1.144557683537271942e+00,1.346790924817630516e-03,0.000000000000000000e+00,3.128389162487271502e+00,-1.652382702597690513e-03,-5.688431535415722218e-01
2.520000000000022311e+01,1.436634777535401142e+01,-7.546992630359111942e+00,1.144023360560738833e+00,-1.059859166278297573e-03,0.000000000000000000e+00,3.130916541236163031e+00,-2.659889247427256118e-03,-5.684273701247953836e-01
2.525000000000022382e+01,1.442311826964529686e+01,-7.546499370621002178e+00,1.141320244986651078e+00,-1.166034962937350684e-02,0.000000000000000000e+00,3.135622718230048900e+00,-4.711604148845068528e-03,-5.658102328280821824e-01
2.530000000000022453e+01,1.447807191438687724e+01,-7.546033657054250554e+00,1.116435251388780303e+00,-1.088682540949805072e-01,0.000000000000000000e+00,3.134586167729860762e+00,-4.690914753408313188e-03,-5.525698647162452515e-01
2.535000000000022524e+01,1.453225904449884887e+01,-7.545586045029433642e+00,1.097122609473039745e+00,-1.643451709389455451e-01,0.000000000000000000e+00,3.125244065829471563e+00,-3.910993433448133917e-03,-4.306479042211873165e-01
2.540000000000022595e+01,1.458668808972740827e+01,-7.545150523746494642e+00,1.093049667210095333e+00,-1.477679058029338632e-01,0.000000000000000000e+00,3.079604023401762536e+00,-1.215592171014720328e-03,-3.359891915645344396e-01
2.545000000000022666e+01,1.464076470722423196e+01,-7.544698359550790379e+00,1.086864479984075871e+00,-1.429550735464245881e-01,0.000000000000000000e+00,7.130606482415480230e-02,-2.960928678066352456e-03,-3.160218860847568423e-01
2.550000000000022737e+01,1.469458249346215339e+01,-7.544244564349982696e+00,1.081085492786774793e+00,-1.374800076263436588e-01,0.000000000000000000e+00,2.458828073595853425e-02,-1.796098627614056741e-03,-2.856966254961148532e-01
2.555000000000022808e+01,1.474872141882593191e+01,-7.543767409926945611e+00,1.082230687588172868e+00,-1.054032268954827045e-01,0.000000000000000000e+00,2.411998640863188825e-02,-4.127640196147745744e-04,-2.573598366409642346e-01
2.560000000000022879e+01,1.480256824258578874e+01,-7.543269536675412112e+00,1.079232265162140880e+00,-9.631627122051394929e-02,0.000000000000000000e+00,3.138301913015606459e-02,-4.092070803776923769e-05,-2.629754416562946617e-01
2.565000000000022951e+01,1.485476020383559259e+01,-7.542771464948323512e+00,1.058028547229205030e+00,-1.618678887081533568e-01,0.000000000000000000e+00,2.428363990506809955e-02,-9.159451747164189988e-04,-2.482720571401643428e-01
2.570000000000023022e+01,1.490621987290920103e+01,-7.542278203334999986e+00,1.040780702173003114e+00,-1.984856911913293886e-01,0.000000000000000000e+00,7.106851603035480025e-03,-4.634227046467464736e-03,-1.442723788252261163e-01
2.575000000000023093e+01,1.495744712731796255e+01,-7.541826822258317797e+00,1.031073176921351475e+00,-1.976186539596695158e-01,0.000000000000000000e+00,6.271770046704239654e+00,-7.487143431447427187e-03,-5.964586072581482684e-02
2.580000000000023164e+01,1.500823840945877308e+01,-7.541450282278324480e+00,1.021941567593632527e+00,-1.946213604786108942e-01,0.000000000000000000e+00,6.267667983858260072e+00,-5.111879732778215439e-03,-1.200424963253139687e-02
2.585000000000023235e+01,1.505877439351933411e+01,-7.541146505263784938e+00,1.015223486833677136e+00,-1.825694114227099096e-01,0.000000000000000000e+00,6.277232665334445905e+00,-7.822403156610303193e-06,3.281860351733617565e-02
2.590000000000023306e+01,1.510925102555475874e+01,-7.540880533148895282e+00,1.011817563977942758e+00,-1.596792205611052562e-01,0.000000000000000000e+00,2.084366641398105457e-03,2.431653143299799744e-03,6.579930317375871918e-02
2.595000000000023377e+01,1.515965712574917212e+01,-7.540625831162945936e+00,1.009607970411142031e+00,-1.365817507160869693e-01,0.000000000000000000e+00,6.075650810204891172e-03,2.443092102782905457e-03,8.252134668287941510e-02
2.600000000000023448e+01,1.521000199044698675e+01,-7.540383920895665781e+00,1.007989128270767587e+00,-1.157407691343672607e-01,0.000000000000000000e+00,6.280486841414856691e+00,-1.527922766702397451e-03,9.337033065632362183e-02
2.605000000000023519e+01,1.526034349540927693e+01,-7.540181010389853888e+00,1.007298633171648028e+00,-9.535459570397200602e-02,0.000000000000000000e+00,6.268957430361790983e+00,-4.420985788897333416e-03,1.013190334309844176e-01
2.610000000000023590e+01,1.531068866600565137e+01,-7.540047150429719736e+00,1.007063636413300989e+00,-7.722366359656575308e-02,0.000000000000000000e+00,6.263497267107542399e+00,-3.947444071426607290e-03,1.047095155379107606e-01
2.615000000000023661e+01,1.536102784443403024e+01,-7.539988564118985437e+00,1.006896104201328024e+00,-6.244905972514445958e-02,0.000000000000000000e+00,6.265502505092149121e+00,-1.373559067644410363e-03,1.058634107583605322e-01
2.620000000000023732e+01,1.541137169756892433e+01,-7.539989603509748228e+00,1.006884717636376880e+00,-5.000479403992014182e-02,0.000000000000000000e+00,6.271146525835401775e+00,1.088862631665655232e-03,1.066860405087762947e-01
2.625000000000023803e+01,1.546172277501232983e+01,-7.540029494866596238e+00,1.006967024636583830e+00,-3.967460723110832754e-02,0.000000000000000000e+00,6.275946802219102061e+00,2.070444022172415657e-03,1.067419517999771139e-01
2.630000000000023874e+01,1.551207488766450737e+01,-7.540093879580024527e+00,1.007012703205513615e+00,-3.155697150916752375e-02,0.000000000000000000e+00,6.276634897583234007e+00,1.246915607026042845e-03,1.063378011439088389e-01
2.635000000000023945e+01,1.556242998346097295e+01,-7.540183322070165062e+00,1.007067246348591461e+00,-2.502740463502264173e-02,0.000000000000000000e+00,6.274098466702213273e+00,-2.052738107681526588e-04,1.061135067082215611e-01
2.640000000000024016e+01,1.561279386704867633e+01,-7.540305904459131625e+00,1.007195321314641179e+00,-1.950962384381924736e-02,0.000000000000000000e+00,6.269961782601591871e+00,-1.449679087863287117e-03,1.058456849997081034e-01
2.645000000000024087e+01,1.566316241651925267e+01,-7.540472451713438495e+00,1.007304054632826684e+00,-1.517276580231338365e-02,0.000000000000000000e+00,6.266256121499326426e+00,-1.934316830969882691e-03,1.052168030274336086e-01
2.650000000000024158e+01,1.571353017725450840e+01,-7.540690619024999819e+00,1.007340472137535636e+00,-1.199254262301490022e-02,0.000000000000000000e+00,6.264710233222454683e+00,-1.483423457985253661e-03,1.046828948111386687e-01
2.655000000000024230e+01,1.576389837973152908e+01,-7.540960432076879272e+00,1.007363338197988067e+00,-9.502569856602197801e-03,0.000000000000000000e+00,6.265123385306397452e+00,-6.201358786344589834e-04,1.045040758465412972e-01
2.660000000000024301e+01,1.581426664934240556e+01,-7.541276638273464172e+00,1.007376517683786554e+00,-7.549337942087811990e-03,0.000000000000000000e+00,6.266575026190974285e+00,1.533021676782380109e-04,1.043917978887869691e-01
2.665000000000024372e+01,1.586463361044978093e+01,-7.541632610611816112e+00,1.007369267887406217e+00,-6.068469539191600169e-03,0.000000000000000000e+00,6.267847828624011797e+00,4.820723683334101608e-04,1.043270834064279617e-01
2.670000000000024443e+01,1.591500021767216211e+01,-7.542024453641696269e+00,1.007365312078413844e+00,-4.870598867322772918e-03,0.000000000000000000e+00,6.267913232266131729e+00,2.511069721630394326e-04,1.043626816689015163e-01
2.675000000000024514e+01,1.596536724583287103e+01,-7.542451120092914962e+00,1.007372174041895940e+00,-3.869031239929832718e-03,0.000000000000000000e+00,6.266758792926063748e+00,-2.665569390150957559e-04,1.043821056545881087e-01
2.680000000000024585e+01,1.601573494827193755e+01,-7.542915365928783089e+00,1.007386997263355788e+00,-3.035932106104476634e-03,0.000000000000000000e+00,6.265130328354114653e+00,-6.847720614031622272e-04,1.043484117433803593e-01
2.685000000000024656e+01,1.606609803690398053e+01,-7.543443541555508780e+00,1.007345161106743214e+00,-2.596090311333873295e-03,0.000000000000000000e+00,6.275540168571076549e+00,3.112146064661532301e-03,1.042756261316938049e-01
2.690000000000024727e+01,1.611646542523320136e+01,-7.543959635843869194e+00,1.007378503882883747e+00,-1.943501144504970529e-03,0.000000000000000000e+00,6.281475880580009274e+00,3.552122970330970526e-03,1.044810518553942746e-01
2.695000000000024798e+01,1.616683346199614135e+01,-7.544408802006860704e+00,1.007391875593185659e+00,-1.501314074396326893e-03,0.000000000000000000e+00,6.273370536901273553e+00,-9.482661469601021999e-04,1.043173306868821482e-01
2.700000000000024869e+01,1.621719128733985116e+01,-7.544921156224880576e+00,1.007281936187569560e+00,-1.640808881981453693e-03,0.000000000000000000e+00,6.267437104359710354e+00,-2.492656845471652970e-03,1.042516723536187351e-01
2.705000000000024940e+01,1.626757490997736966e+01,-7.545503209951225365e+00,1.007556726656650969e+00,-2.134852292595404086e-04,0.000000000000000000e+00,6.264193468080449634e+00,-2.326498333926259668e-03,1.047915019112558577e-01
2.710000000000025011e+01,1.631794132469419623e+01,-7.546161211340252528e+00,1.007471320101086087e+00,-5.124144056671553482e-04,0.000000000000000000e+00,6.268720424033554117e+00,3.696404490861546210e-04,1.034422150502991161e-01
2.715000000000025082e+01,1.636827761585676555e+01,-7.546837225208763655e+00,1.007078526160451126e+00,-1.981107287073546972e-03,0.000000000000000000e+00,6.269594531000370452e+00,4.741760941162425041e-04,1.038615809243778887e-01
2.720000000000025153e+01,1.641862577637811071e+01,-7.547533166839430763e+00,1.007067297994559407e+00,-1.629798493225713104e-03,0.000000000000000000e+00,6.275031924749139733e+00,2.078565262509452210e-03,1.057902980801180837e-01
2.725000000000025224e+01,1.646900372450275540e+01,-7.548126280615173656e+00,1.007404238653399453e+00,4.392384077959391592e-05,0.000000000000000000e+00,6.263749284274510387e+00,-2.759288397070098521e-03,1.058454314040452593e-01
2.730000000000025295e+01,1.651934728158683896e+01,-7.548865481133823607e+00,1.007149505422009872e+00,-9.837938529346351973e-04,0.000000000000000000e+00,6.278793947473202408e+00,3.674505781348426283e-03,1.041909667505347553e-01
2.735000000000025366e+01,1.656969864129311176e+01,-7.549474394540053979e+00,1.007120320128891411e+00,-9.037762548215509196e-04,0.000000000000000000e+00,6.266072740786366779e+00,-2.441873476196330418e-03,1.054417710153592869e-01
2.740000000000025437e+01,1.662005556327634892e+01,-7.550184463685795322e+00,1.007191274030224903e+00,-4.392053985232746227e-04,0.000000000000000000e+00,6.278706855501035911e+00,3.010853640343149566e-03,1.055850785176389584e-01
2.745000000000025508e+01,1.667039724930857147e+01,-7.550804264298150770e+00,1.007022525761236409e+00,-1.026357394772588194e-03,0.000000000000000000e+00,6.264255210733862711e+00,-3.327490620192744171e-03,1.052366762424765401e-01
2.750000000000025580e+01,1.672073736576490788e+01,-7.551527856001564842e+00,1.006952814061252033e+00,-1.099932715755570995e-03,0.000000000000000000e+00,6.272289764605437412e+00,1.024006331470072358e-03,1.060652752610665162e-01
2.755000000000025651e+01,1.677107771262922498e+01,-7.552292034303748736e+00,1.006934888473987044e+00,-9.516485216644102706e-04,0.000000000000000000e+00,1.024898983547828379e-02,7.566345559929597842e-03,1.064075790459185489e-01
2.760000000000025722e+01,1.682142673043402681e+01,-7.552767930150506182e+00,1.006989215824285910e+00,-5.440094161360667152e-04,0.000000000000000000e+00,6.265756511983028965e+00,-5.446207138127576869e-03,1.064955987219084604e-01
2.765000000000025793e+01,1.687174370912684296e+01,-7.553241556929680023e+00,1.006626829413749036e+00,-1.884753175056331272e-03,0.000000000000000000e+00,6.246964497938140681e+00,-9.055921749651555872e-03,1.062288362376050399e-01
2.770000000000025864e+01,1.692209824982498745e+01,-7.553807687392708026e+00,1.006943469455327200e+00,-2.412423737324250177e-04,0.000000000000000000e+00,6.251798766086926307e+00,-2.866790830195417323e-03,1.080082598393927729e-01
2.775000000000025935e+01,1.697244256432372111e+01,-7.554428428043678423e+00,1.006955126541206225e+00,-1.463655554698432165e-04,0.000000000000000000e+00,6.282460053351492490e+00,8.807854790305156764e-03,1.064534636861014932e-01
2.780000000000026006e+01,1.702278085463994373e+01,-7.555036913071927707e+00,1.006885735654006631e+00,-3.946559931742469403e-04,0.000000000000000000e+00,3.961915670274418488e-02,1.794495127608093654e-02,1.063962241209212012e-01
2.785000000000026077e+01,1.707313844397763702e+01,-7.555119740058084510e+00,1.007046336301778311e+00,3.266777965473148049e-04,0.000000000000000000e+00,6.233737128357965673e+00,-2.083799336721715509e-02,1.067369530417262291e-01
2.790000000000026148e+01,1.712348689709896377e+01,-7.555735020891122922e+00,1.007045110474059424e+00,2.564389263623038148e-04,0.000000000000000000e+00,6.267577014852722783e+00,8.823667688832702999e-04,1.059483590011995324e-01
2.795000000000026219e+01,1.717382496164320926e+01,-7.556448733881877544e+00,1.006935876472459857e+00,-2.317848653084203915e-04,0.000000000000000000e+00,4.920357809209363609e-02,2.217250035923135076e-02,1.059543781490014797e-01
2.800000000000026290e+01,1.722415948296885091e+01,-7.556612783575458181e+00,1.006791908973578842e+00,-7.612978877707868687e-04,0.000000000000000000e+00,6.269304401516913927e+00,-1.008821668044753567e-02,1.064907473707346480e-01
2.805000000000026361e+01,1.727453660370297683e+01,-7.556888070929534074e+00,1.007251527510426792e+00,1.229435837175144389e-03,0.000000000000000000e+00,6.229980840627508343e+00,-1.816213499078741384e-02,1.071976693143770337e-01
2.810000000000026432e+01,1.732487313395366968e+01,-7.557295906649898143e+00,1.006958845470926178e+00,-1.871794882623220579e-04,0.000000000000000000e+00,6.219873052295607607e+00,-1.254327707785366126e-02,1.049408161952575663e-01
2.815000000000026503e+01,1.737521791705966479e+01,-7.557845575686036099e+00,1.006956943307704355e+00,-1.573522434971496155e-04,0.000000000000000000e+00,6.218763937180053603e+00,-6.622903835680231041e-03,1.063779631342029741e-01
2.820000000000026574e+01,1.742556972783306790e+01,-7.558509657956838268e+00,1.007057192627232478e+00,2.751154833147661767e-04,0.000000000000000000e+00,6.224408392906428666e+00,-1.316900364537187951e-03,1.063873032883260045e-01
2.825000000000026645e+01,1.747590343390474743e+01,-7.559259972159543040e+00,1.006894456137325644e+00,-4.308535729755137451e-04,0.000000000000000000e+00,6.240302722391515289e+00,4.624461629303892700e-03,1.058950514936885245e-01
2.830000000000026716e+01,1.752623307384201112e+01,-7.560057149482110717e+00,1.006789264341934054e+00,-7.654500399467666907e-04,0.000000000000000000e+00,6.263183717034493725e+00,9.935654240943548460e-03,1.066941329737653710e-01
2.835000000000026787e+01,1.757656378264089270e+01,-7.560859806824285378e+00,1.006761063785421406e+00,-7.251622580080019061e-04,0.000000000000000000e+00,3.412468388990674839e-03,1.283468784879534565e-02,1.072106552358101372e-01
2.840000000000026859e+01,1.762692545052467352e+01,-7.561630427595979143e+00,1.007115320290421279e+00,8.368962135930684216e-04,0.000000000000000000e+00,2.074673158515061289e-02,1.216873433611119493e-02,1.073491283250394140e-01
2.845000000000026930e+01,1.767727078378838002e+01,-7.562346728346156510e+00,1.007051273757117782e+00,4.133308376604714787e-04,0.000000000000000000e+00,2.201102565680734813e-02,6.497246972921685848e-03,1.056096290534954685e-01
2.850000000000027001e+01,1.772760366294009060e+01,-7.563031684907341123e+00,1.006871033349914457e+00,-3.902969586849117751e-04,0.000000000000000000e+00,6.214054756353171172e-03,-1.999103852327342723e-03,1.059241147527344717e-01
2.855000000000027072e+01,1.777794859018824525e+01,-7.563721233100794805e+00,1.006944209706667870e+00,-1.953213993428275057e-05,0.000000000000000000e+00,6.258773341732196016e+00,-1.126027255734038217e-02,1.068091455763787168e-01
2.860000000000027143e+01,1.782830313265927202e+01,-7.564473455770847288e+00,1.007099673735229572e+00,6.062304022993754817e-04,0.000000000000000000e+00,6.229835426319219494e+00,-1.527315078131646908e-02,1.064498288437832063e-01
2.865000000000027214e+01,1.787864840913781705e+01,-7.565331753370426959e+00,1.007070977890462071e+00,3.702009427694972349e-04,0.000000000000000000e+00,6.214996151184041473e+00,-1.260846846219335418e-02,1.056864578127674759e-01
2.870000000000027285e+01,1.792899289915377992e+01,-7.566307300640746192e+00,1.007075689168215993e+00,3.150058652312837386e-04,0.000000000000000000e+00,6.217394535406944200e+00,-5.514607222425570512e-03,1.058273621210767956e-01
2.875000000000027356e+01,1.797933798590193888e+01,-7.567377460001397438e+00,1.007107792114751543e+00,3.804164783272270681e-04,0.000000000000000000e+00,6.231937967556360647e+00,2.112364873638242734e-03,1.058042284763625884e-01
2.880000000000027427e+01,1.802967712645994780e+01,-7.568502760198446033e+00,1.007063718885968795e+00,1.280402675307908697e-04,0.000000000000000000e+00,6.252696032061859199e+00,7.985878748619029688e-03,1.056465944012413005e-01
2.885000000000027498e+01,1.808000618714862995e+01,-7.569635446389225031e+00,1.006927234505469615e+00,-4.435053079720795502e-04,0.000000000000000000e+00,6.282553090677708063e+00,1.400918937978135222e-02,1.058630057952423265e-01
2.890000000000027569e+01,1.813035509232897624e+01,-7.570730954447158823e+00,1.007100762061446719e+00,3.393059775307438286e-04,0.000000000000000000e+00,2.661629259975750728e-02,1.614818398131118160e-02,1.065331818691344357e-01
2.895000000000027640e+01,1.818071485472901117e+01,-7.571742030050586436e+00,1.007279351268726808e+00,9.858016111449399016e-04,0.000000000000000000e+00,5.229651275817914780e-02,1.656716259852896236e-02,1.056811138400548800e-01
2.900000000000027711e+01,1.823105943044771848e+01,-7.572640958580654669e+00,1.007142959720860986e+00,2.430750974526727079e-04,0.000000000000000000e+00,7.266571756521322811e-02,1.518837864551549066e-02,1.048041945123500268e-01
2.905000000000027782e+01,1.828141955790865580e+01,-7.573407312913718492e+00,1.007248686930147574e+00,6.173689151084840818e-04,0.000000000000000000e+00,7.987424164578893482e-02,9.947462537395713664e-03,1.054739121312915084e-01
2.910000000000027853e+01,1.833178137833389343e+01,-7.574049749580142432e+00,1.007290501472356326e+00,6.611533009217899180e-04,0.000000000000000000e+00,6.948577456628335369e-02,1.438679875112969068e-03,1.049547641659797914e-01
2.915000000000027924e+01,1.838213764528762084e+01,-7.574605388698380182e+00,1.007228197991959062e+00,2.797087191483823231e-04,0.000000000000000000e+00,4.763318095849733425e-02,-6.554476492264212084e-03,1.047494442147973714e-01
2.920000000000027995e+01,1.843249375287117431e+01,-7.575125525175049113e+00,1.007196819671474231e+00,9.825369337938087157e-05,0.000000000000000000e+00,2.228406357123091652e-02,-1.172732116796526211e-02,1.050553700782869415e-01
2.925000000000028066e+01,1.848284615879375181e+01,-7.575656527367577553e+00,1.007141236327544265e+00,-1.437304210163552502e-04,0.000000000000000000e+00,6.275566919614957939e+00,-1.586108904718550733e-02,1.052094457075634509e-01
2.930000000000028137e+01,1.853320689771100405e+01,-7.576242309473171233e+00,1.007226242467640809e+00,2.250402235730872627e-04,0.000000000000000000e+00,6.254456611259907817e+00,-1.502045713465368325e-02,1.054823744468304098e-01
2.935000000000028209e+01,1.858356909065244267e+01,-7.576907182350810288e+00,1.007289531995149368e+00,4.331902888927012833e-04,0.000000000000000000e+00,6.250741714767929835e+00,-8.716105358153496477e-03,1.050649722034107114e-01
2.940000000000028280e+01,1.863390105179034606e+01,-7.577634377431787804e+00,1.006962390044833677e+00,-9.620155701485816509e-04,0.000000000000000000e+00,6.265858892807403713e+00,6.795229141710410620e-04,1.047542045906983271e-01
2.945000000000028351e+01,1.868422816450274837e+01,-7.578389068690986718e+00,1.006778283161065879e+00,-1.506039991190048473e-03,0.000000000000000000e+00,7.340645519697375221e-03,8.636260203321029921e-03,1.063605582845136288e-01
2.950000000000028422e+01,1.873458025001038152e+01,-7.579124004802372028e+00,1.007000862848211220e+00,-3.145132443706868692e-04,0.000000000000000000e+00,2.333319221315832692e-02,9.614226024429285006e-03,1.072645760795339354e-01
2.955000000000028493e+01,1.878491282773034499e+01,-7.579812181182870923e+00,1.006847730179147860e+00,-8.641412717499829957e-04,0.000000000000000000e+00,3.512976589209593214e-02,8.809906630858991075e-03,1.061716461269111150e-01
2.960000000000028564e+01,1.883525288811343046e+01,-7.580438601518912023e+00,1.006866598770066457e+00,-6.158386537255993234e-04,0.000000000000000000e+00,4.019909823697886964e-02,6.111879254075013382e-03,1.069235708754762010e-01
2.965000000000028635e+01,1.888559459693784248e+01,-7.581000403771589902e+00,1.006884762132673750e+00,-4.200174725513084275e-04,0.000000000000000000e+00,4.827789829822926038e-02,5.769525671458570343e-03,1.068309206405403528e-01
2.970000000000028706e+01,1.893593768555594181e+01,-7.581485457608229339e+00,1.006899014786028168e+00,-2.790033646233735934e-04,0.000000000000000000e+00,5.233973283390369602e-02,4.315986067676314160e-03,1.067417333104082183e-01
2.975000000000028777e+01,1.898630751954376450e+01,-7.581907900036846115e+00,1.007218980245996320e+00,1.056659148173892150e-03,0.000000000000000000e+00,5.455842631448071245e-02,2.731049312720701915e-03,1.066717487071378034e-01
2.980000000000028848e+01,1.903666423082616532e+01,-7.582264987728886574e+00,1.007183328924608823e+00,7.027220329891253458e-04,0.000000000000000000e+00,5.230623885008256480e-02,5.797524095426984754e-04,1.051006315741932207e-01
2.985000000000028919e+01,1.908703342724754037e+01,-7.582572309281632172e+00,1.007315112872627205e+00,1.089313418464822646e-03,0.000000000000000000e+00,4.566420164390105896e-02,-3.134669159976151767e-03,1.275918129262935963e-02
2.990000000000028990e+01,1.913703600160275187e+01,-7.582845659311516329e+00,1.002966194707488379e+00,-1.652422192578320223e-02,0.000000000000000000e+00,3.291512203372715106e-02,-6.815921336534180690e-03,-1.179071896076983872e-01
2.995000000000029061e+01,1.918624787829816825e+01,-7.583113380419687743e+00,9.917377368676971727e-01,-5.813320889979074757e-02,0.000000000000000000e+00,2.141533869186140748e-02,-7.175340138012225449e-03,-2.292235146155648107e-01
3.000000000000029132e+01,1.923448373848433235e+01,-7.583390454878288445e+00,9.755349719790402663e-01,-1.113176266744593107e-01,0.000000000000000000e+00,1.721118531144849584e-02,-5.014953136792246746e-03,-3.084612925940738437e-01
