t,x,y,v,a,vref,th,w,u
0.000000000000000000e+00,-1.000000000000000000e+01,-8.000000000000000000e+00,0.000000000000000000e+00,0.000000000000000000e+00,0.000000000000000000e+00,1.570796326794791753e+00,0.000000000000000000e+00,0.000000000000000000e+00
5.000000000000000278e-02,-1.000038906666638283e+01,-7.999485132616769079e+00,1.057416227308473899e-01,0.000000000000000000e+00,0.000000000000000000e+00,6.230731246266691947e+00,-3.494769306901682887e-02,0.000000000000000000e+00
1.000000000000000056e-01,-1.000038709735219378e+01,-7.999518534091370370e+00,5.463344248369003675e-02,-2.044327209886294128e-01,0.000000000000000000e+00,6.282126899403785991e+00,-1.461946882884619658e-02,1.000000000000000000e+00
1.500000000000000222e-01,-9.994825003328205781e+00,-7.999520608723697634e+00,9.689117010700629140e-02,5.484733702361466179e-03,0.000000000000000000e+00,6.283042480857718104e+00,-6.932196078299472652e-03,1.000000000000000000e+00
2.000000000000000111e-01,-9.987632068093036608e+00,-7.999509052844800294e+00,1.260110698656594919e-01,1.208673859965019304e-01,0.000000000000000000e+00,6.281373721284269074e+00,-4.192977080097935738e-03,1.000000000000000000e+00
2.500000000000000000e-01,-9.977619026705125904e+00,-7.999535772181856075e+00,1.721621876555732844e-01,2.812983799568568033e-01,0.000000000000000000e+00,1.583134648674722200e-02,5.415901705209290144e-03,1.000000000000000000e+00
2.999999999999999889e-01,-9.965576050718100376e+00,-7.999474672315022516e+00,2.139229595205031087e-01,3.920817914252048286e-01,0.000000000000000000e+00,6.281502160458703798e+00,-4.736371591010207424e-03,1.000000000000000000e+00
3.499999999999999778e-01,-9.950999382406704896e+00,-7.999304307328318764e+00,2.606180767435747891e-01,5.004459020324506513e-01,0.000000000000000000e+00,6.268638166660319477e+00,-7.216670797934230525e-03,1.000000000000000000e+00
3.999999999999999667e-01,-9.934854567713951923e+00,-7.999675673961213818e+00,2.981130572826563019e-01,5.503366437822866386e-01,0.000000000000000000e+00,4.188367445054907989e-02,2.127735615411905506e-02,1.000000000000000000e+00
4.499999999999999556e-01,-9.915696624279533467e+00,-7.999184716525588712e+00,3.492206703640463039e-01,6.446997673513894522e-01,0.000000000000000000e+00,6.256975519437409261e+00,-1.983845494605284213e-02,1.000000000000000000e+00
4.999999999999999445e-01,-9.894281614243810807e+00,-7.999715419191778309e+00,3.967779877245966591e-01,7.059890833233131158e-01,0.000000000000000000e+00,6.489587227716420159e-02,2.716671758471286141e-02,1.000000000000000000e+00
5.499999999999999334e-01,-9.871517488208880309e+00,-7.999553005558851737e+00,4.322349282357364486e-01,7.066190287032096951e-01,0.000000000000000000e+00,2.925139051002290103e-02,2.395236815848567763e-03,1.000000000000000000e+00
5.999999999999999778e-01,-9.845384938356128046e+00,-7.998933484883155920e+00,4.867062515659080768e-01,7.831805162832543576e-01,0.000000000000000000e+00,6.227019365522221683e+00,-3.759138173143591888e-02,1.000000000000000000e+00
6.500000000000000222e-01,-9.817331953640332287e+00,-7.999731159366712419e+00,5.314797321517689133e-01,8.056383353700468097e-01,0.000000000000000000e+00,8.027132763214162026e-02,3.833271844924651672e-02,1.000000000000000000e+00
7.000000000000000666e-01,-9.787657685418501785e+00,-7.999409543614883766e+00,5.688540728342094122e-01,7.940080310257994212e-01,0.000000000000000000e+00,6.272197074908145709e+00,-1.894184816122113091e-02,1.000000000000000000e+00
7.500000000000001110e-01,-9.755091117541326184e+00,-7.999066618148100716e+00,6.183851443308556739e-01,8.333307108072245395e-01,0.000000000000000000e+00,6.221126964350712996e+00,-3.184975018073075287e-02,1.000000000000000000e+00
8.000000000000001554e-01,-9.720295638162273377e+00,-8.000056946601585395e+00,6.651031428298824766e-01,8.535365626418868201e-01,0.000000000000000000e+00,1.035961426642213468e-01,5.493190259588975888e-02,1.000000000000000000e+00
8.500000000000001998e-01,-9.683709311378871476e+00,-7.999677559508912239e+00,7.051398953380343393e-01,8.429762601461168181e-01,0.000000000000000000e+00,6.282729102350105066e+00,-1.589064293346262313e-02,1.000000000000000000e+00
9.000000000000002442e-01,-9.644752650363169977e+00,-7.999114130123277100e+00,7.495864422002482819e-01,8.521671955657491582e-01,0.000000000000000000e+00,6.201119195615859780e+00,-4.555836533866602922e-02,1.000000000000000000e+00
9.500000000000002887e-01,-9.603228222539542003e+00,-8.000347466062597945e+00,7.983910475429509823e-01,8.769521778234099507e-01,0.000000000000000000e+00,1.315056295822270016e-01,7.082072566404382097e-02,1.000000000000000000e+00
1.000000000000000222e+00,-9.559696741287151411e+00,-7.999748773119982559e+00,8.417836130858975530e-01,8.751320044305141987e-01,0.000000000000000000e+00,6.272069754377104900e+00,-2.500614655224419475e-02,1.000000000000000000e+00
1.050000000000000266e+00,-9.514278455233805332e+00,-7.999219706558264420e+00,8.818024799544459391e-01,8.601810710186051923e-01,0.000000000000000000e+00,6.191239956205180306e+00,-4.755160339716153761e-02,8.870819345705117653e-01
1.100000000000000311e+00,-9.466778489571915145e+00,-8.000732164996048112e+00,9.230095982907036145e-01,8.529733301599148332e-01,0.000000000000000000e+00,1.786338056307217315e-01,8.510443753597618510e-02,6.869876002277701676e-01
1.150000000000000355e+00,-9.418637077778388544e+00,-8.000361943836017176e+00,9.471081073571279152e-01,7.787727003936290027e-01,0.000000000000000000e+00,7.957127239538230867e-02,7.063985754325520505e-03,4.809520085464819017e-01
1.200000000000000400e+00,-9.369136022964655197e+00,-7.999891655126876167e+00,9.728943554451335851e-01,7.261631526669257708e-01,0.000000000000000000e+00,8.360090208254788990e-03,-2.709201044023573993e-02,3.604594632143603983e-01
1.250000000000000444e+00,-9.319412850652689428e+00,-7.999532400377923125e+00,9.858630716310576858e-01,6.328053868772370860e-01,0.000000000000000000e+00,6.239012372905133219e+00,-3.180018947507048943e-02,2.315282227743320764e-01
1.300000000000000488e+00,-9.269658741832550675e+00,-7.999338611405581112e+00,9.914117363821253193e-01,5.284389685060602027e-01,0.000000000000000000e+00,6.230523127493870383e+00,-1.912792275357606125e-02,1.666846418447115730e-01
1.350000000000000533e+00,-9.219676845564212186e+00,-7.999303079866673549e+00,9.963476134500415249e-01,4.424946830765130179e-01,0.000000000000000000e+00,6.247915272297125178e+00,-3.046298794090069977e-03,1.389413180893734057e-01
1.400000000000000577e+00,-9.169708280831313729e+00,-7.999351081694781485e+00,9.981635413506811938e-01,3.612594580637691344e-01,0.000000000000000000e+00,2.859791316721427279e-03,1.135213487473098193e-02,1.142619327497923776e-01
1.450000000000000622e+00,-9.119767868106233522e+00,-7.999407417965772815e+00,9.985512842445730675e-01,2.905585380265828244e-01,0.000000000000000000e+00,2.559541543630139415e-02,1.332214869532906409e-02,1.051822932465940330e-01
1.500000000000000666e+00,-9.069809078353371135e+00,-7.999421287549670190e+00,9.989260599583720257e-01,2.339459332764620980e-01,0.000000000000000000e+00,4.788387847864328251e-02,1.408863170776529158e-02,1.032435787771346647e-01
1.550000000000000711e+00,-9.019876606534701580e+00,-7.999375653915312689e+00,9.987604156722433846e-01,1.864941694766551195e-01,0.000000000000000000e+00,5.111948814986799761e-02,8.148150096491991318e-03,1.013697002081398735e-01
1.600000000000000755e+00,-8.969951039150965144e+00,-7.999253430658616715e+00,9.986128098999598190e-01,1.486049124921898501e-01,0.000000000000000000e+00,5.741233287475644431e-02,6.125889354933725453e-03,1.021979216387830791e-01
1.650000000000000799e+00,-8.920046519465405055e+00,-7.999068575773447876e+00,9.983034801595600527e-01,1.176466110321528202e-01,0.000000000000000000e+00,6.861068903979106182e-02,6.819844397102954071e-03,1.029359505002009068e-01
1.700000000000000844e+00,-8.870146029440059365e+00,-7.998805215176327366e+00,9.981356410824873127e-01,9.344593251743130158e-02,0.000000000000000000e+00,7.588445135786336948e-02,5.808617312484519457e-03,1.044825992021997385e-01
1.750000000000000888e+00,-8.820255576056652558e+00,-7.998459515583912882e+00,9.979540783791822633e-01,7.403049520072484124e-02,0.000000000000000000e+00,7.366941723295106215e-02,2.154186520375575738e-03,1.053217945875634387e-01
1.800000000000000933e+00,-8.770374385314152477e+00,-7.998046319263889536e+00,9.977764676617939532e-01,5.851395329102663384e-02,0.000000000000000000e+00,6.525084751736276445e-02,-1.702300938109715684e-03,1.062296081040886853e-01
1.850000000000000977e+00,-8.720492617118065226e+00,-7.997587502488606503e+00,9.977171263459657657e-01,4.657379736950856275e-02,0.000000000000000000e+00,5.587404994760802879e-02,-3.980534186219356757e-03,1.071176616910302359e-01
1.900000000000001021e+00,-8.670612144896121976e+00,-7.997102159633840301e+00,9.976808513165748016e-01,3.711393777804299771e-02,0.000000000000000000e+00,4.902315020019898384e-02,-4.273130409398764006e-03,1.074143682701711733e-01
1.950000000000001066e+00,-8.620736564625307352e+00,-7.996602027840367555e+00,9.976094169413340929e-01,2.940541272147156535e-02,0.000000000000000000e+00,4.474840480477393356e-02,-3.529322418116554935e-03,1.075957434171259941e-01
2.000000000000000888e+00,-8.570863928446630808e+00,-7.996092612954268652e+00,9.975466834909632041e-01,2.327339637569370012e-02,0.000000000000000000e+00,4.105468330979356040e-02,-2.950138217763002661e-03,1.079529152933295377e-01
2.050000000000000711e+00,-8.520971332735090442e+00,-7.995567936374321505e+00,9.977629297528689545e-01,1.948370214817796500e-02,0.000000000000000000e+00,3.940170497002881689e-02,-2.047733446940575627e-03,1.082665825451839814e-01
2.100000000000000533e+00,-8.471071117964402930e+00,-7.995044286947991630e+00,9.979407986863172431e-01,1.629843745233552910e-02,0.000000000000000000e+00,3.517170959919990736e-02,-2.502079356140490297e-03,1.071853512356552296e-01
2.150000000000000355e+00,-8.421191071081409518e+00,-7.994515733534520052e+00,9.977704913074298965e-01,1.235752044631903586e-02,0.000000000000000000e+00,3.350588937271226087e-02,-1.795354289823811091e-03,1.062960065684137867e-01
2.200000000000000178e+00,-8.371308951325895364e+00,-7.993982185820982522e+00,9.977278748920561657e-01,9.715550695560307148e-03,0.000000000000000000e+00,4.182142570735436493e-02,1.882930806324724761e-03,1.071475434628505197e-01
2.250000000000000000e+00,-8.321434284810932169e+00,-7.993437527555559363e+00,9.976228408607913378e-01,7.352304431388932866e-03,0.000000000000000000e+00,4.424322551027159989e-02,1.783939390988590907e-03,1.073606255397191733e-01
2.299999999999999822e+00,-8.271556288560860892e+00,-7.992869290045236497e+00,9.976239364405545818e-01,5.886225864164122343e-03,0.000000000000000000e+00,4.290855641464474957e-02,4.559596992658033858e-04,1.078857956960433129e-01
2.349999999999999645e+00,-8.221672624761017900e+00,-7.992282699364636755e+00,9.976949501487153427e-01,4.993035523974342915e-03,0.000000000000000000e+00,4.040137437466029269e-02,-6.462644343056113492e-04,1.078803177972270932e-01
2.399999999999999467e+00,-8.171799953898524649e+00,-7.991683590574285567e+00,9.975932107443391539e-01,3.587470801674717651e-03,0.000000000000000000e+00,4.954492913472918758e-02,2.763848677459387372e-03,1.075252492564232887e-01
2.449999999999999289e+00,-8.121921472511621332e+00,-7.991064451564649396e+00,9.976251736789601976e-01,2.997828379823949761e-03,0.000000000000000000e+00,5.404811945511767135e-02,2.908824134352655695e-03,1.080339462783042326e-01
2.499999999999999112e+00,-8.072051345297630576e+00,-7.990409737727018680e+00,9.975432382586422175e-01,2.070521022587238583e-03,0.000000000000000000e+00,4.251238320099837154e-02,-2.379164270958974460e-03,1.078741316051990140e-01
2.549999999999998934e+00,-8.022156762426270404e+00,-7.989755948370603100e+00,9.978038064953063113e-01,2.698689764726169751e-03,0.000000000000000000e+00,2.519881423060077452e-02,-7.067902729010066762e-03,1.082838087067889143e-01
2.599999999999998757e+00,-7.972282874887516080e+00,-7.989123819455794084e+00,9.976562434038420690e-01,1.568699445923964642e-03,0.000000000000000000e+00,1.365421120249976639e-02,-7.404462933411307991e-03,1.069809675234684454e-01
2.649999999999998579e+00,-7.922408424184622433e+00,-7.988533617000070031e+00,9.975978102311485740e-01,1.021226865965190909e-03,0.000000000000000000e+00,1.668221984247786338e-02,-2.686743033853691669e-03,1.077187829807896569e-01
2.699999999999998401e+00,-7.872532581659332784e+00,-7.987962586139985888e+00,9.975884640019141436e-01,7.795965758344310494e-04,0.000000000000000000e+00,4.682981260358509701e-02,8.772185466019689903e-03,1.080109488442571319e-01
2.749999999999998224e+00,-7.822651481554655284e+00,-7.987351642530849283e+00,9.976534878501150949e-01,8.837726534713509323e-04,0.000000000000000000e+00,8.268478918167154745e-02,1.641160716172663028e-02,1.080576799904292840e-01
2.799999999999998046e+00,-7.772771369268935970e+00,-7.986637993110785594e+00,9.976840018588533088e-01,8.290741577299367074e-04,0.000000000000000000e+00,1.059965574791927878e-01,1.605546218189927987e-02,1.077325607494245274e-01
2.849999999999997868e+00,-7.722897042623090513e+00,-7.985794309029676796e+00,9.976511569607663388e-01,5.318797338360690269e-04,0.000000000000000000e+00,1.101178672808700298e-01,9.489805964301902680e-03,1.075799907057334581e-01
2.899999999999997691e+00,-7.673019458039239460e+00,-7.984832852866645680e+00,9.977026674924271976e-01,6.315459137122913331e-04,0.000000000000000000e+00,9.905827663243993442e-02,1.002240723089913195e-03,1.077442151961683081e-01
2.949999999999997513e+00,-7.623141301289732219e+00,-7.983789092963692546e+00,9.977499938030659488e-01,6.945419735248383429e-04,0.000000000000000000e+00,8.062591291522558379e-02,-5.756814931789514325e-03,1.074866625378640139e-01
2.999999999999997335e+00,-7.573267841565962222e+00,-7.982706305886772213e+00,9.977225498064825615e-01,4.458575924863212594e-04,0.000000000000000000e+00,6.244576682967739600e-02,-9.004915656495259685e-03,1.072500309846702582e-01
3.049999999999997158e+00,-7.523398921788176708e+00,-7.981617767464783242e+00,9.976586043840015572e-01,1.009043840650388000e-04,0.000000000000000000e+00,5.091770752054713967e-02,-8.369753894790381288e-03,1.073872509675871945e-01
3.099999999999996980e+00,-7.473532376185414883e+00,-7.980538013880957848e+00,9.976022511012692107e-01,-1.446896236773558366e-04,0.000000000000000000e+00,4.928566879821438818e-02,-4.728537202998091098e-03,1.077069780799922161e-01
3.149999999999996803e+00,-7.423665684085110072e+00,-7.979461155733689637e+00,9.975807162774126269e-01,-2.018909943682201222e-04,0.000000000000000000e+00,5.723250109097755001e-02,3.032663916140471323e-04,1.079887444936539487e-01
3.199999999999996625e+00,-7.373796651746653552e+00,-7.978365511720932446e+00,9.976050877894888647e-01,-6.402674718962463908e-05,0.000000000000000000e+00,7.081279821318631207e-02,4.706937751276386167e-03,1.080964186129368676e-01
3.249999999999996447e+00,-7.323925459928605441e+00,-7.977224090267623247e+00,9.976530617847370053e-01,1.406745832408634036e-04,0.000000000000000000e+00,8.430687459588703803e-02,6.878990550574191030e-03,1.079745610525556787e-01
3.299999999999996270e+00,-7.274054554609755030e+00,-7.976015600396093141e+00,9.976877701470330262e-01,2.513731157767749337e-04,0.000000000000000000e+00,9.295909115747225115e-02,6.348106722254683205e-03,1.077346910763149757e-01
3.349999999999996092e+00,-7.224184491349204151e+00,-7.974731026690983882e+00,9.977143658332234821e-01,3.074812373832441032e-04,0.000000000000000000e+00,9.428718041171713082e-02,3.626032579277407679e-03,1.075611492648348710e-01
3.399999999999995914e+00,-7.174317093741815476e+00,-7.973376800153725519e+00,9.977151348807200559e-01,2.490611798928905342e-04,0.000000000000000000e+00,8.855777339028847450e-02,-9.898119495320174127e-05,1.074281708338825914e-01
3.449999999999995737e+00,-7.124453977596298948e+00,-7.971972264553114584e+00,9.976807851703134444e-01,6.185010228786593412e-05,0.000000000000000000e+00,7.829078985742121688e-02,-3.468200482881401373e-03,1.074243255963997223e-01
3.499999999999995559e+00,-7.074598504346089278e+00,-7.970540226796582139e+00,9.975848503245138277e-01,-3.342593013681755855e-04,0.000000000000000000e+00,6.047509261493289046e-02,-7.647995687109529310e-03,1.075960741484327798e-01
3.549999999999995381e+00,-7.024712261011643477e+00,-7.969100591925649901e+00,9.979181962487927438e-01,1.065976256021128506e-03,0.000000000000000000e+00,5.726466481585923418e-02,-4.993500318433041762e-03,1.080757483774308636e-01
3.599999999999995204e+00,-6.974839640824778364e+00,-7.967665481128307192e+00,9.978865266181700111e-01,7.261024823259718680e-04,0.000000000000000000e+00,6.537204037295651915e-02,1.655119267597168417e-04,1.064090187560362832e-01
3.649999999999995026e+00,-6.924989424131136495e+00,-7.966212097525958491e+00,9.976114458084195391e-01,-5.194412531411145588e-04,0.000000000000000000e+00,7.862999820186278299e-02,4.596178236314052770e-03,1.065673669091499465e-01
3.699999999999994849e+00,-6.875128138478642015e+00,-7.964713275641760681e+00,9.976502711496745279e-01,-2.602516374929358532e-04,0.000000000000000000e+00,9.139043990080608637e-02,6.583996637149395689e-03,1.079427709579023065e-01
3.749999999999994671e+00,-6.825267189393261269e+00,-7.963148113586345112e+00,9.976862174287480789e-01,-6.441619370014430436e-05,0.000000000000000000e+00,9.954841371499068003e-02,6.031111770826606128e-03,1.077486442516273624e-01
3.799999999999994493e+00,-6.775409702340989604e+00,-7.961509800769663414e+00,9.976872557805062103e-01,-4.737954792758989833e-05,0.000000000000000000e+00,1.008933186198071041e-01,3.491908430269235336e-03,1.075689128562596075e-01
3.849999999999994316e+00,-6.725554673052341670e+00,-7.959806365079543866e+00,9.976843805076494043e-01,-4.940472976929596063e-05,0.000000000000000000e+00,9.299718771844567300e-02,-8.745040603690503768e-04,1.075637210974689506e-01
3.899999999999994138e+00,-6.675697853515616842e+00,-7.958044574550967809e+00,9.977290163495586839e-01,1.390195838216822877e-04,0.000000000000000000e+00,8.645988486263966877e-02,-2.610140218638971887e-03,1.075780974617529806e-01
3.949999999999993960e+00,-6.625823679610012285e+00,-7.956250932783506258e+00,9.979687388631992562e-01,1.070105721619638408e-03,0.000000000000000000e+00,8.407962398750612465e-02,-2.243710825666979554e-03,1.073549182522065826e-01
3.999999999999993783e+00,-6.575974233747503561e+00,-7.954431095850355682e+00,9.977793306111599758e-01,9.845156913858667865e-05,0.000000000000000000e+00,8.239409617184456636e-02,-1.669968547933605362e-03,1.061563056840037211e-01
4.049999999999993605e+00,-6.526134480827681550e+00,-7.952585604914519379e+00,9.975986969568790830e-01,-6.437733618127046246e-04,0.000000000000000000e+00,8.122370298707970449e-02,-1.159135084436258706e-03,1.071033469442001229e-01
4.099999999999993427e+00,-6.476292078299451305e+00,-7.950721371201519894e+00,9.975665429693401087e-01,-6.436346396060611732e-04,0.000000000000000000e+00,7.724385739866868050e-02,-1.877616510927197389e-03,1.080065152156045871e-01
4.149999999999993250e+00,-6.426438312653651508e+00,-7.948838474585099512e+00,9.976983399678729381e-01,1.228028244647033033e-05,0.000000000000000000e+00,6.424541396494021228e-02,-5.330280956567430041e-03,1.081672851532994584e-01
4.199999999999993072e+00,-6.376574820491217821e+00,-7.946957604809101738e+00,9.978667975809714097e-01,6.836546783510652177e-04,0.000000000000000000e+00,7.335673448779189698e-02,3.592001944430355150e-04,1.075083001606353117e-01
4.249999999999992895e+00,-6.326722355686008825e+00,-7.945062016189761600e+00,9.978086086977324687e-01,3.141682097250873178e-04,0.000000000000000000e+00,8.829148464301272980e-02,5.207598764308155742e-03,1.066660120951429536e-01
4.299999999999992717e+00,-6.276871170020831059e+00,-7.943119378985696422e+00,9.977917121604830131e-01,1.837484187822471511e-04,0.000000000000000000e+00,1.027813488527034025e-01,7.483211884192339167e-03,1.069569565113376586e-01
4.349999999999992539e+00,-6.227024520811322184e+00,-7.941107279045380274e+00,9.977635972007266041e-01,3.453889600016139501e-05,0.000000000000000000e+00,1.095345960136526742e-01,6.020924995869649313e-03,1.070414391975849366e-01
4.399999999999992362e+00,-6.177182632504733206e+00,-7.939018274106676820e+00,9.977332025937581950e-01,-9.394731107350780036e-05,0.000000000000000000e+00,1.108133289545563116e-01,3.443187585888500372e-03,1.071820139963669816e-01
4.449999999999992184e+00,-6.127344008626875116e+00,-7.936858796788333947e+00,9.977179192381261386e-01,-1.362912713870320690e-04,0.000000000000000000e+00,1.067320811159087057e-01,3.270792910309257891e-04,1.073339870312090272e-01
4.499999999999992006e+00,-6.077509774057019420e+00,-7.934643868075296425e+00,9.976883613228491043e-01,-2.272646782177629543e-04,0.000000000000000000e+00,1.006881045802776597e-01,-1.888763643643699003e-03,1.074104038093693092e-01
4.549999999999991829e+00,-6.027679280979960197e+00,-7.932389225912946706e+00,9.976530329891664106e-01,-3.231250773049858249e-04,0.000000000000000000e+00,9.314067788213087340e-02,-3.490242668257956954e-03,1.075581933857544803e-01
4.599999999999991651e+00,-5.977851216322327410e+00,-7.930109925750178590e+00,9.976232384768346506e-01,-3.776781111710291404e-04,0.000000000000000000e+00,9.044174700105145348e-02,-2.653485268695519525e-03,1.077348350541679489e-01
4.649999999999991473e+00,-5.928024090380449529e+00,-7.927808166185817740e+00,9.976124445364747961e-01,-3.453182503762414440e-04,0.000000000000000000e+00,9.223397371769515019e-02,-7.214944652048252242e-04,1.078838076158267489e-01
4.699999999999991296e+00,-5.878197948906093373e+00,-7.925478382280031653e+00,9.976119391176156981e-01,-2.782762757373853884e-04,0.000000000000000000e+00,9.676187463468188810e-02,1.173374883919873308e-03,1.079377773176260213e-01
4.749999999999991118e+00,-5.828371109389183680e+00,-7.923110687604392410e+00,9.976415247565576516e-01,-1.042784648220937454e-04,0.000000000000000000e+00,1.026156617740143773e-01,2.561152369551404802e-03,1.079403044119215116e-01
4.799999999999990941e+00,-5.778544079705613790e+00,-7.920695186467800575e+00,9.976831420004144135e-01,8.304620356937323581e-05,0.000000000000000000e+00,1.074701387831611399e-01,2.908932759866010315e-03,1.077923762172117439e-01
4.849999999999990763e+00,-5.728717757636857755e+00,-7.918221711181699263e+00,9.977253987581709005e-01,2.354639938814470776e-04,0.000000000000000000e+00,1.129926443760975729e-01,3.281207184586055169e-03,1.075842899979279343e-01
4.899999999999990585e+00,-5.678898720734449235e+00,-7.915689493828056200e+00,9.976903544294084547e-01,4.819388005537401129e-05,0.000000000000000000e+00,1.100083600353896074e-01,6.414093057792722482e-04,1.073730062091454995e-01
4.949999999999990408e+00,-5.629082704012288829e+00,-7.913108637414242530e+00,9.976700553105877223e-01,-4.264137123863081315e-05,0.000000000000000000e+00,1.068596562237678071e-01,-7.387938663144876612e-04,1.075482278529577285e-01
4.999999999999990230e+00,-5.579268861603123852e+00,-7.910490455425770229e+00,9.976592210377750458e-01,-7.745018824161065238e-05,0.000000000000000000e+00,1.007022386714790940e-01,-2.438765859869829276e-03,1.076497234470613906e-01
5.049999999999990052e+00,-5.529462651157354358e+00,-7.907846470354984447e+00,9.975797815459008788e-01,-3.797181180899576519e-04,0.000000000000000000e+00,9.608520860097691241e-02,-2.728412752834397624e-03,1.077038948111247729e-01
5.099999999999989875e+00,-5.479660379341382281e+00,-7.905187021686826299e+00,9.975107213133932449e-01,-5.800154245025029420e-04,0.000000000000000000e+00,9.094120856273946174e-02,-3.021914427914200712e-03,1.081010922704956079e-01
5.149999999999989697e+00,-5.429842668563623853e+00,-7.902500249610893590e+00,9.976856099634701103e-01,2.355422607054617648e-04,0.000000000000000000e+00,9.663658223690418936e-02,4.277358984913525505e-04,1.084463934330337775e-01
5.199999999999989519e+00,-5.379996954980525103e+00,-7.899791005560793167e+00,9.981060555105886190e-01,1.870215997038410325e-03,0.000000000000000000e+00,1.080478730730582981e-01,3.832726058760955144e-03,1.075719501826494506e-01
5.249999999999989342e+00,-5.330195218130198143e+00,-7.897035764532384761e+00,9.977771726601891711e-01,1.806413960329321909e-04,0.000000000000000000e+00,1.136278070551171027e-01,3.864319040414529970e-03,1.054697224470569072e-01
5.299999999999989164e+00,-5.280394616010184450e+00,-7.894226821189889165e+00,9.976679774097929609e-01,-2.922678847584964188e-04,0.000000000000000000e+00,1.162495768911764316e-01,2.866414206396376840e-03,1.071141366990541466e-01
5.349999999999988987e+00,-5.230585779493103438e+00,-7.891362615664642810e+00,9.977606628527511123e-01,1.369274640258097593e-04,0.000000000000000000e+00,1.166067052610273436e-01,1.489557749428648773e-03,1.076601129510351973e-01
5.399999999999988809e+00,-5.180788217710530219e+00,-7.888447532068989965e+00,9.976980020811998529e-01,-1.411011149843910710e-04,0.000000000000000000e+00,1.143738509365199718e-01,-1.004540091147565137e-07,1.071966857362444403e-01
5.449999999999988631e+00,-5.130996142151275308e+00,-7.885489542745910185e+00,9.976375398866568212e-01,-3.547296701596405343e-04,0.000000000000000000e+00,1.101670842137068007e-01,-1.389549259552783902e-03,1.075099895940007377e-01
5.499999999999988454e+00,-5.081204836149392889e+00,-7.882498561182979202e+00,9.976277349405697770e-01,-3.230035204758893675e-04,0.000000000000000000e+00,1.068485576081030786e-01,-1.795885470086704908e-03,1.078123005667158962e-01
5.549999999999988276e+00,-5.031422180883851958e+00,-7.879481449983598118e+00,9.975391163415063822e-01,-6.128772126342918545e-04,0.000000000000000000e+00,1.038816943058211706e-01,-1.825464245359364503e-03,1.078613252971511172e-01
5.599999999999988098e+00,-4.981633948857919769e+00,-7.876430801259081349e+00,9.975949623179861669e-01,-2.669178641882938210e-04,0.000000000000000000e+00,1.038982530547531979e-01,-8.402867633684948110e-04,1.083044182924680909e-01
5.649999999999987921e+00,-4.931809704757196933e+00,-7.873357222030358926e+00,9.980658325103888284e-01,1.669946478260017587e-03,0.000000000000000000e+00,1.145150045519063298e-01,2.944052949008999810e-03,1.080251884100691673e-01
5.699999999999987743e+00,-4.882022752502944485e+00,-7.870242044013886940e+00,9.978381214383255093e-01,4.251128943547345359e-04,0.000000000000000000e+00,1.192460239676194078e-01,3.074183442725242181e-03,1.056708374480558599e-01
5.749999999999987566e+00,-4.832248896211209122e+00,-7.867074136077694568e+00,9.976301323143856870e-01,-4.918661802755049019e-04,0.000000000000000000e+00,1.238267344686327931e-01,3.174076014020389084e-03,1.068093928083724553e-01
5.799999999999987388e+00,-4.782465061114199223e+00,-7.863848106449570885e+00,9.977110621694030845e-01,-6.977352415081245884e-05,0.000000000000000000e+00,1.241738340271769658e-01,1.672492633236473273e-03,1.078493384280715672e-01
5.849999999999987210e+00,-4.732691088570587290e+00,-7.860570381047584654e+00,9.976657673247331104e-01,-2.369981980005471476e-04,0.000000000000000000e+00,1.204731387431596801e-01,-3.848280549676915676e-04,1.074446891529845793e-01
5.899999999999987033e+00,-4.683364144264848150e+00,-7.856998072996006499e+00,9.925669492208437639e-01,-2.058487097395789514e-02,0.000000000000000000e+00,4.824639388880935797e-02,-2.499313857347570944e-02,1.076711633763344500e-01
5.949999999999986855e+00,-4.635850989961054935e+00,-7.853531532353526856e+00,9.696282393287166679e-01,-1.082227363476750415e-01,0.000000000000000000e+00,1.278005016890837453e-02,-3.605123463115751659e-02,1.331652538957811827e-01
5.999999999999986677e+00,-4.588692671045487614e+00,-7.850019054429944632e+00,9.560409971348828861e-01,-1.409271578534753711e-01,0.000000000000000000e+00,7.614860771898435132e-05,-3.763853284996490633e-02,2.478588033564166626e-01
6.049999999999986500e+00,-4.541403634430390746e+00,-7.846561110856436372e+00,9.516668432724252336e-01,-1.302383417326109794e-01,0.000000000000000000e+00,6.274847698759106862e+00,-3.454379736179497007e-02,3.157950143255855435e-01
6.099999999999986322e+00,-4.494565321428765081e+00,-7.843258752547872525e+00,9.446666244625712139e-01,-1.321915486255049732e-01,0.000000000000000000e+00,6.279373803551503208e+00,-2.448570416314846399e-02,3.376657836378738065e-01
6.149999999999986144e+00,-4.447814599298085980e+00,-7.840104045159459467e+00,9.407383931840266333e-01,-1.214661640145823646e-01,0.000000000000000000e+00,1.743043653494424916e-03,-1.656622487084627449e-02,3.726668776871439048e-01
6.199999999999985967e+00,-4.400943983051448072e+00,-7.837115392039284423e+00,9.403391688149966843e-01,-9.876982868778569347e-02,0.000000000000000000e+00,9.027290708413460152e-03,-6.664628568198163565e-03,3.923080340798668075e-01
6.249999999999985789e+00,-4.354081980406165009e+00,-7.834095772320649687e+00,9.420806212162182725e-01,-7.205005334534217432e-02,0.000000000000000000e+00,1.623306418526482275e-03,-1.024849325457715017e-02,3.943041559250165529e-01
6.299999999999985612e+00,-4.308359934153459747e+00,-7.831210994006118753e+00,9.297026302473765380e-01,-1.071520065516408660e-01,0.000000000000000000e+00,6.281599920754253219e+00,-7.089901942885811978e-03,3.855968939189086120e-01
6.349999999999985434e+00,-4.263781009508308628e+00,-7.828501939851960856e+00,9.092588865203430348e-01,-1.674965801494470163e-01,0.000000000000000000e+00,6.282161106301845876e+00,-6.079829532709545015e-03,4.474868487631172842e-01
6.399999999999985256e+00,-4.219654308541333165e+00,-7.825915864895972796e+00,8.960385320331545334e-01,-1.868786820683118188e-01,0.000000000000000000e+00,6.282188119724005482e+00,-3.980865919448386449e-03,5.497055673982848001e-01
6.449999999999985079e+00,-4.175156053634919928e+00,-7.823793929774724987e+00,8.941990607422757309e-01,-1.568608308181647093e-01,0.000000000000000000e+00,2.329213105064553702e-02,3.324664975040391574e-02,6.158073398342273075e-01
6.499999999999984901e+00,-4.132320804151454752e+00,-7.822080945418376174e+00,8.747237007097983241e-01,-2.033901047844416665e-01,0.000000000000000000e+00,6.414044101042826185e-02,6.634681552055636533e-02,6.250046962886213198e-01
6.549999999999984723e+00,-4.088714699601040614e+00,-7.818865686139558235e+00,8.758004200943623196e-01,-1.584052062892973289e-01,0.000000000000000000e+00,1.713349291498822424e-02,-2.514977891259902870e-02,7.223814964510082426e-01
6.599999999999984546e+00,-4.045682891862663055e+00,-7.816055511826552227e+00,8.700231252232324408e-01,-1.498333445159574784e-01,0.000000000000000000e+00,6.274456450685010012e+00,-4.530030044702175462e-02,7.169978995281882650e-01
6.649999999999984368e+00,-4.002977605160330299e+00,-7.814286529385874758e+00,8.634542158404681089e-01,-1.461423131438234213e-01,0.000000000000000000e+00,2.044629594177393983e-02,1.192064561627011188e-02,7.458843738838376591e-01
6.699999999999984190e+00,-3.959405545975571705e+00,-7.812929453520913725e+00,8.698913673565763505e-01,-9.116524445062568205e-02,0.000000000000000000e+00,7.108680931990818408e-02,7.080068266625785811e-02,7.787289207976593186e-01
6.749999999999984013e+00,-3.916392739095089670e+00,-7.810757914086309484e+00,8.669444708731163241e-01,-8.471978149434070127e-02,0.000000000000000000e+00,8.203720831515148859e-02,4.932277396202418285e-02,7.465431632171181109e-01
6.799999999999983835e+00,-3.873654533524819588e+00,-7.806769368979796120e+00,8.640939053659030256e-01,-7.917808722432580215e-02,0.000000000000000000e+00,4.855070591990084949e-03,-7.395593094435135018e-02,7.612776456344182430e-01
6.849999999999983658e+00,-3.830222324118104815e+00,-7.804236413183889276e+00,8.691355602390385959e-01,-4.317585028691829641e-02,0.000000000000000000e+00,6.278056284960596756e+00,-4.713881260820995678e-02,7.755304731704847354e-01
6.899999999999983480e+00,-3.787149270234462684e+00,-7.802511340883294011e+00,8.672946951029865126e-01,-4.190414077374299967e-02,0.000000000000000000e+00,2.544075466212003533e-02,1.404694089526326711e-02,7.503221988048068836e-01
6.949999999999983302e+00,-3.744273347840594734e+00,-7.801276865438781627e+00,8.640788324270267662e-01,-4.638676332283343806e-02,0.000000000000000000e+00,7.492534384254945223e-02,7.004816343266437317e-02,7.595265244850673003e-01
6.999999999999983125e+00,-3.700857041504012734e+00,-7.798208744206864829e+00,8.692771297813186582e-01,-1.631622124109910477e-02,0.000000000000000000e+00,3.134856304845001773e-02,-2.049123777119930823e-02,7.756058378648660323e-01
7.049999999999982947e+00,-3.657540081776179619e+00,-7.795658296254266872e+00,8.703755915050435110e-01,-8.659130097979857860e-03,0.000000000000000000e+00,8.920595355581539820e-03,-3.764106278846752335e-02,7.496143510934065723e-01
7.099999999999982769e+00,-3.614890746029659319e+00,-7.793888601898760093e+00,8.632520266647230045e-01,-3.542156343966601506e-02,0.000000000000000000e+00,2.694524724083624534e-02,1.862658167439083107e-03,7.441220424747823081e-01
7.149999999999982592e+00,-3.570958978437797526e+00,-7.791910177267046933e+00,8.739539893087692191e-01,1.447059982445219814e-02,0.000000000000000000e+00,3.473392482915027557e-02,1.260705831646464527e-02,7.797398666763848407e-01
7.199999999999982414e+00,-3.528703365732398733e+00,-7.789830253078628530e+00,8.609436631083131619e-01,-4.046482494226266713e-02,0.000000000000000000e+00,3.307178194980586738e-02,2.304358873181949763e-03,7.262300534561537679e-01
7.249999999999982236e+00,-3.484658481661480955e+00,-7.787711636292064199e+00,8.743641361508260879e-01,2.131003221624176019e-02,0.000000000000000000e+00,2.503999658353350810e-02,-6.746681121690951619e-03,7.912816844584339426e-01
7.299999999999982059e+00,-3.442244506120119674e+00,-7.785751069334490460e+00,8.626916509406246103e-01,-2.964191506781266652e-02,0.000000000000000000e+00,2.553363481201387231e-02,-5.030814295088648601e-03,7.241793192458694239e-01
7.349999999999981881e+00,-3.398764428698471285e+00,-7.784532333040853125e+00,8.686422596300626964e-01,8.890270350229295682e-05,0.000000000000000000e+00,6.468289590771014730e-02,4.815527790708819950e-02,7.825417452968767007e-01
7.399999999999981704e+00,-3.355302097522353311e+00,-7.781882225527686714e+00,8.714036664546617184e-01,1.111674946119796219e-02,0.000000000000000000e+00,2.352995602809571096e-02,-2.744033171585292738e-02,7.527887018496863814e-01
7.449999999999981526e+00,-3.312215900800024038e+00,-7.779432058187427224e+00,8.686247874554150483e-01,-2.222116428028350285e-03,0.000000000000000000e+00,6.273808630264133157e+00,-5.488323157774557121e-02,7.389816677266912714e-01
7.499999999999981348e+00,-3.269474540422943054e+00,-7.778067467782774358e+00,8.632687400738628947e-01,-2.320188266863137255e-02,0.000000000000000000e+00,1.389984271658484261e-02,-1.937219943226251018e-04,7.528760627229246216e-01
7.549999999999981171e+00,-3.225587360033609574e+00,-7.776381842011505618e+00,8.734104340414827750e-01,2.200526973557456745e-02,0.000000000000000000e+00,2.376264272194106297e-02,1.451173482676606022e-02,7.796562996306852789e-01
7.599999999999980993e+00,-3.183256990995615432e+00,-7.774541466786116573e+00,8.614031275854292513e-01,-3.042501003575461341e-02,0.000000000000000000e+00,2.507645779332712266e-02,6.780905996608055028e-03,7.289478297925859884e-01
7.649999999999980815e+00,-3.139218351726903222e+00,-7.772408860076995829e+00,8.744763170913258943e-01,2.795274999498307406e-02,0.000000000000000000e+00,1.672646789122467226e-02,-4.571986185029584641e-03,7.889843620728534956e-01
7.699999999999980638e+00,-3.096770188405798763e+00,-7.770458418266263934e+00,8.631401298570362535e-01,-2.298254894117227054e-02,0.000000000000000000e+00,1.649668303706519623e-02,-5.318102098393421781e-03,7.236184145433703918e-01
7.749999999999980460e+00,-3.053218882624151309e+00,-7.769350501676386855e+00,8.696040349426339411e-01,7.469581189453029096e-03,0.000000000000000000e+00,5.719697810690504980e-02,5.016215583739025430e-02,7.802993507148185959e-01
7.799999999999980282e+00,-3.009673477469931413e+00,-7.766968228912101146e+00,8.725959434082758426e-01,1.794329881413007227e-02,0.000000000000000000e+00,2.827486486610819583e-02,-1.100115886882923472e-02,7.479798252868301578e-01
7.849999999999980105e+00,-2.966992069200392379e+00,-7.764376483866017864e+00,8.650977359376736953e-01,-1.563819083110463970e-02,0.000000000000000000e+00,6.270696662063150129e+00,-5.914322787493361822e-02,7.330202829586206503e-01
7.899999999999979927e+00,-2.923627420539766764e+00,-7.763178343131317050e+00,8.682518679897807123e-01,1.059755435444016680e-04,0.000000000000000000e+00,1.210767275838975365e-02,2.794924202774107247e-03,7.705113203116313869e-01
7.949999999999979750e+00,-2.880091475227458897e+00,-7.762357962867890926e+00,8.715427174579339908e-01,1.324817830744868391e-02,0.000000000000000000e+00,5.645248203154018540e-02,5.739000701421800160e-02,7.547406600510963015e-01
7.999999999999979572e+00,-2.837146642674535091e+00,-7.761073555864671292e+00,8.667376051150543770e-01,-8.621906725559576323e-03,0.000000000000000000e+00,8.004248007717595925e-02,5.941293401444595890e-02,7.382864127103299090e-01
8.049999999999979394e+00,-2.794063145951691585e+00,-7.757736017791319050e+00,8.670832846928472337e-01,-5.514807069276228893e-03,0.000000000000000000e+00,1.127246623934663461e-02,-5.840782076190382394e-02,7.623119744247279783e-01
8.099999999999980105e+00,-2.750438509480634064e+00,-7.755669997673450666e+00,8.723068265785145492e-01,1.648232188724835581e-02,0.000000000000000000e+00,6.282380939960466648e+00,-4.235084524356469426e-02,7.605835765357636946e-01
8.149999999999980815e+00,-2.707801221707421657e+00,-7.754206117175276525e+00,8.641428958900934099e-01,-1.946986524388540779e-02,0.000000000000000000e+00,1.688344512596096081e-02,-1.384126020500038579e-03,7.344658671074271172e-01
8.199999999999981526e+00,-2.664288073922976174e+00,-7.753406748832217588e+00,8.694055801353414159e-01,5.474844785883399567e-03,0.000000000000000000e+00,6.728317357617719097e-02,6.434648655809672990e-02,7.752855205495328139e-01
8.249999999999982236e+00,-2.620694189014467046e+00,-7.751027640074464209e+00,8.730151592764121560e-01,1.881819239298947524e-02,0.000000000000000000e+00,3.351197915497117208e-02,-1.046013867640631367e-02,7.489720993232927837e-01
8.299999999999982947e+00,-2.577891573461474017e+00,-7.748617869993995377e+00,8.664814076183424696e-01,-1.108045271788679273e-02,0.000000000000000000e+00,6.277086555243435839e+00,-5.597769599910155935e-02,7.309242036179390833e-01
8.349999999999983658e+00,-2.534807061188161903e+00,-7.747368377368291981e+00,8.658478878404693990e-01,-1.139844128580167967e-02,0.000000000000000000e+00,1.085803856700273684e-02,-6.854934727508865677e-03,7.635929619082875153e-01
8.399999999999984368e+00,-2.491178613382667439e+00,-7.746629641520504705e+00,8.714755261023949817e-01,1.339180001906066682e-02,0.000000000000000000e+00,5.564382832113068389e-02,5.356237193244983014e-02,7.667605607976528681e-01
8.449999999999985079e+00,-2.448031147064576363e+00,-7.745339135617506088e+00,8.688929771565845339e-01,3.832442320068889935e-04,0.000000000000000000e+00,7.420919719273477710e-02,5.043561715919391703e-02,7.386223694880249546e-01
8.499999999999985789e+00,-2.405141880786589859e+00,-7.742335752933875881e+00,8.657572366465500213e-01,-1.223636665453236259e-02,0.000000000000000000e+00,2.223016633164842659e-02,-4.097450667199378782e-02,7.515351142170771936e-01
8.549999999999986500e+00,-2.361397291409697008e+00,-7.740377372363046682e+00,8.730200376516066285e-01,1.926211069660013070e-02,0.000000000000000000e+00,1.601150090179004337e-02,-2.690363061774421818e-02,7.672138167672497566e-01
8.599999999999987210e+00,-2.319000260207242370e+00,-7.738737973270376713e+00,8.621533333000818144e-01,-2.805712884881854038e-02,0.000000000000000000e+00,2.518096486583942806e-02,-4.017287466866326442e-03,7.308998117419667206e-01
8.649999999999987921e+00,-2.274925165039013208e+00,-7.736713892440588047e+00,8.750776021904894675e-01,2.925137248257505054e-02,0.000000000000000000e+00,1.706296469619417167e-02,-1.016562690809419411e-02,7.852333334995906799e-01
8.699999999999988631e+00,-2.231731491277789470e+00,-7.735208702925005397e+00,8.709078579820079824e-01,6.722121152134337418e-03,0.000000000000000000e+00,3.493453775017396623e-02,1.685012464989328607e-02,7.206119890475525258e-01
8.749999999999989342e+00,-2.188914439529244138e+00,-7.734099342382070752e+00,8.651769691148381014e-01,-1.754585854697172931e-02,0.000000000000000000e+00,7.221648535712432704e-02,5.644125647456617323e-02,7.414607100899599512e-01
8.799999999999990052e+00,-2.145396686423404642e+00,-7.731188164757817560e+00,8.706859322750565289e-01,7.999165803296013830e-03,0.000000000000000000e+00,2.166436646503200336e-02,-3.639448845966691132e-02,7.701151544258093562e-01
8.849999999999990763e+00,-2.102120457999045122e+00,-7.728805771811918746e+00,8.703827118694169585e-01,5.186451020078547240e-03,0.000000000000000000e+00,1.196704726716291134e-03,-4.344221520143547871e-02,7.425703386247172189e-01
8.899999999999991473e+00,-2.059383417547451689e+00,-7.727248320958596928e+00,8.642192106598061141e-01,-2.050484402238019269e-02,0.000000000000000000e+00,2.102601350103228128e-02,1.514741152843435829e-03,7.440864406529150710e-01
8.949999999999992184e+00,-2.015548886523140570e+00,-7.726311714707705391e+00,8.730114802958610642e-01,1.876520332631514618e-02,0.000000000000000000e+00,7.042234095706945141e-02,6.342716025251393663e-02,7.749039467009692927e-01
8.999999999999992895e+00,-1.972384507924872521e+00,-7.724421108921220025e+00,8.698124150208937921e-01,2.215901561183212035e-03,0.000000000000000000e+00,7.335433487060250002e-02,3.557445198555475585e-02,7.309425985206945420e-01
9.049999999999993605e+00,-1.929679636932062792e+00,-7.721133434235388115e+00,8.646554906614463132e-01,-1.885497618884305476e-02,0.000000000000000000e+00,7.645172036225389434e-03,-6.569494365584233053e-02,6.774158629986730684e-01
9.099999999999994316e+00,-1.886146666101867542e+00,-7.719030660651874598e+00,8.700953650207894352e-01,6.675516486297737584e-03,0.000000000000000000e+00,6.280833320144129317e+00,-4.134237856110283688e-02,5.937173530892208007e-01
9.149999999999995026e+00,-1.844558071758912288e+00,-7.717424427848006196e+00,8.510663290790085878e-01,-7.077573057808413115e-02,0.000000000000000000e+00,1.449621025301528476e-02,-3.264298758253503935e-03,4.522913498274132582e-01
9.199999999999995737e+00,-1.802996286372292811e+00,-7.715723133275609769e+00,8.418428457141440280e-01,-9.351451792192502777e-02,0.000000000000000000e+00,2.074171939722546654e-02,6.461279300497828337e-03,4.356603887626667171e-01
9.249999999999996447e+00,-1.762014562754708136e+00,-7.713947548388937037e+00,8.303401159393706266e-01,-1.208225334366329756e-01,0.000000000000000000e+00,1.847803253923263611e-02,1.382062727324434061e-03,3.672887743640302904e-01
9.299999999999997158e+00,-1.722463978409118468e+00,-7.712161984577122098e+00,8.092240532777277284e-01,-1.811222773958767740e-01,0.000000000000000000e+00,1.036870023026814636e-02,-9.708302257291624021e-03,3.089716953849424019e-01
9.349999999999997868e+00,-1.683933356128265446e+00,-7.710426185442457836e+00,7.884430870505400035e-01,-2.280216868254511531e-01,0.000000000000000000e+00,6.282832352909766271e+00,-1.823213889120792880e-02,2.997737864352606474e-01
9.399999999999998579e+00,-1.646445570766326583e+00,-7.708820819766086352e+00,7.671938588697646555e-01,-2.674142621834610933e-01,0.000000000000000000e+00,6.274970432709390700e+00,-1.854500142097615517e-02,2.887977331914593493e-01
9.449999999999999289e+00,-1.610182092518383401e+00,-7.707389660809012000e+00,7.440535759075167510e-01,-3.064925415957592270e-01,0.000000000000000000e+00,6.272576249390956704e+00,-1.237866561360976420e-02,2.801226534998939588e-01
9.500000000000000000e+00,-1.575057634820282493e+00,-7.706114605187520006e+00,7.210823888826147776e-01,-3.370787813762139429e-01,0.000000000000000000e+00,6.277199746757651688e+00,-3.967639106993107317e-04,2.814397788720168769e-01
9.550000000000000711e+00,-1.541100613562071953e+00,-7.704965137722517454e+00,6.977052611524703352e-01,-3.631715360215476140e-01,0.000000000000000000e+00,7.012520345002215549e-04,8.086973455052427068e-03,2.822157892267447288e-01
9.600000000000001421e+00,-1.508303748261212496e+00,-7.703862214064166380e+00,6.743422056413010957e-01,-3.839894508619137170e-01,0.000000000000000000e+00,8.903131667683084061e-03,1.422209693772594034e-02,2.854507658152743432e-01
9.650000000000002132e+00,-1.476697709763208133e+00,-7.702759796666778236e+00,6.507521497260309040e-01,-4.015517843506104523e-01,0.000000000000000000e+00,1.609285848602581837e-02,1.598797498414415014e-02,2.890601715379707004e-01
9.700000000000002842e+00,-1.446230324716293314e+00,-7.701613657057414741e+00,6.275668055254677302e-01,-4.139828042827397581e-01,0.000000000000000000e+00,2.057801310284013141e-02,1.359487293646981232e-02,2.944041871852872139e-01
9.750000000000003553e+00,-1.416883676902175093e+00,-7.700419641728363906e+00,6.047403517344933643e-01,-4.224920585900880377e-01,0.000000000000000000e+00,2.069062338987492922e-02,7.001459364054257034e-03,2.981896426317899307e-01
9.800000000000004263e+00,-1.388738642046735805e+00,-7.699193446693449516e+00,5.812953805394845963e-01,-4.317735316521041922e-01,0.000000000000000000e+00,1.669418642804565422e-02,-1.578364791119993803e-03,3.006247307823500803e-01
9.850000000000004974e+00,-1.361701437829384131e+00,-7.697989991895392237e+00,5.585496729011534267e-01,-4.364016558750067887e-01,0.000000000000000000e+00,9.253861680639907661e-03,-1.014357558653194470e-02,3.069685340460808765e-01
9.900000000000005684e+00,-1.335752894387399747e+00,-7.696862891060737510e+00,5.362343734814488672e-01,-4.383825223788224146e-01,0.000000000000000000e+00,7.416680826590749120e-04,-1.565807334427929409e-02,3.103326030615832787e-01
9.950000000000006395e+00,-1.310911896491376627e+00,-7.695880603716773294e+00,5.139128565946537996e-01,-4.399920854502369361e-01,0.000000000000000000e+00,6.277479426081911562e+00,-1.580140899145494882e-02,3.120375415148592402e-01
1.000000000000000711e+01,-1.287197813468120344e+00,-7.695058972850572054e+00,4.914140126818521970e-01,-4.419890440113947161e-01,0.000000000000000000e+00,6.277104606714603463e+00,-8.441194259161908034e-03,3.144094276308260216e-01
1.005000000000000782e+01,-1.264563986301868947e+00,-7.694354955729721723e+00,4.693403818546977302e-01,-4.418857585177323744e-01,0.000000000000000000e+00,5.149448923624788677e-05,3.426712328788467099e-03,3.184719373276396759e-01
1.010000000000000853e+01,-1.243035627213802341e+00,-7.693715461234527986e+00,4.472046072619733637e-01,-4.420517051850821888e-01,0.000000000000000000e+00,6.685757455061391852e-03,9.929909412849076758e-03,3.210872832164107238e-01
1.015000000000000924e+01,-1.222570449714315277e+00,-7.693084715162645359e+00,4.255191702279643717e-01,-4.403831122841005419e-01,0.000000000000000000e+00,1.165458768414140422e-02,1.118396914613767681e-02,3.249091461697836136e-01
1.020000000000000995e+01,-1.203178154546272971e+00,-7.692439251035276371e+00,4.039266104983580963e-01,-4.386767287457043474e-01,0.000000000000000000e+00,1.375332270679940905e-02,8.214508721262062801e-03,3.272727772769490340e-01
1.025000000000001066e+01,-1.184854968136856979e+00,-7.691782462394519015e+00,3.824312821263240458e-01,-4.369226964846985029e-01,0.000000000000000000e+00,1.286290747456231287e-02,2.974894275782592138e-03,3.301313052927471459e-01
1.030000000000001137e+01,-1.167586625832141234e+00,-7.691133505620179278e+00,3.611305618635851644e-01,-4.347410382387131289e-01,0.000000000000000000e+00,1.067861075240550406e-02,-1.269370582369187079e-03,3.335817166372582188e-01
1.035000000000001208e+01,-1.151365100406279929e+00,-7.690524295145840128e+00,3.399884717200750694e-01,-4.323611911650097062e-01,0.000000000000000000e+00,7.377653667435701834e-03,-4.789776170132415030e-03,3.372143644546115038e-01
1.040000000000001279e+01,-1.136170631409167964e+00,-7.689969412488747658e+00,3.191251354968456244e-01,-4.293422978249243904e-01,0.000000000000000000e+00,4.879874875334699880e-03,-5.509668193137437150e-03,3.413408041023821005e-01
1.045000000000001350e+01,-1.122016475087276977e+00,-7.689489932361799340e+00,2.982594418972676076e-01,-4.269366126582504473e-01,0.000000000000000000e+00,3.577513521102915206e-03,-4.437268273350013052e-03,3.454390258668583735e-01
1.050000000000001421e+01,-1.108851903047726406e+00,-7.689071670312479512e+00,2.779402145948041136e-01,-4.228261993364532123e-01,0.000000000000000000e+00,4.466867528863716075e-03,-1.068971430111003394e-03,3.512443615445792755e-01
1.055000000000001492e+01,-1.096698495796119222e+00,-7.688704115945782291e+00,2.576614611665561938e-01,-4.193759731821530834e-01,0.000000000000000000e+00,6.604484909072283472e-03,2.210153198222728887e-03,3.390746218633002851e-01
1.060000000000001563e+01,-1.085562894887648566e+00,-7.688362466983747368e+00,2.372885217602218599e-01,-4.169925361710586365e-01,0.000000000000000000e+00,8.063322755810453657e-03,3.497933710604334868e-03,2.581637153405068053e-01
1.065000000000001634e+01,-1.075769172238224991e+00,-7.688048524498515057e+00,2.129372778360956731e-01,-4.309990046333502800e-01,0.000000000000000000e+00,8.829486529235097692e-03,3.138914824305855805e-03,1.929863219698297327e-01
1.070000000000001705e+01,-1.067468723895643068e+00,-7.687767884065623392e+00,1.852059613882237055e-01,-4.557244694981665845e-01,0.000000000000000000e+00,8.805977627556416110e-03,1.601742234283113275e-03,1.678128135052893433e-01
1.075000000000001776e+01,-1.060545674930455373e+00,-7.687525065817045977e+00,1.575169083014011928e-01,-4.753357879458217639e-01,0.000000000000000000e+00,8.035599607770116393e-03,-5.432710470726950357e-05,1.818847243829344040e-01
1.080000000000001847e+01,-1.054894980771199142e+00,-7.687326068349951136e+00,1.310901675100864527e-01,-4.859755935219148837e-01,0.000000000000000000e+00,7.098576121347122125e-03,-1.038898455543458763e-03,2.162488956742344426e-01
1.085000000000001918e+01,-1.050363745590700892e+00,-7.687170840237271818e+00,1.070176153497177374e-01,-4.850706834590053917e-01,0.000000000000000000e+00,6.335918517389238502e-03,-1.275332099291589822e-03,2.629652153530173120e-01
1.090000000000001990e+01,-1.046757900219148940e+00,-7.687052800171838562e+00,8.623305208757646445e-02,-4.711947998157682838e-01,0.000000000000000000e+00,5.881324583025815400e-03,-8.912984322349381660e-04,3.137484258680676152e-01
1.095000000000002061e+01,-1.043920561401117997e+00,-7.686963461186148372e+00,6.865628351798311324e-02,-4.472629141309870660e-01,0.000000000000000000e+00,5.715205631426911737e-03,-2.631322830689137009e-04,3.602917389694499928e-01
1.100000000000002132e+01,-1.041721632935230790e+00,-7.686894937724217058e+00,5.393488351465867275e-02,-4.166959313180865765e-01,0.000000000000000000e+00,5.692492944613825046e-03,2.630229298378121785e-04,3.999496511397334086e-01
1.105000000000002203e+01,-1.040057580714534247e+00,-7.686841898142771079e+00,4.160643502795084714e-02,-3.826705390012998809e-01,0.000000000000000000e+00,5.675260426678541137e-03,5.450262057945399335e-04,4.322507786884689507e-01
1.110000000000002274e+01,-1.038849839150844501e+00,-7.686801355679506287e+00,3.118031044566600685e-02,-3.478409295301786996e-01,0.000000000000000000e+00,5.608632940511171228e-03,6.157902194627023085e-04,4.582668023288942738e-01
1.115000000000002345e+01,-1.038035534621021494e+00,-7.686771629824528773e+00,2.227186596871997756e-02,-3.139065215319265523e-01,0.000000000000000000e+00,5.470231355843679921e-03,5.410640265948783809e-04,4.799948883545746559e-01
1.120000000000002416e+01,-1.037561531034317586e+00,-7.686751711957946043e+00,1.461085458593558081e-02,-2.817692627566784069e-01,0.000000000000000000e+00,5.245072518379245707e-03,3.690617465684412459e-04,4.993152512607585414e-01
1.125000000000002487e+01,-1.037380107986999311e+00,-7.686740883623438769e+00,3.663162948181027372e-03,-2.692061767563603270e-01,0.000000000000000000e+00,4.970626516135112638e-03,1.835802516273586800e-04,5.176494104848452515e-01
1.130000000000002558e+01,-1.037443973756028148e+00,-7.686738291832517334e+00,6.737782099371053372e-04,-2.273224803580637943e-01,0.000000000000000000e+00,4.650657003772096232e-03,4.842031875210812356e-05,5.494065211739236343e-01
1.135000000000002629e+01,-1.037744316191397953e+00,-7.686743858387939277e+00,-3.362430374141083152e-03,-1.980028186227635878e-01,0.000000000000000000e+00,4.433496976997020056e-03,-4.884924102801862199e-05,5.595842911542587839e-01
1.140000000000002700e+01,-1.038203590933074905e+00,-7.686755190126135062e+00,-6.900739163598377385e-03,-1.725554900560398730e-01,0.000000000000000000e+00,4.365996351735290659e-03,-2.108438341693927407e-04,5.765307428008070723e-01
1.145000000000002771e+01,-1.038656824594234696e+00,-7.686767239674901830e+00,-8.233386879213188889e-03,-1.433749829072910875e-01,0.000000000000000000e+00,4.355201821708121201e-03,-3.234124641977028725e-04,5.943916298875729920e-01
1.150000000000002842e+01,-1.039012251040183799e+00,-7.686777020693064344e+00,-7.569887065876738062e-03,-1.120459870724871132e-01,0.000000000000000000e+00,4.341464918360848912e-03,-3.160691743835917535e-04,6.053525489541585758e-01
1.155000000000002913e+01,-1.039271793110411179e+00,-7.686784581455453846e+00,-6.148847562496262062e-03,-8.395263164446786774e-02,0.000000000000000000e+00,4.301163677558506038e-03,-2.429776071364139398e-04,6.086090563275945442e-01
1.160000000000002984e+01,-1.039481803881209476e+00,-7.686791216492966150e+00,-4.988391896505299690e-03,-6.252028265161052589e-02,0.000000000000000000e+00,4.256683737218658337e-03,-1.542044319212861341e-04,6.080745035920680497e-01
1.165000000000003055e+01,-1.039682987073385023e+00,-7.686797916375271988e+00,-4.419395074784536644e-03,-4.774023883440540322e-02,0.000000000000000000e+00,4.226408689824268095e-03,-8.348153883766596989e-05,6.076229568874637055e-01
1.170000000000003126e+01,-1.039892602209353978e+00,-7.686805037239009764e+00,-4.294781070268229722e-03,-3.769373504945910947e-02,0.000000000000000000e+00,4.221761994212869240e-03,-3.869393776249730425e-05,6.088785708494210969e-01
1.175000000000003197e+01,-1.040107242285486233e+00,-7.686812344253072915e+00,-4.306826705165896739e-03,-3.020317057915795564e-02,0.000000000000000000e+00,4.237211611459734684e-03,-1.551683725322851060e-05,6.116371789362463618e-01
1.180000000000003268e+01,-1.040316599146182019e+00,-7.686819435011638113e+00,-4.246766022131789366e-03,-2.392229373118993918e-02,0.000000000000000000e+00,4.260437742767742009e-03,-6.053914546592126644e-06,6.148940509091506135e-01
1.185000000000003340e+01,-1.040512555753441593e+00,-7.686826045765566384e+00,-4.060139772466541189e-03,-1.839132998629097043e-02,0.000000000000000000e+00,4.281463889908465603e-03,-2.684081816702011120e-06,6.178485772994841696e-01
1.190000000000003411e+01,-1.040693120416005701e+00,-7.686832131541758706e+00,-3.799939462241158552e-03,-1.367226274813126280e-02,0.000000000000000000e+00,4.296995983685825138e-03,-1.333013920844240785e-06,6.202106558927646951e-01
1.195000000000003482e+01,-1.040860355678663529e+00,-7.686837772228218846e+00,-3.535255475878533796e-03,-9.879074253054526827e-03,0.000000000000000000e+00,4.307555178584721034e-03,-4.866449889917536719e-07,6.221146339679909376e-01
1.200000000000003553e+01,-1.041017543003332602e+00,-7.686843080209111001e+00,-3.308340683263697249e-03,-6.995600231984287938e-03,0.000000000000000000e+00,4.315985987069836938e-03,2.790641182385172463e-07,6.238052105086069332e-01
1.205000000000003624e+01,-1.041166885020259780e+00,-7.686848127171290734e+00,-3.123265016933753947e-03,-4.856177520267668073e-03,0.000000000000000000e+00,4.324366495789710996e-03,8.926122238821963695e-07,6.254620879556281876e-01
1.210000000000003695e+01,-1.041309245135972894e+00,-7.686852937398294117e+00,-2.965166152456092871e-03,-3.252546558303499608e-03,0.000000000000000000e+00,4.333518428481397677e-03,1.249463137407367013e-06,6.271307188969155177e-01
1.215000000000003766e+01,-1.041444568054624487e+00,-7.686857507820566759e+00,-2.817043860562447669e-03,-2.009548079068227116e-03,0.000000000000000000e+00,4.343049383093600113e-03,1.379520517971892463e-06,6.287780534271033561e-01
1.220000000000003837e+01,-1.041572643969208789e+00,-7.686861830729023737e+00,-2.670416630019339758e-03,-1.021129541082158422e-03,0.000000000000000000e+00,4.352182242612911978e-03,1.178446598332110887e-06,6.303507316137523242e-01
1.225000000000003908e+01,-1.041693544793531823e+00,-7.686865909516439110e+00,-2.525274225296516781e-03,-2.363340139744430669e-04,0.000000000000000000e+00,4.360357242735091177e-03,7.394678940198551675e-07,6.318194122298289583e-01
1.230000000000003979e+01,-1.041807615546685550e+00,-7.686869758493870108e+00,-2.384877927276631004e-03,3.725179808999807586e-04,0.000000000000000000e+00,4.367940860349861509e-03,5.987924511925853557e-07,6.331851348617900666e-01
1.235000000000004050e+01,-1.041915347451267904e+00,-7.686873395686584232e+00,-2.252331265659852835e-03,8.282010311870897836e-04,0.000000000000000000e+00,4.375070742456799167e-03,7.057657550268896494e-07,6.344631265285777255e-01
1.240000000000004121e+01,-1.042017219991788313e+00,-7.686876834260198521e+00,-2.128713958067943082e-03,1.157030055317303987e-03,0.000000000000000000e+00,4.381623527061506707e-03,5.760531152090961681e-07,6.356703147683330224e-01
1.245000000000004192e+01,-1.042113617552165916e+00,-7.686880087960409114e+00,-2.013285262672074270e-03,1.387338825837311843e-03,0.000000000000000000e+00,4.388047181782539496e-03,7.042789918800805697e-07,6.368172064811319366e-01
1.250000000000004263e+01,-1.042204827823963509e+00,-7.686883165550706387e+00,-1.904592425855700620e-03,1.544642407935338003e-03,0.000000000000000000e+00,4.394119840640087205e-03,6.773173912145919243e-07,6.379072696216003813e-01
1.255000000000004334e+01,-1.042291109065093258e+00,-7.686886076754573693e+00,-1.801711060312964803e-03,1.647239388519207903e-03,0.000000000000000000e+00,4.399730785721089887e-03,4.530819445134780849e-07,6.389403296723727976e-01
1.260000000000004405e+01,-1.042372685503976992e+00,-7.686888831607189942e+00,-1.703855190738263721e-03,1.709214989114165271e-03,0.000000000000000000e+00,4.405379597328007435e-03,7.345892771039770926e-07,6.399174025186328274e-01
1.265000000000004476e+01,-1.042449814477295567e+00,-7.686891434037015358e+00,-1.611107562029690226e-03,1.738362506125621038e-03,0.000000000000000000e+00,4.410439087608963860e-03,5.317102798500068212e-07,6.408394222632993742e-01
1.270000000000004547e+01,-1.042522731029174921e+00,-7.686893893424747048e+00,-1.523241871818599132e-03,1.742152765744856262e-03,0.000000000000000000e+00,4.415110679065747945e-03,3.309900569225756527e-07,6.417104985723715016e-01
1.275000000000004619e+01,-1.042591686377209559e+00,-7.686896221206529489e+00,-1.440355039922105703e-03,1.725269540181854086e-03,0.000000000000000000e+00,4.419700986797003850e-03,4.497909860769645201e-07,6.425334548545168500e-01
1.280000000000004690e+01,-1.042656899591007491e+00,-7.686898422129212705e+00,-1.362100572821103688e-03,1.693233500549486993e-03,0.000000000000000000e+00,4.424201726854093408e-03,6.269709676136905333e-07,6.433123539047156392e-01
1.285000000000004761e+01,-1.042718547317925459e+00,-7.686900501542981878e+00,-1.287828306901568371e-03,1.651675864117726827e-03,0.000000000000000000e+00,4.428187545300055206e-03,3.880071775040455056e-07,6.440494103826083228e-01
1.290000000000004832e+01,-1.042776838566019215e+00,-7.686902467499495906e+00,-1.217666922129080403e-03,1.601986230384129430e-03,0.000000000000000000e+00,4.432050790137864738e-03,4.128033096137360687e-07,6.447452675906510944e-01
1.295000000000004903e+01,-1.042831991553065718e+00,-7.686904327505017065e+00,-1.151776778638308098e-03,1.545149558270389120e-03,0.000000000000000000e+00,4.435763646064572185e-03,4.903662812398371395e-07,6.454034546960877305e-01
1.300000000000004974e+01,-1.042884146245961929e+00,-7.686906086577925734e+00,-1.089283289825266135e-03,1.486093601868475811e-03,0.000000000000000000e+00,4.439453293375805742e-03,6.420836653893292676e-07,6.460277368426141642e-01
1.305000000000005045e+01,-1.042933453886595307e+00,-7.686907747352014653e+00,-1.029976855150677422e-03,1.426100620193132117e-03,0.000000000000000000e+00,4.442474386884498472e-03,2.177489867481983127e-07,6.466175170331717181e-01
1.310000000000005116e+01,-1.042980076895707375e+00,-7.686909319399967799e+00,-9.738977979572955527e-04,1.365196724928029876e-03,0.000000000000000000e+00,4.445451701349689699e-03,1.457022253583383063e-07,6.471744166845780910e-01
1.315000000000005187e+01,-1.043024162723868553e+00,-7.686910806437346366e+00,-9.208841791190372711e-04,1.304211855295454034e-03,0.000000000000000000e+00,4.448478011492618123e-03,3.368476214527268297e-07,6.477009950896520651e-01
1.320000000000005258e+01,-1.043065848826015829e+00,-7.686912211070255907e+00,-8.707558792954556409e-04,1.243882683530686886e-03,0.000000000000000000e+00,4.451044986025110006e-03,1.009324035027533614e-07,6.481989640220208182e-01
1.325000000000005329e+01,-1.043105283923930759e+00,-7.686913541705810538e+00,-8.235805618326448325e-04,1.183807416675790270e-03,0.000000000000000000e+00,4.453699788578013852e-03,2.278311579555505046e-07,6.486698294945075771e-01
1.330000000000005400e+01,-1.043142567330777926e+00,-7.686914798609643995e+00,-7.787789855804047676e-04,1.126252238349589960e-03,0.000000000000000000e+00,4.456166273943296119e-03,2.306348248900585388e-07,6.491160299811948864e-01
1.335000000000005471e+01,-1.043177819649364402e+00,-7.686915987551211416e+00,-7.363787237838488164e-04,1.070602837865893345e-03,0.000000000000000000e+00,4.458501604812425967e-03,2.556301723070938153e-07,6.495372701412083227e-01
1.340000000000005542e+01,-1.043211163707714162e+00,-7.686917111099235811e+00,-6.964155293432473283e-04,1.016335048055118416e-03,0.000000000000000000e+00,4.460758578144208286e-03,3.014179654970629531e-07,6.499354434226845001e-01
1.345000000000005613e+01,-1.043242692723285403e+00,-7.686918173423629597e+00,-6.585547471398109538e-04,9.645111672578381493e-04,0.000000000000000000e+00,4.462867515049318001e-03,2.585127308190271860e-07,6.503125019053679345e-01
1.350000000000005684e+01,-1.043272499728853608e+00,-7.686919177164861949e+00,-6.226588369179508493e-04,9.151925746937089644e-04,0.000000000000000000e+00,4.464957111437684034e-03,3.681140858443073811e-07,6.506688125819363178e-01
1.355000000000005755e+01,-1.043300684174605752e+00,-7.686920125664789438e+00,-5.887437995377355765e-04,8.678142092758263327e-04,0.000000000000000000e+00,4.466897079955955974e-03,3.564140112785106713e-07,6.510053469469566645e-01
1.360000000000005826e+01,-1.043327331874045250e+00,-7.686921019910393227e+00,-5.566576575874919528e-04,8.225959352216337178e-04,0.000000000000000000e+00,4.468509777762363910e-03,1.214447765141118566e-07,6.513236457606703667e-01
1.365000000000005898e+01,-1.043352540930057026e+00,-7.686921866931969660e+00,-5.264859025340851584e-04,7.787637683909325037e-04,0.000000000000000000e+00,4.470230791094209621e-03,2.329325758126316890e-07,6.516245278513642658e-01
1.370000000000005969e+01,-1.043376390231346651e+00,-7.686922666516164959e+00,-4.980270636042146218e-04,7.368463704322265450e-04,0.000000000000000000e+00,4.471735762599848840e-03,9.673374341663020692e-08,6.519097278884306013e-01
1.375000000000006040e+01,-1.043398922640256909e+00,-7.686923422802562023e+00,-4.707736647823015409e-04,6.984906916334321283e-04,0.000000000000000000e+00,4.472946643991448923e-03,-1.996956855679920371e-07,6.521798084475348700e-01
1.380000000000006111e+01,-1.043420219728582454e+00,-7.686924139040955950e+00,-4.449859091786011753e-04,6.619435757215456472e-04,0.000000000000000000e+00,4.474158501053260295e-03,-2.129032222341645300e-07,6.524338492005933299e-01
1.385000000000006182e+01,-1.043440367844018501e+00,-7.686924819203619919e+00,-4.208232885009661377e-04,6.262053432877752804e-04,0.000000000000000000e+00,4.475590829416731253e-03,8.506131895871623843e-08,6.526738750851573956e-01
1.390000000000006253e+01,-1.043459438032088960e+00,-7.686925461263831139e+00,-3.981658686612786708e-04,5.915939539889688344e-04,0.000000000000000000e+00,4.476835895638409113e-03,8.524579551494191974e-08,6.529016724666019122e-01
1.395000000000006324e+01,-1.043477468554435017e+00,-7.686926067881512559e+00,-3.765721855950280466e-04,5.596498954561763932e-04,0.000000000000000000e+00,4.478167331239291116e-03,2.472572229237641662e-07,6.531179375160550693e-01
1.400000000000006395e+01,-1.043494506261612997e+00,-7.686926640539025968e+00,-3.559691845953167678e-04,5.301319203637850589e-04,0.000000000000000000e+00,4.479375634527826833e-03,2.679993763905365350e-07,6.533218843183566937e-01
1.405000000000006466e+01,-1.043510611919442610e+00,-7.686927180536282656e+00,-3.364969767307056316e-04,5.019943677494714644e-04,0.000000000000000000e+00,4.480147366754394511e-03,-1.035033072559919904e-07,6.535139905597274756e-01
1.410000000000006537e+01,-1.043525856641129179e+00,-7.686927693647554349e+00,-3.183313806160758055e-04,4.742578786580954565e-04,0.000000000000000000e+00,4.481002457939808892e-03,-1.720898122350686438e-07,6.536955992338091548e-01
1.415000000000006608e+01,-1.043540270355847621e+00,-7.686928178455064931e+00,-3.010500358564979729e-04,4.485316819647867308e-04,0.000000000000000000e+00,4.481958144324060811e-03,-4.012301903437934427e-08,6.538683185271668696e-01
1.420000000000006679e+01,-1.043553900474716745e+00,-7.686928636743009413e+00,-2.846937844265956530e-04,4.242503512914377645e-04,0.000000000000000000e+00,4.482851545705379692e-03,3.484040240851748756e-08,6.540312964328838241e-01
1.425000000000006750e+01,-1.043566790742528116e+00,-7.686929070443130563e+00,-2.692332937418767040e-04,4.012422437720251402e-04,0.000000000000000000e+00,4.483783862923473862e-03,1.552900961771376581e-07,6.541853698838029363e-01
1.430000000000006821e+01,-1.043578972222590107e+00,-7.686929478800084148e+00,-2.545043847142133006e-04,3.799094311282729449e-04,0.000000000000000000e+00,4.484671819766639089e-03,2.021136289886909819e-07,6.543311046786327578e-01
1.435000000000006892e+01,-1.043590489548584133e+00,-7.686929865587968536e+00,-2.406127698501328810e-04,3.594940043589392323e-04,0.000000000000000000e+00,4.485186723160339284e-03,-1.098278904062404365e-07,6.544684610638571431e-01
1.440000000000006963e+01,-1.043601383839500851e+00,-7.686930231663231083e+00,-2.275481951606332025e-04,3.398535022451494277e-04,0.000000000000000000e+00,4.485944873971803304e-03,1.391027969502518522e-08,6.545984341259876160e-01
1.445000000000007034e+01,-1.043611688039243202e+00,-7.686930577224249994e+00,-2.152069460444547017e-04,3.212477982608328512e-04,0.000000000000000000e+00,4.486749992509864171e-03,1.959243390504785449e-07,6.547216090497826047e-01
1.450000000000007105e+01,-1.043621440069645523e+00,-7.686930903054310704e+00,-2.036178265753037936e-04,3.033547164852692631e-04,0.000000000000000000e+00,4.487426084422097006e-03,1.774557189844147368e-07,6.548381605340238831e-01
1.455000000000007176e+01,-1.043630669133515765e+00,-7.686931210679179394e+00,-1.926778214831217733e-04,2.864437935569428629e-04,0.000000000000000000e+00,4.488071281910421817e-03,1.647574400489159200e-07,6.549487461116826337e-01
1.460000000000007248e+01,-1.043639387968874344e+00,-7.686931500445178145e+00,-1.821506961811329337e-04,2.712635360535090847e-04,0.000000000000000000e+00,4.488631152855582229e-03,8.547628937010692366e-08,6.550534865240910110e-01
1.465000000000007319e+01,-1.043647626794715233e+00,-7.686931775031020209e+00,-1.721552520298073776e-04,2.569926054481089066e-04,0.000000000000000000e+00,4.489081077623247040e-03,-2.903997077029791415e-08,6.551518452244949886e-01
1.470000000000007390e+01,-1.043655402287221534e+00,-7.686932033913164375e+00,-1.625754608055190759e-04,2.439132492556397901e-04,0.000000000000000000e+00,4.489381165471151292e-03,-2.011433166321564361e-07,6.552446414031475319e-01
1.475000000000007461e+01,-1.043662762651093256e+00,-7.686932280868536971e+00,-1.537397286342191628e-04,2.304735280897109856e-04,0.000000000000000000e+00,4.489947818652417766e-03,2.146335733492639253e-08,6.553317678276304736e-01
1.480000000000007532e+01,-1.043669725997056652e+00,-7.686932513171603532e+00,-1.454196493077930638e-04,2.176591397774727292e-04,0.000000000000000000e+00,4.490538198941074199e-03,1.864942966013801484e-07,6.554149590608358000e-01
1.485000000000007603e+01,-1.043676307429725059e+00,-7.686932730413689185e+00,-1.374871750797705531e-04,2.058572087340677817e-04,0.000000000000000000e+00,4.490906064555488797e-03,3.098560900618578377e-08,6.554937832629589289e-01
1.490000000000007674e+01,-1.043682530062792102e+00,-7.686932937473862637e+00,-1.299933133931522092e-04,1.946612137337271672e-04,0.000000000000000000e+00,4.491218451851963778e-03,-7.111379540486076642e-08,6.555680726104333722e-01
1.495000000000007745e+01,-1.043688421645918130e+00,-7.686933134047277072e+00,-1.230063616133829493e-04,1.836767781060583940e-04,0.000000000000000000e+00,4.491584927798442095e-03,3.543918270430159816e-09,6.556383309094760969e-01
1.500000000000007816e+01,-1.043693995740051061e+00,-7.686933319722482949e+00,-1.163866619045844398e-04,1.734202213200403955e-04,0.000000000000000000e+00,4.491809158866821861e-03,-1.466527111214005937e-07,6.557051847589958626e-01
1.505000000000007887e+01,-1.043699264781593250e+00,-7.686933495165066965e+00,-1.100589359576047773e-04,1.640470808439506304e-04,0.000000000000000000e+00,4.492080334818737697e-03,-1.402074349565541672e-07,6.557684074230297755e-01
1.510000000000007958e+01,-1.043704240642602032e+00,-7.686933661095045167e+00,-1.039941835147412661e-04,1.554966744466142019e-04,0.000000000000000000e+00,4.492375031925455175e-03,-8.090203831513744100e-08,6.558279535879315558e-01
1.515000000000008029e+01,-1.043708942689046459e+00,-7.686933817651902423e+00,-9.826982812699498792e-05,1.472947611082761653e-04,0.000000000000000000e+00,4.492733206889809594e-03,3.945315760869214615e-08,6.558839120121723321e-01
1.520000000000008100e+01,-1.043713393456886518e+00,-7.686933965477959596e+00,-9.295249149180938276e-05,1.391051554273630547e-04,0.000000000000000000e+00,4.492960852937599725e-03,-2.399162335577409017e-08,6.559368116492685363e-01
1.525000000000008171e+01,-1.043717596442601980e+00,-7.686934104994631589e+00,-8.783622396830248556e-05,1.317491944359177399e-04,0.000000000000000000e+00,4.493227585809833613e-03,-1.378053756352840998e-08,6.559871957326921521e-01
1.530000000000008242e+01,-1.043721581996074343e+00,-7.686934237778537238e+00,-8.317068039399523247e-05,1.240615298459629386e-04,0.000000000000000000e+00,4.493538629242621596e-03,7.273906584399776145e-08,6.560344823823364147e-01
1.535000000000008313e+01,-1.043725355663001730e+00,-7.686934362020755529e+00,-7.875263096473688706e-05,1.169214215938034886e-04,0.000000000000000000e+00,4.493827804600059039e-03,9.155443235582087837e-08,6.560798957840108248e-01
1.540000000000008384e+01,-1.043728919772508368e+00,-7.686934478864235309e+00,-7.445778411651246521e-05,1.107165246679402398e-04,0.000000000000000000e+00,4.493999585226227111e-03,-6.663462226332715714e-10,6.561228931734331971e-01
1.545000000000008455e+01,-1.043732275665000264e+00,-7.686934588574350080e+00,-7.022897865649874161e-05,1.054884415744068450e-04,0.000000000000000000e+00,4.494021452844165765e-03,-2.092544255631303289e-07,6.561631266683788377e-01
1.550000000000008527e+01,-1.043735459541542010e+00,-7.686934693171809663e+00,-6.646564998039552357e-05,9.944406796393813941e-05,0.000000000000000000e+00,4.494340697986487498e-03,3.113045033685807400e-08,6.562004403179384493e-01
1.555000000000008598e+01,-1.043738467625966226e+00,-7.686934791574683956e+00,-6.284519130660029367e-05,9.403708906633123600e-05,0.000000000000000000e+00,4.494555758261853384e-03,5.908889568344442548e-08,6.562366074002374816e-01
1.560000000000008669e+01,-1.043741323837134694e+00,-7.686934885776851800e+00,-5.956558053338281635e-05,8.834811434593471376e-05,0.000000000000000000e+00,4.494629076505773924e-03,-5.678485157030248979e-08,6.562705776422589343e-01
1.565000000000008740e+01,-1.043744018596206136e+00,-7.686934975502635048e+00,-5.630605053471898682e-05,8.371661147140289938e-05,0.000000000000000000e+00,4.494766054370380459e-03,-6.358972509402690137e-08,6.563033195991667679e-01
1.570000000000008811e+01,-1.043746563919200288e+00,-7.686935059255342040e+00,-5.320196417411050702e-05,7.938963461955606525e-05,0.000000000000000000e+00,4.494737506272272753e-03,-2.539108724342191206e-07,6.563337016244378264e-01
1.575000000000008882e+01,-1.043748964993836070e+00,-7.686935138326949968e+00,-5.022017923679305445e-05,7.543884744491449984e-05,0.000000000000000000e+00,4.494749918855234228e-03,-2.659954251204144159e-07,6.563623208762103811e-01
1.580000000000008953e+01,-1.043751234572757758e+00,-7.686935212887336277e+00,-4.744190711267099760e-05,7.146416645241967006e-05,0.000000000000000000e+00,4.495089342023916856e-03,8.378198103852338862e-08,6.563891530920148432e-01
1.585000000000009024e+01,-1.043753391573187139e+00,-7.686935283974442257e+00,-4.497330369592157835e-05,6.704574682893328294e-05,0.000000000000000000e+00,4.495389316981679428e-03,2.355082258103367429e-07,6.564146396926088256e-01
1.590000000000009095e+01,-1.043755430417476315e+00,-7.686935349908540438e+00,-4.256349889398777266e-05,6.327581667088172444e-05,0.000000000000000000e+00,4.495426011462910765e-03,2.547893050440343186e-08,6.564393913964770011e-01
1.595000000000009166e+01,-1.043757358988458561e+00,-7.686935412493452802e+00,-4.026820139118519675e-05,5.980184334791555578e-05,0.000000000000000000e+00,4.495464564838513866e-03,-8.761132910295974504e-08,6.564625518584783492e-01
1.600000000000009237e+01,-1.043759179544445415e+00,-7.686935470594017161e+00,5.834415509741633067e-06,2.322519422820371428e-04,0.000000000000000000e+00,4.495419305696302104e-03,-2.174891869673887679e-07,6.564844109038789899e-01
1.605000000000009308e+01,-1.043760814935379866e+00,-7.686935526296035270e+00,-1.734012165679713424e-05,9.310340515947597591e-05,0.000000000000000000e+00,4.493945580058777978e-03,3.271733968774777678e-07,6.563697231668603749e-01
1.610000000000009379e+01,-1.043763593051448613e+00,-7.686935618608527143e+00,-4.044341341834549534e-05,-1.793044291861135993e-05,0.000000000000000000e+00,4.494760481678738984e-03,4.042287451309238851e-08,6.564656316067356556e-01
1.615000000000009450e+01,-1.043766023493893691e+00,-7.686935699022248158e+00,1.336714460345378308e-05,2.008978777523049602e-04,0.000000000000000000e+00,4.495731905233668613e-03,-2.046644292822871299e-07,6.565784615019927273e-01
1.620000000000009521e+01,-1.043767707830218772e+00,-7.686935753812302430e+00,-1.487606276907528144e-05,4.774547271172932279e-05,0.000000000000000000e+00,4.494307871871328075e-03,-3.142609049214119228e-08,6.564491816024152770e-01
1.625000000000009592e+01,-1.043770155073467709e+00,-7.686935834612766527e+00,2.348818089506536861e-05,1.916533528259438792e-04,0.000000000000000000e+00,4.495163170547655795e-03,4.044295900133676067e-08,6.565614357274530688e-01
1.630000000000009663e+01,-1.043772161674265897e+00,-7.686935901424838846e+00,-1.507050095508922236e-05,-9.120451398610541615e-07,0.000000000000000000e+00,4.494922601488759994e-03,2.183298446947880263e-07,6.564799825015414925e-01
1.635000000000009734e+01,-1.043774437976261682e+00,-7.686935972338702072e+00,2.134095602658858524e-05,1.449161918148203271e-04,0.000000000000000000e+00,4.495727078896116780e-03,3.221985342615321055e-08,6.566288422578063777e-01
1.640000000000009805e+01,-1.043776170027030492e+00,-7.686936025332412825e+00,-1.232661458076851110e-05,-1.873732897757018163e-05,0.000000000000000000e+00,4.495029588968968426e-03,-2.498833323628302438e-07,6.565508394968750938e-01
1.645000000000009877e+01,-1.043778109131183518e+00,-7.686936086257196266e+00,1.844267115231906123e-05,1.080872797502923727e-04,0.000000000000000000e+00,4.495825524045038435e-03,-1.883888471086303951e-07,6.566805163788457245e-01
1.650000000000009948e+01,-1.043779509801741279e+00,-7.686936130050381344e+00,-9.537095516769729294e-06,-2.544924287611968099e-05,0.000000000000000000e+00,4.495376979836152032e-03,-1.721326991311896708e-07,6.566148335389978552e-01
1.655000000000010019e+01,-1.043781076709745514e+00,-7.686936179717186235e+00,1.502618764400890050e-05,7.789373834221738390e-05,0.000000000000000000e+00,4.495850667350254071e-03,-3.328122796923539667e-07,6.567220212805329194e-01
1.660000000000010090e+01,-1.043782201848405755e+00,-7.686936217832726292e+00,1.961471251163297901e-05,8.066909014426996093e-05,0.000000000000000000e+00,4.495569386120834565e-03,-1.511443297173728716e-07,6.566698699873705358e-01
1.665000000000010161e+01,-1.043783434201056126e+00,-7.686936256556930580e+00,2.267462197039126696e-05,7.677490995044894168e-05,0.000000000000000000e+00,4.496016932325375137e-03,-3.286635217663800519e-08,6.566726144096185491e-01
1.670000000000010232e+01,-1.043784403146954975e+00,-7.686936287966496195e+00,2.076907969357892229e-05,5.379775885310988037e-05,0.000000000000000000e+00,4.496145448084298835e-03,8.023348082282051906e-08,6.566816751771886729e-01
1.675000000000010303e+01,-1.043785293847843132e+00,-7.686936314476705334e+00,1.902906205617131501e-05,3.607813653285757275e-05,0.000000000000000000e+00,4.496269180902068285e-03,-1.134591692137537022e-07,6.567020784365749098e-01
1.680000000000010374e+01,-1.043785993513608679e+00,-7.686936335794273489e+00,1.604349646637931437e-05,1.692024686711822640e-05,0.000000000000000000e+00,4.496264269572058936e-03,-1.076886581995390413e-07,6.567207982047499337e-01
1.685000000000010445e+01,-1.043786627336088513e+00,-7.686936355881739402e+00,1.405446700007138668e-05,5.580079628462983500e-06,0.000000000000000000e+00,4.496445612321764429e-03,-1.050819712731341001e-08,6.567404887339565178e-01
1.690000000000010516e+01,-1.043787142978849225e+00,-7.686936371000307133e+00,1.184279692158047981e-05,-4.382616611193115452e-06,0.000000000000000000e+00,4.496313836440002376e-03,-1.907103504932720629e-07,6.567561222822567712e-01
1.695000000000010587e+01,-1.043787609886153600e+00,-7.686936385812989769e+00,1.036129795722377373e-05,-9.432089146381232684e-06,0.000000000000000000e+00,4.496245062718173813e-03,-2.559125186756476312e-07,6.567706688677947824e-01
1.700000000000010658e+01,-1.043788002829291184e+00,-7.686936399064974168e+00,8.883587325249716780e-06,-1.345651384500112991e-05,0.000000000000000000e+00,4.496412173093489173e-03,3.277267882306670089e-08,6.567822354943110286e-01
1.705000000000010729e+01,-1.043788354212700220e+00,-7.686936408419202671e+00,7.783725975358565566e-06,-1.516465647556544915e-05,0.000000000000000000e+00,4.496547836168041101e-03,7.375381872073987301e-08,6.567926809902263630e-01
1.710000000000010800e+01,-1.043788645542370608e+00,-7.686936416199095845e+00,6.625537600291237400e-06,-1.676447868072160761e-05,0.000000000000000000e+00,4.496578338914147821e-03,4.297905861312893730e-08,6.568013393143785628e-01
1.715000000000010871e+01,-1.043788893277934005e+00,-7.686936421247692053e+00,5.637736651080881805e-06,-1.736278674141865291e-05,0.000000000000000000e+00,4.496616916324747137e-03,3.434065415139404189e-08,6.568092764796757965e-01
1.720000000000010942e+01,-1.043789110912534790e+00,-7.686936424747775831e+00,4.878499998624830962e-06,-1.692717600295908301e-05,0.000000000000000000e+00,4.496756199239726470e-03,1.558048644214927209e-07,6.568160349400788967e-01
1.725000000000011013e+01,-1.043789302971900756e+00,-7.686936427956058360e+00,4.263573079987654393e-06,-1.600144847691593812e-05,0.000000000000000000e+00,4.496774840815120911e-03,4.762707296360306740e-08,6.568216379079964140e-01
1.730000000000011084e+01,-1.043789467342415067e+00,-7.686936430642305140e+00,3.689025501247304218e-06,-1.509934909649411901e-05,0.000000000000000000e+00,4.496629320026812593e-03,-1.471557738557888804e-07,6.568264127734052549e-01
1.735000000000011156e+01,-1.043789612859943539e+00,-7.686936432115340168e+00,3.230186457626913126e-06,-1.391483545167683450e-05,0.000000000000000000e+00,4.496564638991173979e-03,-1.686544238097776541e-07,6.568306479376693208e-01
1.740000000000011227e+01,-1.043789741306376362e+00,-7.686936434237308546e+00,2.837865616035320604e-06,-1.270115172770781668e-05,0.000000000000000000e+00,4.496576449602329717e-03,-9.023215524073362262e-08,6.568342439248550102e-01
1.745000000000011298e+01,-1.043789847052190911e+00,-7.686936434929783957e+00,2.411210269476238954e-06,-1.186754276840255623e-05,0.000000000000000000e+00,4.496581198386806477e-03,-5.591305208706469933e-08,6.568373789695421960e-01
1.750000000000011369e+01,-1.043789944203386000e+00,-7.686936435956345015e+00,2.137930802089900720e-06,-1.058715208426738403e-05,0.000000000000000000e+00,4.496659875168340648e-03,6.286453751084815337e-08,6.568402792552301417e-01
1.755000000000011440e+01,-1.043790029067474645e+00,-7.686936434902854387e+00,1.879608593367744554e-06,-9.503010502302517486e-06,0.000000000000000000e+00,4.496460160451576371e-03,-1.948419761836862788e-07,6.568425782239171173e-01
1.760000000000011511e+01,-1.043790103452415741e+00,-7.686936433045858053e+00,1.646933069706435490e-06,-8.533110496487237540e-06,0.000000000000000000e+00,4.496225162483824533e-03,-3.880798193435180202e-07,6.568446468176503128e-01
1.765000000000011582e+01,-1.043790157157830079e+00,-7.686936431502020994e+00,1.308705470374588041e-06,-8.179398794517161531e-06,0.000000000000000000e+00,4.496119774541895708e-03,-2.968987667106440615e-07,6.568464792323802648e-01
1.770000000000011653e+01,-1.043790213568329683e+00,-7.686936431594960872e+00,1.206457949764982602e-06,-6.952509118052145222e-06,0.000000000000000000e+00,4.496244395104653790e-03,-3.365265084407989055e-08,6.568483265546017913e-01
1.775000000000011724e+01,-1.043790260458505648e+00,-7.686936428570461999e+00,1.052640868244056774e-06,-6.177275620525411357e-06,0.000000000000000000e+00,4.496211075739608987e-03,-3.086757494604176031e-08,6.568494876344594946e-01
1.780000000000011795e+01,-1.043790308503465880e+00,-7.686936426420997392e+00,1.001507517871821067e-06,-5.146353897909269881e-06,0.000000000000000000e+00,4.496236024422728406e-03,3.305113692508003834e-09,6.568506647437102330e-01
1.785000000000011866e+01,-1.043790348499395559e+00,-7.686936426373391029e+00,8.861683813764424624e-07,-4.578439664308923887e-06,0.000000000000000000e+00,4.496256226653727595e-03,3.046444119974783138e-08,6.568515429088329638e-01
1.790000000000011937e+01,-1.043790375747155164e+00,-7.686936425143322538e+00,6.858195790968959545e-07,-4.464146940565313791e-06,0.000000000000000000e+00,4.496199469782524716e-03,-4.367517349225079307e-08,6.568524980923186041e-01
1.795000000000012008e+01,-1.043790400542129904e+00,-7.686936425083817248e+00,5.771960552097015780e-07,-4.005811648001022948e-06,0.000000000000000000e+00,4.496348297543306671e-03,1.401259102787861886e-07,6.568535238830237599e-01
1.800000000000012079e+01,-1.043790425590255477e+00,-7.686936422967070470e+00,5.379265368913970201e-07,-3.361727391674034812e-06,0.000000000000000000e+00,4.496312851968831126e-03,2.789601433607033893e-08,6.568542303680985350e-01
1.805000000000012150e+01,-1.043790440134671149e+00,-7.686936420412803450e+00,3.996149927231420101e-07,-3.242628090012240605e-06,0.000000000000000000e+00,4.496312208690511625e-03,2.278875228128673459e-08,6.568547270400985072e-01
1.810000000000012221e+01,-1.043790454006330526e+00,-7.686936416235925051e+00,3.395290313901928234e-07,-2.834446317341585631e-06,0.000000000000000000e+00,4.496137567624458597e-03,-1.678378166971942926e-07,6.568553712058895488e-01
1.815000000000012292e+01,-1.043790469489469519e+00,-7.686936414497464121e+00,3.313106616205331962e-07,-2.300430532951906463e-06,0.000000000000000000e+00,4.496067103282541666e-03,-1.645117199395324630e-07,6.568557643455412709e-01
1.820000000000012363e+01,-1.043790485847816418e+00,-7.686936412139107055e+00,3.334346591989272773e-07,-1.831848436047949185e-06,0.000000000000000000e+00,4.496039864219980586e-03,-1.100041642156116242e-07,6.568560219052049787e-01
1.825000000000012434e+01,-1.043790505311529282e+00,-7.686936410458204527e+00,3.678620127101631756e-07,-1.327769334793417830e-06,0.000000000000000000e+00,4.496071731512785163e-03,-1.941483401758296023e-08,6.568562607384959007e-01
1.830000000000012506e+01,-1.043790518819081026e+00,-7.686936407533747406e+00,3.158543857890061983e-07,-1.270245975519359251e-06,0.000000000000000000e+00,4.495970543953120568e-03,-1.373887465218975161e-07,6.568564466579400740e-01
1.835000000000012577e+01,-1.043790518479875251e+00,-7.686936404054165450e+00,1.776076942612387117e-07,-1.569183546526549533e-06,0.000000000000000000e+00,4.495891873062873856e-03,-1.326654328185906488e-07,6.568568094547071468e-01
1.840000000000012648e+01,-1.043790514395608549e+00,-7.686936400831020144e+00,1.337121457023541047e-07,-1.430929031456775746e-06,0.000000000000000000e+00,4.495803518925534092e-03,-1.716203651818154879e-07,6.568572301664302726e-01
1.845000000000012719e+01,-1.043790508232502079e+00,-7.686936397725917303e+00,1.455962151245897466e-07,-1.097206947476478855e-06,0.000000000000000000e+00,4.495718955043415122e-03,-1.637073076914768817e-07,6.568573041007195190e-01
1.850000000000012790e+01,-1.043790511707343160e+00,-7.686936395282904400e+00,1.142854225402419973e-07,-1.003008728318572345e-06,0.000000000000000000e+00,4.495778792248827926e-03,-2.034739719969625039e-08,6.568571750511886798e-01
1.855000000000012861e+01,-1.043790503196882158e+00,-7.686936393594291594e+00,1.501170126372237968e-07,-6.590806222669327745e-07,0.000000000000000000e+00,4.495894230894137422e-03,1.120153540752776721e-07,6.568573236110459845e-01
1.860000000000012932e+01,-1.043790496151543845e+00,-7.686936390076285264e+00,1.546374086281940258e-07,-5.091829138496655152e-07,0.000000000000000000e+00,4.495696338011612170e-03,-1.538979908586071325e-07,6.568570855928335117e-01
1.865000000000013003e+01,-1.043790481753789745e+00,-7.686936386538616439e+00,2.414986266923256392e-07,-5.990145882321088206e-08,0.000000000000000000e+00,4.495608164353015468e-03,-1.576283364341271114e-07,6.568569659899390345e-01
1.870000000000013074e+01,-1.043790480408143706e+00,-7.686936383339576295e+00,1.523212661005286396e-07,-4.046306094257516114e-07,0.000000000000000000e+00,4.495469433354770672e-03,-2.409949183525687710e-07,6.568564824910760880e-01
1.875000000000013145e+01,-1.043790489161104285e+00,-7.686936381638302507e+00,1.691847910094363164e-07,-2.562503879049715453e-07,0.000000000000000000e+00,4.495542408399444412e-03,-1.442970062365061376e-08,6.568567369726560079e-01
1.880000000000013216e+01,-1.043790501940153437e+00,-7.686936380035791494e+00,2.264672413253138953e-07,2.412949093952981320e-08,0.000000000000000000e+00,4.495515250150461384e-03,-1.459064076451376419e-08,6.568568163274078886e-01
1.885000000000013287e+01,-1.043790510548483264e+00,-7.686936377784884478e+00,1.988035928785242693e-07,-9.135100103553309719e-08,0.000000000000000000e+00,4.495562151044296684e-03,1.569666130979113948e-08,6.568568315831982973e-01
1.890000000000013358e+01,-1.043790504961863430e+00,-7.686936375533841570e+00,1.526630945331195646e-07,-2.576427942100426710e-07,0.000000000000000000e+00,4.495359484707250886e-03,-2.127131469035604657e-07,6.568570459121828575e-01
1.895000000000013429e+01,-1.043790494279535075e+00,-7.686936374194173638e+00,1.957705400537060831e-07,-3.368445328569050296e-08,0.000000000000000000e+00,4.495282435625469475e-03,-1.688833386569785527e-07,6.568571042256203807e-01
1.900000000000013500e+01,-1.043790495494425263e+00,-7.686936372374020721e+00,1.048901932944228227e-07,-3.904689496656803090e-07,0.000000000000000000e+00,4.495347476608735349e-03,-1.859699605749947149e-08,6.568568112197628039e-01
1.905000000000013571e+01,-1.043790492954540516e+00,-7.686936370306459487e+00,8.673570562271176114e-08,-3.849931104193875193e-07,0.000000000000000000e+00,4.495504922747528553e-03,1.728828176526448663e-07,6.568571093545836348e-01
1.910000000000013642e+01,-1.043790492168949813e+00,-7.686936367323466968e+00,9.901954724525023102e-08,-2.588591218453568453e-07,0.000000000000000000e+00,4.495673143432910024e-03,2.832995341187668366e-07,6.568571271721344029e-01
1.915000000000013713e+01,-1.043790499728672660e+00,-7.686936362902112130e+00,1.452375489569709894e-07,-2.221529062940507374e-08,0.000000000000000000e+00,4.495571304026668713e-03,2.580967108441605974e-08,6.568570775540416573e-01
1.920000000000013785e+01,-1.043790498669658451e+00,-7.686936360744551777e+00,1.067566602689972742e-07,-1.716957872554167494e-07,0.000000000000000000e+00,4.495467038555744921e-03,-8.767860787930407300e-08,6.568570485984390750e-01
1.925000000000013856e+01,-1.043790507767163867e+00,-7.686936359071680158e+00,1.564844917108938361e-07,6.155469596325002636e-08,0.000000000000000000e+00,4.495596708665949848e-03,9.505342392674083545e-08,6.568571512343631680e-01
1.930000000000013927e+01,-1.043790507903445741e+00,-7.686936355551449829e+00,1.059341727648522517e-07,-1.529575190135634470e-07,0.000000000000000000e+00,4.495571939942877293e-03,1.638931421516777890e-08,6.568571345352235413e-01
1.935000000000013998e+01,-1.043790513885319182e+00,-7.686936351440738058e+00,1.392897368143763005e-07,1.105624098724354213e-08,0.000000000000000000e+00,4.495383932244578773e-03,-1.834991580840246211e-07,6.568572922744340126e-01
1.940000000000014069e+01,-1.043790509702043234e+00,-7.686936346973813450e+00,1.437787741274901390e-07,2.680114204224993906e-08,0.000000000000000000e+00,4.495268327277202047e-03,-2.000131259462015092e-07,6.568572792673982308e-01
1.945000000000014140e+01,-1.043790502360216310e+00,-7.686936343142744654e+00,1.609404089894485488e-07,9.008745308163262171e-08,0.000000000000000000e+00,4.495271872659856172e-03,-9.313311625078665776e-08,6.568572026920241891e-01
1.950000000000014211e+01,-1.043790503175343387e+00,-7.686936338640907529e+00,1.261002941829885033e-07,-6.729049676053209143e-08,0.000000000000000000e+00,4.495159131167270061e-03,-1.769850536448590999e-07,6.568570397067848843e-01
1.955000000000014282e+01,-1.043790491016804101e+00,-7.686936333938140464e+00,2.076498477969935337e-07,2.723658170475898213e-07,0.000000000000000000e+00,4.494945149549067764e-03,-3.007368822309151545e-07,6.568571592412447702e-01
1.960000000000014353e+01,-1.043790493759353177e+00,-7.686936332153051055e+00,1.223894657832651216e-07,-1.231488744168369631e-07,0.000000000000000000e+00,4.495167223826257441e-03,8.518336276542975880e-08,6.568567256905303298e-01
1.965000000000014424e+01,-1.043790483717480511e+00,-7.686936327408099956e+00,1.835256689721139437e-07,1.460257132219222662e-07,0.000000000000000000e+00,4.495097303244932618e-03,-3.057690709572573768e-08,6.568570294307430890e-01
1.970000000000014495e+01,-1.043790477188857979e+00,-7.686936324071018234e+00,1.633564494430541733e-07,3.614369246129987743e-08,0.000000000000000000e+00,4.495183999461360713e-03,8.928432788774410586e-08,6.568566905031472114e-01
1.975000000000014566e+01,-1.043790469255916342e+00,-7.686936319494158454e+00,1.771598604478392377e-07,8.412859798817938659e-08,0.000000000000000000e+00,4.495065560798039428e-03,-7.155037900582422552e-08,6.568566546950053153e-01
1.980000000000014637e+01,-1.043790470095081080e+00,-7.686936315962806354e+00,1.173435965513180343e-07,-1.719621771955378951e-07,0.000000000000000000e+00,4.494961618647153045e-03,-1.575520178681805168e-07,6.568564931863749567e-01
1.985000000000014708e+01,-1.043790459362914369e+00,-7.686936311760587337e+00,1.855423209085577189e-07,1.352251556725245473e-07,0.000000000000000000e+00,4.494987084161294888e-03,-4.294906985719647753e-08,6.568566900079386706e-01
1.990000000000014779e+01,-1.043790454418593194e+00,-7.686936307803955870e+00,1.502236185731876451e-07,-3.309468480345864562e-08,0.000000000000000000e+00,4.495194469292584927e-03,2.108543797961117766e-07,6.568563189733672703e-01
1.995000000000014850e+01,-1.043790452537638469e+00,-7.686936301874458088e+00,1.362574504829780723e-07,-8.234042020360441610e-08,0.000000000000000000e+00,4.495061670699129763e-03,-4.214772465405090896e-08,6.568563535901527084e-01
2.000000000000014921e+01,-1.043790446994701249e+00,-7.686936297674852092e+00,1.390723642124481317e-07,-5.461268124500345442e-08,0.000000000000000000e+00,4.495014601928914999e-03,-6.089215408159233101e-08,6.568563683916295304e-01
2.005000000000014992e+01,-1.043790445740688577e+00,-7.686936293653002572e+00,1.086184423730807063e-07,-1.655058323534707392e-07,0.000000000000000000e+00,4.494846397278706718e-03,-2.094650913191835502e-07,6.568562765776370105e-01
2.010000000000015064e+01,-1.043790443602454765e+00,-7.686936291193040560e+00,8.343509939584529108e-08,-2.331380377917168334e-07,0.000000000000000000e+00,4.494859053185251696e-03,-8.238240587749885906e-08,6.568563515655261309e-01
2.015000000000015135e+01,-1.043790442098360804e+00,-7.686936287887175645e+00,7.800011363632918368e-08,-2.082503732714375893e-07,0.000000000000000000e+00,4.494631330879350628e-03,-2.932396357256200355e-07,6.568563970567153909e-01
2.020000000000015206e+01,-1.043790429917979212e+00,-7.686936283502245892e+00,1.866118004192606818e-07,2.678464485145698012e-07,0.000000000000000000e+00,4.494511058110717272e-03,-2.892779585172092342e-07,6.568563912350620093e-01
2.025000000000015277e+01,-1.043790421338314012e+00,-7.686936281074238764e+00,1.897037853461182327e-07,2.266450985190858647e-07,0.000000000000000000e+00,4.494470073839629265e-03,-1.726801693535176041e-07,6.568558740053428435e-01
2.030000000000015348e+01,-1.043790420658983198e+00,-7.686936278763532471e+00,1.064677620485163609e-07,-1.516280143751340682e-07,0.000000000000000000e+00,4.494529672102842710e-03,-2.123384644642575086e-08,6.568557357870512536e-01
2.035000000000015419e+01,-1.043790417449704133e+00,-7.686936275733087243e+00,9.719438355875320109e-08,-1.583959254591593589e-07,0.000000000000000000e+00,4.494515636851659224e-03,-3.340200901446580385e-08,6.568559819640408248e-01
2.040000000000015490e+01,-1.043790398596445845e+00,-7.686936271650095520e+00,2.739897219325852609e-07,5.804646131279907571e-07,0.000000000000000000e+00,4.494436352453945460e-03,-7.628881750025518403e-08,6.568559623868606145e-01
2.045000000000015561e+01,-1.043790399904785726e+00,-7.686936269576007064e+00,1.473075423495863701e-07,-4.235702782959574705e-08,0.000000000000000000e+00,4.494454114929880006e-03,-5.946827324085957362e-09,6.568551350583441417e-01
2.050000000000015632e+01,-1.043790402465094802e+00,-7.686936267267315159e+00,1.010817824098005169e-07,-2.187886620228174060e-07,0.000000000000000000e+00,4.494499739800872362e-03,5.458993060352828481e-08,6.568555448645553296e-01
2.055000000000015703e+01,-1.043790403750425977e+00,-7.686936264613329683e+00,8.526830341452750216e-08,-2.382848455993450943e-07,0.000000000000000000e+00,4.494516198510822846e-03,3.565908541794553712e-08,6.568557256445322068e-01
2.060000000000015774e+01,-1.043790389697656584e+00,-7.686936261657121072e+00,2.092006069194481714e-07,3.051013375401996346e-07,0.000000000000000000e+00,4.494423236357292240e-03,-7.552833983682154018e-08,6.568557936300151168e-01
2.065000000000015845e+01,-1.043790381553635793e+00,-7.686936259826813611e+00,1.842362429234670701e-07,1.442236140482367638e-07,0.000000000000000000e+00,4.494456995455919923e-03,-1.497916600525056994e-08,6.568552011269793711e-01
2.070000000000015916e+01,-1.043790368802242075e+00,-7.686936256066545070e+00,2.356217212566901426e-07,3.209208045714787788e-07,0.000000000000000000e+00,4.494323805237065983e-03,-1.318009808321355274e-07,6.568551558569086790e-01
2.075000000000015987e+01,-1.043790354776486629e+00,-7.686936253242524053e+00,2.760636645908764214e-07,4.185044169939258511e-07,0.000000000000000000e+00,4.494269839140585532e-03,-1.059213901566908758e-07,6.568548063187297226e-01
2.080000000000016058e+01,-1.043790363206968941e+00,-7.686936250755475264e+00,2.164871666324167070e-07,9.649754176130524312e-08,0.000000000000000000e+00,4.494254832472677208e-03,-7.698889440670161365e-08,6.568544713712124450e-01
2.085000000000016129e+01,-1.043790350170373804e+00,-7.686936247171152203e+00,2.491391888215847278e-07,2.078061221657144462e-07,0.000000000000000000e+00,4.494269014399421280e-03,-1.102457530365724978e-09,6.568547813240608324e-01
2.090000000000016200e+01,-1.043790348753732777e+00,-7.686936243425599002e+00,1.515115926514693081e-07,-2.242654869478845474e-07,0.000000000000000000e+00,4.494301387762078548e-03,2.078430807678628119e-08,6.568544852069053697e-01
2.095000000000016271e+01,-1.043790332311655300e+00,-7.686936239584882813e+00,2.735098626545641332e-07,3.085806904540647592e-07,0.000000000000000000e+00,4.494064483951731859e-03,-2.268268813609262068e-07,6.568547646502862492e-01
2.100000000000016342e+01,-1.043790327270684548e+00,-7.686936236801218847e+00,1.785075359239532600e-07,-1.331447545591862964e-07,0.000000000000000000e+00,4.493968854482943698e-03,-2.229823586708213806e-07,6.568541422644526007e-01
2.105000000000016414e+01,-1.043790326605407603e+00,-7.686936235188463584e+00,9.241326813807556977e-08,-4.508928747908549486e-07,0.000000000000000000e+00,4.494065097303767686e-03,8.987594079954785438e-09,6.568543592570577072e-01
2.110000000000016485e+01,-1.043790322798192616e+00,-7.686936233074396441e+00,1.004846970624621308e-07,-3.284285841351382126e-07,0.000000000000000000e+00,4.494160634804345023e-03,1.240868170642551146e-07,6.568546144482481086e-01
2.115000000000016556e+01,-1.043790320006057870e+00,-7.686936227857378512e+00,1.140113946394234522e-07,-2.086360770002660520e-07,0.000000000000000000e+00,4.493950073474195506e-03,-1.725626315682750061e-07,6.568545324800223462e-01
2.120000000000016627e+01,-1.043790317377624399e+00,-7.686936223167768034e+00,1.103397838138007223e-07,-1.815953049027035493e-07,0.000000000000000000e+00,4.493832485664484011e-03,-2.030472745604831501e-07,6.568544489357726057e-01
2.125000000000016698e+01,-1.043790308676684209e+00,-7.686936220750513193e+00,1.530416797181992907e-07,2.553133969542898294e-08,0.000000000000000000e+00,4.493942803773798289e-03,-1.589415733147195461e-09,6.568544208178319632e-01
2.130000000000016769e+01,-1.043790294901004057e+00,-7.686936217974111862e+00,2.419904991190691372e-07,3.762203493598175433e-07,0.000000000000000000e+00,4.493941907691478832e-03,3.201472031570575868e-08,6.568541587818895744e-01
2.135000000000016840e+01,-1.043790292411393761e+00,-7.686936214594901173e+00,1.514954539926427513e-07,-6.100390101784639498e-08,0.000000000000000000e+00,4.493908137463087371e-03,-2.748632633580586133e-08,6.568536781843236083e-01
2.140000000000016911e+01,-1.043790301159504219e+00,-7.686936212395437451e+00,1.691083085867221865e-07,2.164829756203961489e-08,0.000000000000000000e+00,4.494055270035879346e-03,1.486301498947406877e-07,6.568539195649081286e-01
2.145000000000016982e+01,-1.043790303710284695e+00,-7.686936209520652596e+00,1.168460440711119367e-07,-1.917304200128063690e-07,0.000000000000000000e+00,4.493992626732890017e-03,2.755210167794111318e-08,6.568539965389729174e-01
2.150000000000017053e+01,-1.043790295817234037e+00,-7.686936205147276269e+00,1.578781208856402767e-07,1.074397124786593529e-08,0.000000000000000000e+00,4.493834924053530244e-03,-1.680856162158666085e-07,6.568541957684547183e-01
2.155000000000017124e+01,-1.043790287914828863e+00,-7.686936201256438395e+00,1.689197556325542171e-07,5.276171598594788391e-08,0.000000000000000000e+00,4.493696915483624821e-03,-2.362410686427526476e-07,6.568539509938982057e-01
2.160000000000017195e+01,-1.043790283450205303e+00,-7.686936198283244259e+00,1.404424709999632293e-07,-7.169976574160403481e-08,0.000000000000000000e+00,4.493692703366747310e-03,-1.018350045469052450e-07,6.568537984495855797e-01
2.165000000000017266e+01,-1.043790285206482427e+00,-7.686936195805712302e+00,1.033890450902705955e-07,-2.055735162320516668e-07,0.000000000000000000e+00,4.493704516677077265e-03,-2.042296403708408056e-08,6.568538191902689727e-01
2.170000000000017337e+01,-1.043790275740158702e+00,-7.686936193119644933e+00,1.596018574602656990e-07,6.039243649433588828e-08,0.000000000000000000e+00,4.493471703370666148e-03,-2.882837237623029613e-07,6.568539596589774154e-01
2.175000000000017408e+01,-1.043790270181551572e+00,-7.686936191643677141e+00,1.334892078413855882e-07,-5.613664928005024730e-08,0.000000000000000000e+00,4.493344388825093461e-03,-2.930293214284784417e-07,6.568536445286595749e-01
2.180000000000017479e+01,-1.043790254487786395e+00,-7.686936189919681972e+00,2.490590388608331116e-07,4.173700046537433630e-07,0.000000000000000000e+00,4.493346586701640888e-03,-9.762080715693880624e-08,6.568536415765132697e-01
2.185000000000017550e+01,-1.043790257491730378e+00,-7.686936187768848683e+00,1.640457453794131755e-07,-6.157170202680215534e-09,0.000000000000000000e+00,4.493327689554682536e-03,-7.080296319107156166e-08,6.568530502149562134e-01
2.190000000000017621e+01,-1.043790257133915045e+00,-7.686936186253265468e+00,8.478627759483978080e-08,-3.219636073004332301e-07,0.000000000000000000e+00,4.493317095389137705e-03,-4.918439313499215210e-08,6.568533571150598771e-01
2.195000000000017693e+01,-1.043790248919021613e+00,-7.686936184614467038e+00,1.351381743751853805e-07,-5.616329871896703867e-08,0.000000000000000000e+00,4.493393427484448921e-03,6.847537228829646035e-08,6.568535958669907693e-01
2.200000000000017764e+01,-1.043790241014675768e+00,-7.686936182612956081e+00,1.908139550522349860e-07,1.777724837330216148e-07,0.000000000000000000e+00,4.493444572135629755e-03,9.987825755333795298e-08,6.568533175597470741e-01
2.205000000000017835e+01,-1.043790244163538272e+00,-7.686936179913398171e+00,1.333682428167004439e-07,-8.756486195571762635e-08,0.000000000000000000e+00,4.493331087466856388e-03,-6.294305564908334351e-08,6.568530275131548857e-01
2.210000000000017906e+01,-1.043790235768856878e+00,-7.686936176688464073e+00,1.670945460758981979e-07,6.485332347221497742e-08,0.000000000000000000e+00,4.493109068047118626e-03,-2.524374070047274165e-07,6.568532516788863074e-01
2.215000000000017977e+01,-1.043790234433611630e+00,-7.686936174574133140e+00,1.246483216377276040e-07,-1.179022389749079850e-07,0.000000000000000000e+00,4.493211987936618357e-03,-1.875730067133348880e-08,6.568530218816511779e-01
2.220000000000018048e+01,-1.043790244645232956e+00,-7.686936172074874563e+00,1.766346555902972202e-07,1.136235446303491071e-07,0.000000000000000000e+00,4.493119232757081249e-03,-1.045609387478450905e-07,6.568531325873437909e-01
2.225000000000018119e+01,-1.043790242489388564e+00,-7.686936170446533545e+00,1.045849257440202403e-07,-1.973000836808245522e-07,0.000000000000000000e+00,4.493152981641657107e-03,-1.849859827530474954e-08,6.568531256437550869e-01
2.230000000000018190e+01,-1.043790240904911348e+00,-7.686936169369749550e+00,8.839073886764682054e-08,-2.226168144501524316e-07,0.000000000000000000e+00,4.493128271445101518e-03,-2.422927613805094852e-08,6.568533152192571611e-01
2.235000000000018261e+01,-1.043790239779827989e+00,-7.686936168294598026e+00,6.317348530880685646e-08,-2.789624657954804040e-07,0.000000000000000000e+00,4.493119640290643702e-03,-2.256587668145888266e-08,6.568533413301945734e-01
2.240000000000018332e+01,-1.043790234360321367e+00,-7.686936166358245615e+00,9.742811301398785272e-08,-8.615146181566228103e-08,0.000000000000000000e+00,4.493066063183448478e-03,-5.137396663130267159e-08,6.568534021230850728e-01
2.245000000000018403e+01,-1.043790231251992662e+00,-7.686936163683965262e+00,1.014429496532625577e-07,-5.286182289543123524e-08,0.000000000000000000e+00,4.493038218408074158e-03,-6.054179485249316740e-08,6.568532153262324202e-01
2.250000000000018474e+01,-1.043790226968468460e+00,-7.686936160853919731e+00,1.136456158012658020e-07,6.521206275667291682e-09,0.000000000000000000e+00,4.493115747011167116e-03,6.453972913144497210e-08,6.568531563356050373e-01
2.255000000000018545e+01,-1.043790233048286886e+00,-7.686936158141352671e+00,1.256096017161098502e-07,5.307290867990934847e-08,0.000000000000000000e+00,4.493154873294713525e-03,7.203799951076595860e-08,6.568530544985301534e-01
2.260000000000018616e+01,-1.043790239333884928e+00,-7.686936155248313085e+00,1.441111820920282877e-07,1.164646484476001858e-07,0.000000000000000000e+00,4.493114125597941211e-03,7.813748611933869318e-09,6.568531088467299828e-01
2.265000000000018687e+01,-1.043790243353315272e+00,-7.686936151844929732e+00,1.278849168722514438e-07,2.826665787897369689e-08,0.000000000000000000e+00,4.492960681674595946e-03,-1.512533086121314312e-07,6.568531461458330112e-01
2.270000000000018758e+01,-1.043790236539972049e+00,-7.686936148494616816e+00,1.434558428524941858e-07,8.489703022414904382e-08,0.000000000000000000e+00,4.493085598657131641e-03,5.547106545455090559e-08,6.568532564141851271e-01
2.275000000000018829e+01,-1.043790231133337354e+00,-7.686936144912072777e+00,1.383381086891665984e-07,4.744668752600918486e-08,0.000000000000000000e+00,4.493114160428746118e-03,6.974755603666064576e-08,6.568531062555847955e-01
2.280000000000018900e+01,-1.043790225777553315e+00,-7.686936141142768797e+00,1.377691806787444798e-07,3.568163797911890928e-08,0.000000000000000000e+00,4.492900971361457607e-03,-2.132836284621470984e-07,6.568530409186854602e-01
2.285000000000018971e+01,-1.043790218991182961e+00,-7.686936139089171505e+00,1.418931726988461484e-07,4.504127846370157158e-08,0.000000000000000000e+00,4.492799724303608855e-03,-2.041157669297161720e-07,6.568529623342231893e-01
2.290000000000019043e+01,-1.043790217555890631e+00,-7.686936136421055998e+00,9.858288626100536776e-08,-1.372081229803994091e-07,0.000000000000000000e+00,4.492784143534045427e-03,-1.052083814798842040e-07,6.568528478367723356e-01
2.295000000000019114e+01,-1.043790220838230365e+00,-7.686936133259348658e+00,1.003958778495918056e-07,-1.025145320299738869e-07,0.000000000000000000e+00,4.492639049653135430e-03,-2.102728377907948935e-07,6.568529597030696721e-01
2.300000000000019185e+01,-1.043790214508460767e+00,-7.686936132569462288e+00,1.166340691582355711e-07,-1.705886038940496374e-08,0.000000000000000000e+00,4.492904269607578271e-03,1.782081803287086792e-07,6.568530033541516433e-01
2.305000000000019256e+01,-1.043790196362831324e+00,-7.686936128225660525e+00,2.722306534643522856e-07,6.087392489129340779e-07,0.000000000000000000e+00,4.493022141309310769e-03,2.510938292376197674e-07,6.568528583939785559e-01
2.310000000000019327e+01,-1.043790202117987675e+00,-7.686936124410467919e+00,1.943852671812207591e-07,1.756098539978255294e-07,0.000000000000000000e+00,4.492938758160924806e-03,4.197836753953694706e-08,6.568521069720572036e-01
2.315000000000019398e+01,-1.043790192219593349e+00,-7.686936119406792223e+00,2.149384987778259303e-07,2.227008095846799490e-07,0.000000000000000000e+00,4.492644002143997284e-03,-3.086799675319904987e-07,6.568524330631921870e-01
2.320000000000019469e+01,-1.043790184847540825e+00,-7.686936116012032194e+00,1.902473787818819432e-07,7.939616768396940572e-08,0.000000000000000000e+00,4.492494028319526933e-03,-3.149625098041987079e-07,6.568522212833239893e-01
2.325000000000019540e+01,-1.043790170357499658e+00,-7.686936113281882754e+00,2.592477747800642664e-07,3.395185181399009209e-07,0.000000000000000000e+00,4.492545766833444532e-03,-7.283108787449283897e-08,6.568521867511857293e-01
2.330000000000019611e+01,-1.043790181018854124e+00,-7.686936111702546093e+00,2.338277911819162907e-07,1.699348801193302737e-07,0.000000000000000000e+00,4.492384566507467980e-03,-2.345399230594954815e-07,6.568517568793484918e-01
2.335000000000019682e+01,-1.043790177048386392e+00,-7.686936109571202103e+00,1.597205964160274797e-07,-1.604808749680868320e-07,0.000000000000000000e+00,4.492228321484326159e-03,-2.755191154807543418e-07,6.568519950932150131e-01
2.340000000000019753e+01,-1.043790174391173720e+00,-7.686936108862499673e+00,1.118584415636618134e-07,-3.198333193839293781e-07,0.000000000000000000e+00,4.492360000762474215e-03,1.809109259692530952e-09,6.568521637863589113e-01
2.345000000000019824e+01,-1.043790172031707764e+00,-7.686936107847161637e+00,9.314746501578758196e-08,-3.307105616986393905e-07,0.000000000000000000e+00,4.492358841311272499e-03,3.273034370954604937e-08,6.568522713436056870e-01
2.350000000000019895e+01,-1.043790173978090596e+00,-7.686936106218615450e+00,7.329266836801668451e-08,-3.439876359499939799e-07,0.000000000000000000e+00,4.492390712835359068e-03,5.533129680625002741e-08,6.568522935814241626e-01
2.355000000000019966e+01,-1.043790180717962590e+00,-7.686936104547608117e+00,1.137798588257596269e-07,-1.132413469290257489e-07,0.000000000000000000e+00,4.492484188769907405e-03,1.364092711669537850e-07,6.568523839299402756e-01
2.360000000000020037e+01,-1.043790176131763170e+00,-7.686936101666560717e+00,1.302841681049063584e-07,-2.457584042663462338e-08,0.000000000000000000e+00,4.492430260098601025e-03,2.466457785876076394e-08,6.568523603274736278e-01
2.365000000000020108e+01,-1.043790182820579115e+00,-7.686936099620398366e+00,1.360572601765847988e-07,3.431695945405735067e-09,0.000000000000000000e+00,4.492327062678214133e-03,-1.213294824329057963e-07,6.568522407012098441e-01
2.370000000000020179e+01,-1.043790175531208675e+00,-7.686936096455539769e+00,1.498547876060033784e-07,5.793546647399812714e-08,0.000000000000000000e+00,4.492053330048761950e-03,-3.435426412914295893e-07,6.568523232523254540e-01
2.375000000000020250e+01,-1.043790166857142321e+00,-7.686936095514158573e+00,1.671501167550562684e-07,1.155296897754090850e-07,0.000000000000000000e+00,4.491961055281379345e-03,-2.746062307696295723e-07,6.568521714153843227e-01
2.380000000000020322e+01,-1.043790165452731289e+00,-7.686936094749404091e+00,9.408187352242456137e-08,-1.998492211101954256e-07,0.000000000000000000e+00,4.492018942849895780e-03,-6.859078971846686941e-08,6.568519880347752915e-01
2.385000000000020393e+01,-1.043790162364250707e+00,-7.686936093451521401e+00,1.224871553059572837e-07,-4.625824975402706833e-08,0.000000000000000000e+00,4.492036577472546810e-03,2.670514094801153491e-09,6.568521920187989638e-01
2.390000000000020464e+01,-1.043790154681891291e+00,-7.686936092555062494e+00,1.418533234076698108e-07,4.045807260362734980e-08,0.000000000000000000e+00,4.492194492401679895e-03,1.767521961718725039e-07,6.568520582033222643e-01
2.395000000000020535e+01,-1.043790152641706825e+00,-7.686936089554595064e+00,1.125804466418605466e-07,-8.472504898033351463e-08,0.000000000000000000e+00,4.492230263414498381e-03,1.210249819624108228e-07,6.568518833201332230e-01
2.400000000000020606e+01,-1.043790146059414559e+00,-7.686936085418173192e+00,1.420616377324359791e-07,5.014472517803324783e-08,0.000000000000000000e+00,4.492169634737308570e-03,5.907767572501116127e-09,6.568519428778267777e-01
2.405000000000020677e+01,-1.043790147742036378e+00,-7.686936082373887480e+00,9.956320095128267913e-08,-1.298779669821841768e-07,0.000000000000000000e+00,4.492221941987395439e-03,5.251294281795590412e-08,6.568517533413741338e-01
2.410000000000020748e+01,-1.043790134798947999e+00,-7.686936078966735586e+00,2.004413690250945453e-07,2.996102987094944271e-07,0.000000000000000000e+00,4.492206197031833881e-03,2.709948789438578127e-08,6.568519094758866750e-01
2.415000000000020819e+01,-1.043790134014048521e+00,-7.686936075916949385e+00,1.233775179433449638e-07,-6.856716535939843282e-08,0.000000000000000000e+00,4.492124031834521247e-03,-8.457009054136362940e-08,6.568514046248032923e-01
2.420000000000020890e+01,-1.043790112136064652e+00,-7.686936071851727448e+00,3.183749408212575604e-07,7.251359592241206289e-07,0.000000000000000000e+00,4.491962848695685295e-03,-2.080785325346694471e-07,6.568516302079724367e-01
2.425000000000020961e+01,-1.043790116618010577e+00,-7.686936070463393555e+00,1.889578024151152701e-07,6.244021375473473195e-08,0.000000000000000000e+00,4.492136398143387055e-03,1.000819982305554350e-07,6.568507014461519855e-01
2.430000000000021032e+01,-1.043790110326208387e+00,-7.686936067107592585e+00,1.664048649198434459e-07,-4.025957897729823917e-08,0.000000000000000000e+00,4.492076558140212228e-03,-4.767769617072272732e-09,6.568511672801272683e-01
2.435000000000021103e+01,-1.043790114379099965e+00,-7.686936063650675166e+00,1.311733732754157101e-07,-1.731336297595475178e-07,0.000000000000000000e+00,4.491955328004948456e-03,-1.352257817575550823e-07,6.568511423661419490e-01
2.440000000000021174e+01,-1.043790108436129405e+00,-7.686936060477714605e+00,1.344921937122652899e-07,-1.252316220602398959e-07,0.000000000000000000e+00,4.492040359261650906e-03,2.906480461473287066e-08,6.568513116725097634e-01
2.445000000000021245e+01,-1.043790108443684916e+00,-7.686936056402108086e+00,1.031599778736356858e-07,-2.255141610027085651e-07,0.000000000000000000e+00,4.492091917358109754e-03,7.702694601080847934e-08,6.568512123059844221e-01
2.450000000000021316e+01,-1.043790096322208427e+00,-7.686936051484599020e+00,1.983221488018291297e-07,2.002373549106015080e-07,0.000000000000000000e+00,4.491970849383797315e-03,-8.773374763895598717e-08,6.568513089225419543e-01
2.455000000000021387e+01,-1.043790094122907686e+00,-7.686936047971879127e+00,1.296807229696494688e-07,-1.143758194002335196e-07,0.000000000000000000e+00,4.491805320284036895e-03,-2.473771065933876271e-07,6.568508340009080460e-01
2.460000000000021458e+01,-1.043790071300159106e+00,-7.686936043879183167e+00,3.310790931607012772e-07,7.140928252440090041e-07,0.000000000000000000e+00,4.491647881826210664e-03,-2.840876608250552282e-07,6.568510124269886230e-01
2.465000000000021529e+01,-1.043790069615177174e+00,-7.686936041320289625e+00,1.714056098335280434e-07,-6.741967311347666896e-08,0.000000000000000000e+00,4.491539619912998660e-03,-2.625056482485903282e-07,6.568500497787795878e-01
2.470000000000021600e+01,-1.043790059062154940e+00,-7.686936038747008482e+00,2.116858578534003234e-07,1.071852535887055085e-07,0.000000000000000000e+00,4.491442117673827283e-03,-2.171717570077031552e-07,6.568505162983793166e-01
2.475000000000021672e+01,-1.043790058541757659e+00,-7.686936037370183605e+00,1.218134206545581254e-07,-2.737415459243993031e-07,0.000000000000000000e+00,4.491309268152221534e-03,-2.478953946426588894e-07,6.568502339398819556e-01
2.480000000000021743e+01,-1.043790043729475148e+00,-7.686936036993822441e+00,2.265346043392204721e-07,1.998914979991240154e-07,0.000000000000000000e+00,4.491508875148042534e-03,1.037249821691890061e-07,6.568505029410292018e-01
2.485000000000021814e+01,-1.043790032346015639e+00,-7.686936035926270172e+00,2.333206389068990777e-07,1.870573366700132852e-07,0.000000000000000000e+00,4.491653438075005056e-03,2.039086728540458550e-07,6.568499582155457039e-01
2.490000000000021885e+01,-1.043790030656362111e+00,-7.686936033566759363e+00,1.346434778311771852e-07,-2.450627749668713303e-07,0.000000000000000000e+00,4.491805075974575345e-03,3.021102211049865088e-07,6.568497665626666926e-01
2.495000000000021956e+01,-1.043790028954599158e+00,-7.686936030581598800e+00,9.565525446507578799e-08,-3.520031134379004084e-07,0.000000000000000000e+00,4.491715417277220013e-03,4.335162853694898573e-08,6.568500451435199672e-01
2.500000000000022027e+01,-1.043790024560117491e+00,-7.686936026768920627e+00,1.124036890677163686e-07,-2.146087523397589573e-07,0.000000000000000000e+00,4.491686924110283030e-03,-2.429833201011896351e-08,6.568501397008036369e-01
2.505000000000022098e+01,-1.043790014271302802e+00,-7.686936023056183842e+00,1.818811411243123498e-07,1.062228063545728311e-07,0.000000000000000000e+00,4.491715532510376363e-03,3.699414940922868691e-08,6.568500221984000520e-01
2.510000000000022169e+01,-1.043790006187243380e+00,-7.686936019050946811e+00,1.842708646330249173e-07,9.453713911850840221e-08,0.000000000000000000e+00,4.491557024378423080e-03,-1.301785738382863561e-07,6.568496538756273262e-01
2.515000000000022240e+01,-1.043790007061245584e+00,-7.686936015807836142e+00,1.160714011772139102e-07,-1.971681425284334367e-07,0.000000000000000000e+00,4.491401421785390369e-03,-2.468957900603087412e-07,6.568495252543877783e-01
2.520000000000022311e+01,-1.043789990091174902e+00,-7.686936012437280752e+00,2.540492434820605673e-07,3.941768551966320018e-07,0.000000000000000000e+00,4.491527147806095854e-03,1.351908338026357012e-08,6.568497484187680868e-01
2.525000000000022382e+01,-1.043789978617148284e+00,-7.686936008585044888e+00,2.471964207118667915e-07,2.879301930765308794e-07,0.000000000000000000e+00,4.491263998477990071e-03,-2.767953900992543115e-07,6.568490688959537360e-01
2.530000000000022453e+01,-1.043789979384879274e+00,-7.686936005481468825e+00,1.641215820879728266e-07,-1.019552000343464445e-07,0.000000000000000000e+00,4.490985570550165562e-03,-4.240091784712906463e-07,6.568489178922484184e-01
2.535000000000022524e+01,-1.043789983644341612e+00,-7.686936004454670623e+00,1.247226192170883427e-07,-2.391600115110128784e-07,0.000000000000000000e+00,4.491128121412835128e-03,-4.253529507492603456e-08,6.568491852787162744e-01
2.540000000000022595e+01,-1.043789974782426633e+00,-7.686936002485192709e+00,1.593243774608718133e-07,-5.292097623367838424e-08,0.000000000000000000e+00,4.491119735284598846e-03,-3.762189926800049185e-08,6.568493705194570209e-01
2.545000000000022666e+01,-1.043789973461495935e+00,-7.686936000634084110e+00,9.314439370825381153e-08,-3.070567159974109347e-07,0.000000000000000000e+00,4.491022890472429197e-03,-1.238819303368828252e-07,6.568491310173169007e-01
2.550000000000022737e+01,-1.043789968631612108e+00,-7.686935998143314741e+00,1.057611028293892403e-07,-1.951785363133877789e-07,0.000000000000000000e+00,4.491113219272868662e-03,3.935380374178833225e-08,6.568493150377063827e-01
2.555000000000022808e+01,-1.043789958555639608e+00,-7.686935994070090317e+00,1.733093170305958281e-07,1.140500277541123055e-07,0.000000000000000000e+00,4.491175745455322499e-03,9.263093356825408801e-08,6.568492037299850095e-01
2.560000000000022879e+01,-1.043789958872797907e+00,-7.686935989029464622e+00,1.332590526545290852e-07,-6.896103530097483987e-08,0.000000000000000000e+00,4.491211234411984776e-03,9.061521491598863209e-08,6.568488445418976251e-01
2.565000000000022951e+01,-1.043789955697595584e+00,-7.686935985799304483e+00,1.219095369356171571e-07,-1.005668911164269465e-07,0.000000000000000000e+00,4.491255235478774921e-03,1.096650658278036256e-07,6.568489726540863716e-01
2.570000000000023022e+01,-1.043789946708705951e+00,-7.686935982236936304e+00,1.695978968877763976e-07,1.102999269154926759e-07,0.000000000000000000e+00,4.491062026251491091e-03,-1.479173060136746441e-07,6.568489599825599878e-01
2.575000000000023093e+01,-1.043789951308612185e+00,-7.686935979414883491e+00,1.366322501289597959e-07,-4.362264550287041342e-08,0.000000000000000000e+00,4.490889705142109278e-03,-2.551457635035702864e-07,6.568486782690668990e-01
2.580000000000023164e+01,-1.043789950733067240e+00,-7.686935977180645807e+00,1.360619637683008005e-07,-3.717926184493227783e-08,0.000000000000000000e+00,4.490857778426615710e-03,-1.421317671843514736e-07,6.568488488018523475e-01
2.585000000000023235e+01,-1.043789953212899579e+00,-7.686935975729864978e+00,1.218448275811390063e-07,-8.661195422459220226e-08,0.000000000000000000e+00,4.490888570106044142e-03,-2.946149629857040620e-08,6.568488419251601318e-01
2.590000000000023306e+01,-1.043789961375527708e+00,-7.686935973115160081e+00,1.521626772249757661e-07,5.198183519567155140e-08,0.000000000000000000e+00,4.490674854704224117e-03,-2.587193234576402109e-07,6.568489229114247152e-01
2.595000000000023377e+01,-1.043789953705938300e+00,-7.686935971204151841e+00,1.563626735278939485e-07,5.838545336820973379e-08,0.000000000000000000e+00,4.490578864839278594e-03,-2.376605634469689393e-07,6.568489519718697656e-01
2.600000000000023448e+01,-1.043789954917761165e+00,-7.686935971352215624e+00,8.974208579009184671e-08,-2.197739882566368507e-07,0.000000000000000000e+00,4.490678469721842703e-03,-4.101844439817089172e-09,6.568488239920400318e-01
2.605000000000023519e+01,-1.043789944785925128e+00,-7.686935970831024534e+00,1.594653254683593176e-07,1.030737681077564272e-07,0.000000000000000000e+00,4.490716574194308919e-03,4.144200869051045422e-08,6.568490473607933033e-01
2.610000000000023590e+01,-1.043789933331599418e+00,-7.686935969008020564e+00,2.143842369088750924e-07,3.021346602482651279e-07,0.000000000000000000e+00,4.490674488076606963e-03,-9.242940655916313930e-09,6.568486806356744756e-01
2.615000000000023661e+01,-1.043789937821961278e+00,-7.686935968062084790e+00,1.587422642701699045e-07,1.913983764379452747e-08,0.000000000000000000e+00,4.490755335759821776e-03,1.036391686442756463e-07,6.568483396705415700e-01
2.620000000000023732e+01,-1.043789943987486701e+00,-7.686935964904970220e+00,1.471908385395472345e-07,-3.089383280745440431e-08,0.000000000000000000e+00,4.490835077728405622e-03,1.411491389108329113e-07,6.568485784032451757e-01
2.625000000000023803e+01,-1.043789941835629786e+00,-7.686935960600881579e+00,1.242434168950755805e-07,-1.165047528238488452e-07,0.000000000000000000e+00,4.490849121009610201e-03,7.602937648628060865e-08,6.568487064645177620e-01
2.630000000000023874e+01,-1.043789943683445687e+00,-7.686935956932242853e+00,9.919369368501781160e-08,-1.934026950993087435e-07,0.000000000000000000e+00,4.490964829550136983e-03,1.847739506212024108e-07,6.568487448647227778e-01
2.635000000000023945e+01,-1.043789932272695786e+00,-7.686935951722905891e+00,1.902015200735791620e-07,2.093091494747932505e-07,0.000000000000000000e+00,4.490727078613865331e-03,-1.648001497648709147e-07,6.568488497351088196e-01
2.640000000000024016e+01,-1.043789927247415594e+00,-7.686935948015292119e+00,1.529062589001958211e-07,1.826627488630335435e-08,0.000000000000000000e+00,4.490549509717389753e-03,-3.027222225252284683e-07,6.568483982697550516e-01
2.645000000000024087e+01,-1.043789914784320150e+00,-7.686935944575155943e+00,2.324855408880189462e-07,3.329301478603306842e-07,0.000000000000000000e+00,4.490365912895200040e-03,-3.150876624752150107e-07,6.568484377599564938e-01
2.650000000000024158e+01,-1.043789910332491910e+00,-7.686935942059808902e+00,1.544589565599882444e-07,-4.576221902385383423e-08,0.000000000000000000e+00,4.490523895920972564e-03,9.485817652291715779e-09,6.568480057093364355e-01
2.655000000000024230e+01,-1.043789901824494493e+00,-7.686935939315260313e+00,1.728198972017856996e-07,3.683398734810570272e-08,0.000000000000000000e+00,4.490727130254335009e-03,2.506423900992854572e-07,6.568481792537924635e-01
2.660000000000024301e+01,-1.043789900042638719e+00,-7.686935935275863940e+00,1.361897542421921421e-07,-1.170533819598876087e-07,0.000000000000000000e+00,4.490535079723301237e-03,-8.550201076372919263e-08,6.568479950821340951e-01
2.665000000000024372e+01,-1.043789900388533809e+00,-7.686935930901038105e+00,1.084613457411046364e-07,-2.045563395722585637e-07,0.000000000000000000e+00,4.490251099303677051e-03,-3.474570128969202526e-07,6.568480811751377102e-01
2.670000000000024443e+01,-1.043789901335096859e+00,-7.686935929224581798e+00,6.856286163099298729e-08,-3.232390080982512453e-07,0.000000000000000000e+00,4.490324641309939580e-03,-8.480087885685638567e-08,6.568481717670623388e-01
2.675000000000024514e+01,-1.043789894040915378e+00,-7.686935926772614280e+00,1.273288645344292685e-07,-2.352719486485921734e-08,0.000000000000000000e+00,4.490370742879612465e-03,1.503920901043879796e-08,6.568483088528390690e-01
2.680000000000024585e+01,-1.043789887250763826e+00,-7.686935922457964310e+00,1.495086074225103005e-07,6.989721566043549941e-08,0.000000000000000000e+00,4.490244506225593568e-03,-1.309515240755905577e-07,6.568480184408278522e-01
2.685000000000024656e+01,-1.043789874850483468e+00,-7.686935919540085926e+00,2.140827100698425307e-07,3.142141831176736676e-07,0.000000000000000000e+00,4.490203345104859523e-03,-1.132433083344760750e-07,6.568478482749465774e-01
2.690000000000024727e+01,-1.043789871329565910e+00,-7.686935917356903403e+00,1.356628642342424599e-07,-6.230803684825691256e-08,0.000000000000000000e+00,4.490270009940289242e-03,2.273864421747643878e-08,6.568474633825051034e-01
2.695000000000024798e+01,-1.043789872249707873e+00,-7.686935915092182547e+00,1.113253642511696570e-07,-1.471964294108953761e-07,0.000000000000000000e+00,4.490241835489960920e-03,7.483502110633346705e-09,6.568476521018666858e-01
2.700000000000024869e+01,-1.043789868479912730e+00,-7.686935911156743018e+00,1.109476370942932449e-07,-1.192680521562219224e-07,0.000000000000000000e+00,4.490023878766180587e-03,-2.334448095713882618e-07,6.568477408634961767e-01
2.705000000000024940e+01,-1.043789857486791872e+00,-7.686935909319686289e+00,1.789697309439875086e-07,1.766739336737956309e-07,0.000000000000000000e+00,4.490055306397344737e-03,-8.925324648852591242e-08,6.568476854799686349e-01
2.710000000000025011e+01,-1.043789849033160522e+00,-7.686935906683143749e+00,1.802943647591172634e-07,1.466376821995554604e-07,0.000000000000000000e+00,4.490018804284012788e-03,-7.475470431887086844e-08,6.568473110751067434e-01
2.715000000000025082e+01,-1.043789844731954464e+00,-7.686935904446416501e+00,1.330718753817514349e-07,-7.157981174981626179e-08,0.000000000000000000e+00,4.489983354991622377e-03,-6.471931912591645484e-08,6.568471801907642682e-01
2.720000000000025153e+01,-1.043789832811604423e+00,-7.686935902170266566e+00,2.007997153094771158e-07,2.136475103110458550e-07,0.000000000000000000e+00,4.489885475539523441e-03,-1.485377689270485848e-07,6.568472611179407838e-01
2.725000000000025224e+01,-1.043789820587294859e+00,-7.686935900725904602e+00,2.305896899037342979e-07,2.900779066258637393e-07,0.000000000000000000e+00,4.489907176568053160e-03,-4.022114079409364441e-08,6.568468737109431910e-01
2.730000000000025295e+01,-1.043789806772302153e+00,-7.686935898577385906e+00,2.636825756323313897e-07,3.644338682150774847e-07,0.000000000000000000e+00,4.489908224754479704e-03,-4.199172573688445665e-09,6.568465985931779549e-01
2.735000000000025366e+01,-1.043789805724724351e+00,-7.686935896711690752e+00,1.454379358992205637e-07,-1.814314643603745821e-07,0.000000000000000000e+00,4.489938934256976211e-03,3.750413362699478693e-08,6.568462894421993603e-01
2.740000000000025437e+01,-1.043789809398114832e+00,-7.686935894664254754e+00,1.186842621077699242e-07,-2.521598666541007520e-07,0.000000000000000000e+00,4.489826676927322069e-03,-8.832372692567326218e-08,6.568466379220226914e-01
2.745000000000025508e+01,-1.043789812190379251e+00,-7.686935892561335137e+00,1.054006901797227285e-07,-2.548621810354686221e-07,0.000000000000000000e+00,4.489831164027791033e-03,-2.751923249215102159e-08,6.568467754241952283e-01
2.750000000000025580e+01,-1.043789818407089953e+00,-7.686935888873438039e+00,1.290886515424868072e-07,-1.091378993773199305e-07,0.000000000000000000e+00,4.489698311719081403e-03,-1.646491170468964639e-07,6.568468582215630791e-01
2.755000000000025651e+01,-1.043789822387792166e+00,-7.686935886048241073e+00,1.110389995412052585e-07,-1.595089275069811438e-07,0.000000000000000000e+00,4.489763091511278503e-03,-6.291058764036660668e-09,6.568468785133024790e-01
2.760000000000025722e+01,-1.043789830926792339e+00,-7.686935883414610871e+00,1.584146787007388456e-07,6.189557463254676509e-08,0.000000000000000000e+00,4.489957077640660543e-03,2.336656072735459814e-07,6.568469938167638134e-01
2.765000000000025793e+01,-1.043789827359825617e+00,-7.686935877733134248e+00,1.457391352112910111e-07,-1.185714251753209870e-09,0.000000000000000000e+00,4.490003642974471632e-03,1.506239027873130228e-07,6.568469759846746747e-01
2.770000000000025864e+01,-1.043789826803107612e+00,-7.686935874354114517e+00,1.009499979125526561e-07,-1.801051205963534363e-07,0.000000000000000000e+00,4.490017783807864760e-03,8.460528555239410861e-08,6.568469615208478718e-01
2.775000000000025935e+01,-1.043789812911896764e+00,-7.686935870143249083e+00,2.182673532845496691e-07,3.251853250108986117e-07,0.000000000000000000e+00,4.489793273878106561e-03,-1.748891154519303713e-07,6.568470911206205631e-01
2.780000000000026006e+01,-1.043789819971973287e+00,-7.686935867069367490e+00,1.797148662517161775e-07,1.059383118773870829e-07,0.000000000000000000e+00,4.489625025003718406e-03,-2.775120487652178951e-07,6.568465214150033260e-01
2.785000000000026077e+01,-1.043789813873426064e+00,-7.686935864466336810e+00,1.527128062005779942e-07,-2.325759070264153422e-08,0.000000000000000000e+00,4.489539664287889309e-03,-2.312843168563206931e-07,6.568467460578113482e-01
2.790000000000026148e+01,-1.043789804195741633e+00,-7.686935862694623367e+00,1.802003000020351706e-07,9.134390264371391385e-08,0.000000000000000000e+00,4.489575065456996583e-03,-8.525109971040083059e-08,6.568467377459478174e-01
2.795000000000026219e+01,-1.043789790748552493e+00,-7.686935859025124884e+00,2.442976179510802728e-07,3.294643939111478762e-07,0.000000000000000000e+00,4.489449461528849383e-03,-1.635114214591566085e-07,6.568465079192004064e-01
2.800000000000026290e+01,-1.043789785881456211e+00,-7.686935856684975477e+00,1.685699004507198512e-07,-3.933935487251907619e-08,0.000000000000000000e+00,4.489542476704855289e-03,3.450734857763089997e-08,6.568461087916241947e-01
2.805000000000026361e+01,-1.043789776289172577e+00,-7.686935853517904427e+00,1.897310101126333624e-07,5.317295474963757946e-08,0.000000000000000000e+00,4.489468951800468233e-03,-5.996813248442150463e-08,6.568462690265497450e-01
2.810000000000026432e+01,-1.043789762443806168e+00,-7.686935849911360030e+00,2.492764829295447722e-07,2.807202550673523148e-07,0.000000000000000000e+00,4.489298798217689068e-03,-1.978971215902551780e-07,6.568460599660774779e-01
2.815000000000026503e+01,-1.043789761062321464e+00,-7.686935847893418661e+00,1.309084432287687915e-07,-2.488959547492153584e-07,0.000000000000000000e+00,4.489352815356895121e-03,-3.728877129612433339e-08,6.568456688855250913e-01
2.820000000000026574e+01,-1.043789752897965606e+00,-7.686935844882367697e+00,1.601889962271224265e-07,-8.199455180595941949e-08,0.000000000000000000e+00,4.489361501496702545e-03,-6.576927219123346932e-09,6.568460127368168644e-01
2.825000000000026645e+01,-1.043789728120392279e+00,-7.686935840375953788e+00,3.704884400287305468e-07,7.756021337616530238e-07,0.000000000000000000e+00,4.489170054451818714e-03,-2.000861572268765800e-07,6.568458000873755864e-01
2.830000000000026716e+01,-1.043789728352162438e+00,-7.686935838780262209e+00,1.842613879073008625e-07,-1.244265014763856459e-07,0.000000000000000000e+00,4.488955166513264317e-03,-3.355023101034294148e-07,6.568447807014888840e-01
2.835000000000026787e+01,-1.043789730010582506e+00,-7.686935838184832726e+00,1.095869891004479302e-07,-3.982387964085160210e-07,0.000000000000000000e+00,4.489078041681970888e-03,-7.584049583747779866e-09,6.568453577573618585e-01
2.840000000000026859e+01,-1.043789725549391312e+00,-7.686935836242636988e+00,1.026442464972568805e-07,-3.463620075395766241e-07,0.000000000000000000e+00,4.489134298625074848e-03,5.768604749154519980e-08,6.568456126308112042e-01
2.845000000000026930e+01,-1.043789719741927247e+00,-7.686935833650828442e+00,1.196997529709153210e-07,-2.088675801370284901e-07,0.000000000000000000e+00,4.489175933922950890e-03,6.214695521860221285e-08,6.568455670965905879e-01
2.850000000000027001e+01,-1.043789715619866998e+00,-7.686935830995690999e+00,1.093898069164178760e-07,-2.083338483276120110e-07,0.000000000000000000e+00,4.489293577535136137e-03,1.821146364685054272e-07,6.568454274536694726e-01
2.855000000000027072e+01,-1.043789724239786221e+00,-7.686935826888159795e+00,1.583432332688213661e-07,2.914662674752159368e-08,0.000000000000000000e+00,4.489207456418675690e-03,-6.182342188315440489e-09,6.568453973773997756e-01
2.860000000000027143e+01,-1.043789716650910249e+00,-7.686935822857902778e+00,1.728604240027234262e-07,8.138606433362469732e-08,0.000000000000000000e+00,4.489112553239138492e-03,-9.597700596660390792e-08,6.568453758996347647e-01
2.865000000000027214e+01,-1.043789710379897429e+00,-7.686935820242847051e+00,1.594937923287261268e-07,1.164232477091132383e-08,0.000000000000000000e+00,4.489118840654171549e-03,-3.495030180197610028e-08,6.568452173535478389e-01
2.870000000000027285e+01,-1.043789699520687453e+00,-7.686935816768141194e+00,2.072671908799941757e-07,2.004074540217985599e-07,0.000000000000000000e+00,4.488978356032902184e-03,-1.508020951915686803e-07,6.568451644575808990e-01
2.875000000000027356e+01,-1.043789704810260011e+00,-7.686935814013013513e+00,1.620748267556927304e-07,-2.044349327976437618e-08,0.000000000000000000e+00,4.489184045038285831e-03,1.479920223422579756e-07,6.568448544273638445e-01
2.880000000000027427e+01,-1.043789695234044856e+00,-7.686935809922729845e+00,1.986939986737403146e-07,1.301218930483767658e-07,0.000000000000000000e+00,4.489083825623296775e-03,-1.684837148381476609e-08,6.568450729634337515e-01
2.885000000000027498e+01,-1.043789691836470190e+00,-7.686935806201942611e+00,1.547765153787636445e-07,-7.157241874120277957e-08,0.000000000000000000e+00,4.488989118216046847e-03,-1.195264295999670177e-07,6.568448165331569610e-01
2.890000000000027569e+01,-1.043789695019983199e+00,-7.686935803099387954e+00,1.182471808672802684e-07,-2.033752730388936526e-07,0.000000000000000000e+00,4.488942268449314099e-03,-7.620701782055661393e-08,6.568449008353854923e-01
2.895000000000027640e+01,-1.043789703195118213e+00,-7.686935800022719256e+00,1.525385604882344021e-07,-2.553469994730033013e-08,0.000000000000000000e+00,4.488976871685146364e-03,-2.102869881549734707e-08,6.568450610984307714e-01
2.900000000000027711e+01,-1.043789695188785505e+00,-7.686935796138004484e+00,1.771689601203284188e-07,7.809383857053441296e-08,0.000000000000000000e+00,4.488965832722513483e-03,-6.164651949870236049e-09,6.568450781080069634e-01
2.905000000000027782e+01,-1.043789685443987647e+00,-7.686935792148164026e+00,1.989305173725468132e-07,1.495212998652998798e-07,0.000000000000000000e+00,4.488978268774701519e-03,8.920995207674018647e-09,6.568448821513853675e-01
2.910000000000027853e+01,-1.043789681804163871e+00,-7.686935788144367621e+00,1.446927172262220554e-07,-9.733416069305605685e-08,0.000000000000000000e+00,4.488877310937056109e-03,-9.255045822323070117e-08,6.568446689538212091e-01
2.915000000000027924e+01,-1.043789668403833693e+00,-7.686935784263894789e+00,2.255067975715015341e-07,2.453889928266685268e-07,0.000000000000000000e+00,4.488814561765863687e-03,-1.166127414153239315e-07,6.568447814088890224e-01
2.920000000000027995e+01,-1.043789665236686037e+00,-7.686935779838326432e+00,1.566965141066136820e-07,-7.892993959821270089e-08,0.000000000000000000e+00,4.488746210387972724e-03,-1.311549989394114770e-07,6.568443314965688451e-01
2.925000000000028066e+01,-1.043789656073861538e+00,-7.686935775270559823e+00,1.855510406876410710e-07,5.227415464553777015e-08,0.000000000000000000e+00,4.488845374458705351e-03,4.355018404346006471e-08,6.568444959250271387e-01
2.930000000000028137e+01,-1.043789647612931137e+00,-7.686935770164780024e+00,1.933850868447150963e-07,7.315550834472587791e-08,0.000000000000000000e+00,4.488917397450720159e-03,8.993502482454972691e-08,6.568442696107176237e-01
2.935000000000028209e+01,-1.043789629053569756e+00,-7.686935763830918589e+00,3.126992399089406595e-07,5.357810189326762211e-07,0.000000000000000000e+00,4.488893102355007159e-03,3.339281854970837007e-08,6.568441185678995931e-01
2.940000000000028280e+01,-1.043789619319154705e+00,-7.686935759045924854e+00,2.569692049135574609e-07,2.057046751646113907e-07,0.000000000000000000e+00,4.488612543362080487e-03,-2.901623170170597594e-07,6.568434726898872977e-01
2.945000000000028351e+01,-1.043789614561340118e+00,-7.686935756008476339e+00,1.890803148789852242e-07,-1.069918200065959696e-07,0.000000000000000000e+00,4.488495694763727784e-03,-2.463705685240228597e-07,6.568434983221693724e-01
2.950000000000028422e+01,-1.043789620055358247e+00,-7.686935753797281556e+00,1.570013739382841977e-07,-2.139092197680790609e-07,0.000000000000000000e+00,4.488578446764535101e-03,-3.383475214753946637e-08,6.568436360527319939e-01
2.955000000000028493e+01,-1.043789616457157177e+00,-7.686935749610550594e+00,1.316914613754210851e-07,-2.723670260659142590e-07,0.000000000000000000e+00,4.488475307407924220e-03,-1.219118108677446091e-07,6.568438172661420493e-01
2.960000000000028564e+01,-1.043789617144291304e+00,-7.686935746774729239e+00,9.375916044396915357e-08,-3.696228245785369734e-07,0.000000000000000000e+00,4.488621189688402069e-03,1.060863002742265370e-07,6.568438412476566013e-01
2.965000000000028635e+01,-1.043789619653223921e+00,-7.686935743019745360e+00,9.187369310154703862e-08,-3.032401290325179644e-07,0.000000000000000000e+00,4.488593529506701429e-03,2.918327630971276573e-08,6.568439683861554412e-01
2.970000000000028706e+01,-1.043789618728659052e+00,-7.686935738541653684e+00,9.165849850155346605e-08,-2.434528816259886830e-07,0.000000000000000000e+00,4.488495473092157795e-03,-1.017670945667399884e-07,6.568440118273840556e-01
2.975000000000028777e+01,-1.043789614486813289e+00,-7.686935733556843786e+00,1.176151766396289771e-07,-9.093559274849038167e-08,0.000000000000000000e+00,4.488270119256121404e-03,-2.928716807046529632e-07,6.568439986217102788e-01
2.980000000000028848e+01,-1.043789618691067567e+00,-7.686935730164283775e+00,1.131015977275638699e-07,-9.080278984705249331e-08,0.000000000000000000e+00,4.488205303612602393e-03,-2.207780165673500517e-07,6.568438550474553494e-01
2.985000000000028919e+01,-1.043789608204354291e+00,-7.686935726811954694e+00,1.778718613515094268e-07,1.864388226181365693e-07,0.000000000000000000e+00,4.488227945810940867e-03,-7.866920216669331073e-08,6.568439320130924353e-01
2.990000000000028990e+01,-1.043789606543440662e+00,-7.686935723910098162e+00,1.152323220832959090e-07,-1.014070989783412529e-07,0.000000000000000000e+00,4.487967173815832211e-03,-3.065539982483656766e-07,6.568435752199813793e-01
2.995000000000029061e+01,-1.043789607082100890e+00,-7.686935723796660014e+00,9.049911822106090833e-08,-1.800584946316116391e-07,0.000000000000000000e+00,4.487917480218150956e-03,-2.101326216326616614e-07,6.568437432360578754e-01
3.000000000000029132e+01,-1.043789604612448407e+00,-7.686935724090861122e+00,6.641734771942557411e-08,-2.403738777118292929e-07,0.000000000000000000e+00,4.488085495167659644e-03,8.209062150585729285e-08,6.568438274942292043e-01
