t,x,y,v,a,vref,th,w,u
0.000000000000000000e+00,-3.000000000000000000e+00,-8.000000000000000000e+00,0.000000000000000000e+00,0.000000000000000000e+00,0.000000000000000000e+00,1.570796326794791753e+00,0.000000000000000000e+00,0.000000000000000000e+00
5.000000000000000278e-02,-3.000675726201442295e+00,-7.999490173994905362e+00,1.007354029321563399e-01,0.000000000000000000e+00,0.000000000000000000e+00,6.247497539114720055e+00,-3.614502352138675156e-02,0.000000000000000000e+00
1.000000000000000056e-01,-3.000438973951856880e+00,-7.999560536273714995e+00,4.722209153847984481e-02,-2.140532455747059526e-01,0.000000000000000000e+00,3.116380537957930130e-03,-1.245833265478568652e-02,1.000000000000000000e+00
1.500000000000000222e-01,-2.995127994421116657e+00,-7.999550757135082790e+00,9.156993141930419577e-02,6.148763063532625139e-03,0.000000000000000000e+00,2.010953086139188883e-03,-6.747790845977109583e-03,1.000000000000000000e+00
2.000000000000000111e-01,-2.988230698655538475e+00,-7.999545041845372850e+00,1.202617530496546128e-01,1.196862969722277265e-01,0.000000000000000000e+00,1.110959258868504662e-03,-3.626401905236085327e-03,1.000000000000000000e+00
2.500000000000000000e-01,-2.978385948675678296e+00,-7.999529151581438846e+00,1.684430275976449010e-01,2.884741357697434005e-01,0.000000000000000000e+00,1.204717653888831563e-02,2.628261817816025629e-03,1.000000000000000000e+00
2.999999999999999889e-01,-2.966735177364268949e+00,-7.999553547603623471e+00,2.082183545169369876e-01,3.898806162929631114e-01,0.000000000000000000e+00,1.018946005763510243e-02,8.187417710260995202e-04,1.000000000000000000e+00
3.499999999999999778e-01,-2.952299199254624362e+00,-7.999385556452809354e+00,2.567341307101055903e-01,5.059675978070450331e-01,0.000000000000000000e+00,6.280091727053020101e+00,-5.182898911465286945e-03,1.000000000000000000e+00
3.999999999999999667e-01,-2.936168070457716883e+00,-7.999676237522630906e+00,2.963184406256681447e-01,5.631113179078863773e-01,0.000000000000000000e+00,4.368227333737806362e-02,1.818597754367678315e-02,1.000000000000000000e+00
4.499999999999999556e-01,-2.917396679080713984e+00,-7.999435089067423732e+00,3.438312943799868848e-01,6.405404693435841068e-01,0.000000000000000000e+00,9.118811638218815574e-03,-6.460269705682135377e-03,1.000000000000000000e+00
4.999999999999999445e-01,-2.896082561277018019e+00,-7.999619596425462831e+00,3.933621180661381889e-01,7.105556702194726348e-01,0.000000000000000000e+00,4.797638222919253792e-02,1.187788401053511793e-02,1.000000000000000000e+00
5.499999999999999334e-01,-2.873546099490701611e+00,-7.999488918904591017e+00,4.280882472965956698e-01,7.073490530974080315e-01,0.000000000000000000e+00,1.641825467655344539e-02,-4.957235736363825758e-03,1.000000000000000000e+00
5.999999999999999778e-01,-2.847456276289330290e+00,-7.999275520797425543e+00,4.846590747406739341e-01,7.921625522542394826e-01,0.000000000000000000e+00,6.264299653301822701e+00,-1.836397551006125825e-02,1.000000000000000000e+00
6.500000000000000222e-01,-2.819899878054932696e+00,-7.999774738800022433e+00,5.246201188621365530e-01,7.935742182892420171e-01,0.000000000000000000e+00,6.407133686350618973e-02,2.599478173061948311e-02,1.000000000000000000e+00
7.000000000000000666e-01,-2.790312772364110128e+00,-7.999777536091512431e+00,5.649860107116044805e-01,7.963229420292652350e-01,0.000000000000000000e+00,3.900505234889983797e-02,4.143682097909832246e-03,1.000000000000000000e+00
7.500000000000001110e-01,-2.757736306217495326e+00,-7.998932790353471489e+00,6.171579357754182205e-01,8.457460538786669701e-01,0.000000000000000000e+00,6.194614691869732681e+00,-5.329525880944062377e-02,1.000000000000000000e+00
8.000000000000001554e-01,-2.723367732726061252e+00,-7.999739272862397499e+00,6.594006264848040200e-01,8.455676059404767519e-01,0.000000000000000000e+00,8.058808179280951833e-02,4.393098725258865606e-02,1.000000000000000000e+00
8.500000000000001998e-01,-2.687188838109766387e+00,-7.999668295737434320e+00,6.980304414352307418e-01,8.309733445540882224e-01,0.000000000000000000e+00,3.523809610421491101e-02,5.155989351186142378e-03,1.000000000000000000e+00
9.000000000000002442e-01,-2.647936743399174286e+00,-7.998870663368099265e+00,7.504038161825814512e-01,8.742721746326733712e-01,0.000000000000000000e+00,6.197466183755707014e+00,-5.070374416570745668e-02,1.000000000000000000e+00
9.500000000000002887e-01,-2.606750457516263886e+00,-7.999697973065643453e+00,7.945096901440692472e-01,8.758412355520898140e-01,0.000000000000000000e+00,9.119904699215908295e-02,4.843254002694569876e-02,1.000000000000000000e+00
1.000000000000000222e+00,-2.564034722677635436e+00,-7.999597409728840702e+00,8.305768727158492348e-01,8.449417187287917574e-01,0.000000000000000000e+00,5.196053488667295994e-02,1.265326197671555637e-02,1.000000000000000000e+00
1.050000000000000266e+00,-2.518095503694271819e+00,-7.998454258726181543e+00,8.837317398191359974e-01,8.885728433961808115e-01,0.000000000000000000e+00,6.146353441762330228e+00,-7.765017654999220587e-02,9.431156364207531340e-01
1.100000000000000311e+00,-2.470443292252558543e+00,-7.999419462784912227e+00,9.254398401437815558e-01,8.776906760155268605e-01,0.000000000000000000e+00,6.563446585375576348e-02,4.245000979289620391e-02,6.773413009043198763e-01
1.150000000000000355e+00,-2.422492952679854206e+00,-7.999739243799209198e+00,9.457800554378340552e-01,7.835134019886313972e-01,0.000000000000000000e+00,1.191331110917959180e-01,4.563963279711398535e-02,4.688007992810921953e-01
1.200000000000000400e+00,-2.373365554567830493e+00,-7.999220884947286336e+00,9.678781888059160288e-01,7.152032550632329011e-01,0.000000000000000000e+00,2.866416845927055590e-02,-1.340605307003962104e-02,3.670997228108296984e-01
1.250000000000000444e+00,-2.323515213108300337e+00,-7.998772125533699651e+00,9.853998264646757210e-01,6.422491546856250455e-01,0.000000000000000000e+00,6.242382026213953772e+00,-3.192648202095953180e-02,2.566090559704198304e-01
1.300000000000000488e+00,-2.273732856290396231e+00,-7.998497306450910393e+00,9.915616268174133330e-01,5.384465251594504620e-01,0.000000000000000000e+00,6.212867174913666801e+00,-2.618709285445694826e-02,1.690008676766213969e-01
1.350000000000000533e+00,-2.223818583174610897e+00,-7.998417125919464077e+00,9.955981956686335010e-01,4.469034955324410752e-01,0.000000000000000000e+00,6.223700992875803806e+00,-9.204327113521097031e-03,1.381918659129333371e-01
1.400000000000000577e+00,-2.173818552889038802e+00,-7.998474506586513932e+00,9.982422510037827212e-01,3.680990177665497409e-01,0.000000000000000000e+00,6.251986098129331815e+00,5.411634988244909752e-03,1.180090216568324968e-01
1.450000000000000622e+00,-2.123878865064277033e+00,-7.998594640076042595e+00,9.985748945098487095e-01,2.958097882375037568e-01,0.000000000000000000e+00,6.791832093364646994e-04,1.334434639901797837e-02,1.047887449810863958e-01
1.500000000000000666e+00,-2.073947651479052912e+00,-7.998718199204470913e+00,9.986067252469282840e-01,2.367751535383213202e-01,0.000000000000000000e+00,1.929125099510997643e-02,1.291030834599245919e-02,1.031255274507564546e-01
1.550000000000000711e+00,-2.024012930691918566e+00,-7.998817634406469423e+00,9.986607288777248348e-01,1.896361373538432704e-01,0.000000000000000000e+00,2.145531972868841564e-02,7.137780088286856811e-03,1.029663737653585820e-01
1.600000000000000755e+00,-1.974110764321353129e+00,-7.998900796901172505e+00,9.982911290705698271e-01,1.502305106544545854e-01,0.000000000000000000e+00,1.178415169533231222e-02,3.566843168558873553e-04,1.026963556113758280e-01
1.650000000000000799e+00,-1.924218186173001000e+00,-7.998994513071501444e+00,9.980284911500431067e-01,1.191338568414567894e-01,0.000000000000000000e+00,6.278385379466302041e+00,-5.362192383041879465e-03,1.045443546471508667e-01
1.700000000000000844e+00,-1.874323372442272317e+00,-7.999131751794259060e+00,9.979514476836564008e-01,9.499891160761861353e-02,0.000000000000000000e+00,6.262063779727583324e+00,-8.130153331350389173e-03,1.058575442497844687e-01
1.750000000000000888e+00,-1.824437028121425497e+00,-7.999339620386069605e+00,9.978219127043641556e-01,7.548098936892591593e-02,0.000000000000000000e+00,6.251912040409752791e+00,-7.451863017807465114e-03,1.062427615817179982e-01
1.800000000000000933e+00,-1.774558681282502048e+00,-7.999624507465806111e+00,9.976787045974518930e-01,5.981195906749168373e-02,0.000000000000000000e+00,6.249611568496726832e+00,-4.494395878529509544e-03,1.068904364781792238e-01
1.850000000000000977e+00,-1.724687334716377807e+00,-7.999982555040245913e+00,9.975430644794884838e-01,4.730700678213971277e-02,0.000000000000000000e+00,6.255045435835421053e+00,-4.413560434981097982e-04,1.076064770127405368e-01
1.900000000000001021e+00,-1.674819396504821922e+00,-8.000395353950285227e+00,9.974529867882608869e-01,3.748529466080138817e-02,0.000000000000000000e+00,6.264105664790281303e+00,2.802124979774573994e-03,1.082846776025575830e-01
1.950000000000001066e+00,-1.624954564957406422e+00,-8.000844296651129284e+00,9.973834268031122052e-01,2.970999578804638455e-02,0.000000000000000000e+00,6.274453890853061822e+00,4.860905331775239660e-03,1.087350660586955675e-01
2.000000000000000888e+00,-1.575087455335603348e+00,-8.001305124976608951e+00,9.973842543669584337e-01,2.377130688582202236e-02,0.000000000000000000e+00,3.528186725427318038e-03,6.554539888993638971e-03,1.090828659844389759e-01
2.050000000000000711e+00,-1.525199750174033086e+00,-8.001763332252437522e+00,9.976314225786160339e-01,2.000571835528802342e-02,0.000000000000000000e+00,1.821188418377772678e-02,8.198537498769919996e-03,1.090787281652078333e-01
2.100000000000000533e+00,-1.475305995149474247e+00,-8.002184300412846341e+00,9.977989626451755356e-01,1.667473495046842974e-02,0.000000000000000000e+00,3.687120267521315498e-02,1.032127047581933750e-02,1.078428871069198325e-01
2.150000000000000355e+00,-1.425424968350775146e+00,-8.002542206634370103e+00,9.977073307853019379e-01,1.297326052088035135e-02,0.000000000000000000e+00,5.096200744282164408e-02,9.927208582931820735e-03,1.070051867741223239e-01
2.200000000000000178e+00,-1.375538469106798667e+00,-8.002824868256878332e+00,9.977305488911616393e-01,1.047148084014308707e-02,0.000000000000000000e+00,5.272424777751005820e-02,5.610992252333475705e-03,1.074633460734903123e-01
2.250000000000000000e+00,-1.325634505608873415e+00,-8.003033061405686155e+00,9.979450654166636125e-01,9.235250774122365572e-03,0.000000000000000000e+00,5.867236871866143844e-02,4.686274530466418009e-03,1.073472555441918053e-01
2.299999999999999822e+00,-1.275747223669294383e+00,-8.003177879037711051e+00,9.978279323703846959e-01,6.919668434182224374e-03,0.000000000000000000e+00,5.639338705411489627e-02,1.606027410298927101e-03,1.062746729166819393e-01
2.349999999999999645e+00,-1.225861685605460716e+00,-8.003258451008790075e+00,9.977584869289113367e-01,5.257952981452341905e-03,0.000000000000000000e+00,4.742266971670616726e-02,-2.113298854926191905e-03,1.068603381480765224e-01
2.399999999999999467e+00,-1.175957185888901968e+00,-8.003298022962876956e+00,9.979575848379600433e-01,5.002754021356702746e-03,0.000000000000000000e+00,4.285239104889271289e-02,-2.630955938497549565e-03,1.072075653554433183e-01
2.449999999999999289e+00,-1.126051102493484501e+00,-8.003316217014361911e+00,9.980561025879773895e-01,4.396274217154748538e-03,0.000000000000000000e+00,4.405891905981018652e-02,-9.801051663619934039e-04,1.062120758101997853e-01
2.499999999999999112e+00,-1.076159478754177945e+00,-8.003299193786073573e+00,9.979219612230486591e-01,2.980453914008875625e-03,0.000000000000000000e+00,4.684394026114002685e-02,4.242082597997675567e-04,1.057194870601130543e-01
2.549999999999998934e+00,-1.026278522470517096e+00,-8.003243117173079568e+00,9.977406381465807605e-01,1.659070825335503836e-03,0.000000000000000000e+00,4.955744603321043940e-02,1.143041028147107280e-03,1.063901938847567064e-01
2.599999999999998757e+00,-9.763976201181433501e-01,-8.003145752626981135e+00,9.976682264725545979e-01,1.037609964163751326e-03,0.000000000000000000e+00,5.245364478153824450e-02,1.535141681908414133e-03,1.072968092670961993e-01
2.649999999999998579e+00,-9.265189872186498921e-01,-8.003002544943026209e+00,9.976133527888118024e-01,6.105932363598185310e-04,0.000000000000000000e+00,5.470970180097722846e-02,1.512797329791517199e-03,1.076588676372270126e-01
2.699999999999998401e+00,-8.766434447259022766e-01,-8.002812669315336080e+00,9.975561881436312284e-01,2.598160083655576573e-04,0.000000000000000000e+00,5.603244621921366075e-02,1.205801591659396441e-03,1.079332360559409898e-01
2.749999999999998224e+00,-8.267680937344635828e-01,-8.002576520122923753e+00,9.975333958251175748e-01,1.166835326378314313e-04,0.000000000000000000e+00,5.642419585263702686e-02,7.390006022761654286e-04,1.082190592818438601e-01
2.799999999999998046e+00,-7.768916694699184999e-01,-8.002296188887676465e+00,9.975399030762031050e-01,1.193758304523859909e-04,0.000000000000000000e+00,5.656794017916499939e-02,4.198997030702724645e-04,1.083330208744121281e-01
2.849999999999997868e+00,-7.270151351616889190e-01,-8.001973654191081309e+00,9.975468872089308103e-01,1.234371952727303899e-04,0.000000000000000000e+00,5.683120016037790379e-02,3.045878544064812643e-04,1.083004846189844772e-01
2.899999999999997691e+00,-6.771380914739530965e-01,-8.001609202191485082e+00,9.975592573209941527e-01,1.482302044715540093e-04,0.000000000000000000e+00,5.683137359276191347e-02,1.574201413469164784e-04,1.082655639553459503e-01
2.949999999999997513e+00,-6.272602428122956431e-01,-8.001204416684894127e+00,9.975775969949232103e-01,1.919428592934736832e-04,0.000000000000000000e+00,5.716534493126523842e-02,1.866606211631762391e-04,1.082037133950292385e-01
2.999999999999997335e+00,-5.773825870178339592e-01,-8.000759845378949464e+00,9.975866840798769397e-01,1.899026272496969110e-04,0.000000000000000000e+00,5.836352034613412343e-02,4.849977644063386065e-04,1.081120150253839507e-01
3.049999999999997158e+00,-5.275062083028660975e-01,-8.000273874279603348e+00,9.975796282881516097e-01,1.236989348984374410e-04,0.000000000000000000e+00,5.933577494314157263e-02,5.612890295095793224e-04,1.080665796006153034e-01
3.099999999999996980e+00,-4.776316462338202617e-01,-7.999746905212552051e+00,9.975600026122871666e-01,2.045644446097734923e-05,0.000000000000000000e+00,6.034898620531237157e-02,6.184731615356162896e-04,1.081018585592419534e-01
3.149999999999996803e+00,-4.277590850691299629e-01,-7.999178944465351826e+00,9.975335423546524138e-01,-8.947587497022967172e-05,0.000000000000000000e+00,6.100682616264219149e-02,5.359076991387878418e-04,1.081999869385641688e-01
3.199999999999996625e+00,-3.778882651536022985e-01,-7.998571538546438653e+00,9.975076441680379435e-01,-1.751734464340653184e-04,0.000000000000000000e+00,6.147081128728792976e-02,4.436247465913730273e-04,1.083322882267379328e-01
3.249999999999996447e+00,-3.280197442500191185e-01,-7.997925364147741689e+00,9.974755566146573660e-01,-2.684889706695629515e-04,0.000000000000000000e+00,6.076510828022652078e-02,2.736456124245061679e-05,1.084617791598102843e-01
3.299999999999996270e+00,-2.781525953769492521e-01,-7.997244916738688758e+00,9.974517481301545807e-01,-3.100251145467918250e-04,0.000000000000000000e+00,5.730729130270084681e-02,-1.091091053996455507e-03,1.086222169267131721e-01
3.349999999999996092e+00,-2.282741139645775574e-01,-7.996528562218260916e+00,9.975842084580464064e-01,2.818212199298713227e-04,0.000000000000000000e+00,5.094854217496447291e-02,-2.673376711364896987e-03,1.087412593492270985e-01
3.399999999999995914e+00,-1.783760235703895913e-01,-7.995798740173215791e+00,9.978749901021637392e-01,1.388583552413232220e-03,0.000000000000000000e+00,5.174344923879026226e-02,-1.184042973228507717e-03,1.080789577097679699e-01
3.449999999999995737e+00,-1.285075447049594533e-01,-7.995040153974289687e+00,9.976410054666215999e-01,1.749282997620251823e-04,0.000000000000000000e+00,5.959154184832815560e-02,2.100902106958878364e-03,1.066250494891813061e-01
3.499999999999995559e+00,-7.862918122345372018e-02,-7.994247199898319778e+00,9.976723979202144488e-01,2.655124541810163384e-04,0.000000000000000000e+00,6.984191506741765920e-02,4.465301042154024708e-03,1.077949726668920027e-01
3.549999999999995381e+00,-2.875202035100360431e-02,-7.993397743041621872e+00,9.976817265774790000e-01,2.497245924030181297e-04,0.000000000000000000e+00,7.791252918735658284e-02,4.880533015841771738e-03,1.076380103989277581e-01
3.599999999999995204e+00,2.111112169730065824e-02,-7.992483429840062215e+00,9.975309820844265873e-01,-4.031982982872383452e-04,0.000000000000000000e+00,8.043885116151994197e-02,3.324229053708818368e-03,1.075913671126050020e-01
3.649999999999995026e+00,7.097549058603094818e-02,-7.991506970378688735e+00,9.974995379863711431e-01,-4.483350308515680546e-04,0.000000000000000000e+00,7.859643883487166249e-02,1.048904546900999123e-03,1.083450895778670653e-01
3.699999999999994849e+00,1.208411405273361883e-01,-7.990477183951959717e+00,9.975152025618487794e-01,-2.960097227707089154e-04,0.000000000000000000e+00,7.457613134199725380e-02,-8.359677471207976971e-04,1.085023100681442865e-01
3.749999999999994671e+00,1.707039897675408091e-01,-7.989405704774948269e+00,9.974984030537905610e-01,-3.040058104494409432e-04,0.000000000000000000e+00,7.078939020492747147e-02,-1.680056315811983420e-03,1.084239871907561048e-01
3.799999999999994493e+00,2.205677397374126714e-01,-7.988300282156925114e+00,9.975113790009765280e-01,-1.913008596156847742e-04,0.000000000000000000e+00,6.850890297658729367e-02,-1.600923330844891603e-03,1.085079847310471968e-01
3.849999999999994316e+00,2.704318204881144827e-01,-7.987164808777121650e+00,9.975286384278109209e-01,-8.400298035497615371e-05,0.000000000000000000e+00,6.898206653774785480e-02,-6.436336873138499403e-04,1.084431049951173620e-01
3.899999999999994138e+00,3.202952509830795380e-01,-7.985996893822336240e+00,9.975367303644460115e-01,-3.483463774361813370e-05,0.000000000000000000e+00,7.143816478870590458e-02,5.007686910678454863e-04,1.083568078609453977e-01
3.949999999999993960e+00,3.701580213732788005e-01,-7.984791485057146865e+00,9.975427525336088008e-01,-3.779033543737204081e-06,0.000000000000000000e+00,7.518480782248548877e-02,1.501389693406250496e-03,1.083163481777699444e-01
3.999999999999993783e+00,4.200188399445825560e-01,-7.983542640382054856e+00,9.975345706126418355e-01,-3.575091070285128108e-05,0.000000000000000000e+00,7.836243637948392404e-02,1.810731873197044721e-03,1.082862373319559979e-01
4.049999999999993605e+00,4.698773755873240643e-01,-7.982246971448617501e+00,9.975182444019687900e-01,-9.390557125446331876e-05,0.000000000000000000e+00,8.024194025684661113e-02,1.539306271991320793e-03,1.083271469367908246e-01
4.099999999999993427e+00,5.197330829788046058e-01,-7.980905164465708523e+00,9.974924282654871188e-01,-1.783890029302555823e-04,0.000000000000000000e+00,7.963372816726987935e-02,5.839470646203498948e-04,1.084087779901560522e-01
4.149999999999993250e+00,5.695814309420035304e-01,-7.979523072254576910e+00,9.974070738078473219e-01,-4.841290329033932525e-04,0.000000000000000000e+00,7.389607162107481031e-02,-1.555879083848346481e-03,1.085378586725644079e-01
4.199999999999993072e+00,6.194455545078237924e-01,-7.978092916253928024e+00,9.975783722546718302e-01,2.978905609753208111e-04,0.000000000000000000e+00,7.831858786585144117e-02,7.027768290049784964e-04,1.089646309607633923e-01
4.249999999999992895e+00,6.693235508913550902e-01,-7.976632503650432859e+00,9.978239992318641560e-01,1.220820357549563589e-03,0.000000000000000000e+00,8.410011548585138996e-02,2.138408568203518587e-03,1.081081387266408511e-01
4.299999999999992717e+00,7.191722158403079934e-01,-7.975123954086119404e+00,9.975874490603122702e-01,3.045559983210421266e-05,0.000000000000000000e+00,8.576825554319178480e-02,1.695469150883944891e-03,1.068800038406792219e-01
4.349999999999992539e+00,7.690175827227716532e-01,-7.973567813381246872e+00,9.974708649021549745e-01,-4.419721527635012332e-04,0.000000000000000000e+00,8.339478287321888672e-02,1.290366758143230309e-04,1.080627546984386511e-01
4.399999999999992362e+00,8.188673159919476197e-01,-7.971972853946924786e+00,9.974912582765629310e-01,-2.720042245789746184e-04,0.000000000000000000e+00,7.803775229861464879e-02,-1.714152607574315982e-03,1.086456754892251297e-01
4.449999999999992184e+00,8.687206201459881649e-01,-7.970356192190576117e+00,9.975506263385726102e-01,1.986886837553815031e-05,0.000000000000000000e+00,5.654641076653099674e-02,-8.098857135530580786e-03,1.085437086171853471e-01
4.499999999999992006e+00,9.185921990481427102e-01,-7.968753965014707674e+00,9.977880561150160865e-01,9.656142004743390080e-04,0.000000000000000000e+00,4.003616340072113644e-02,-9.644071595545847600e-03,1.082468683071369508e-01
4.549999999999991829e+00,9.684425388677651014e-01,-7.967181102907775703e+00,9.976169889286647940e-01,8.822261497429880351e-05,0.000000000000000000e+00,4.457846586940572564e-02,-3.290101371949316102e-03,1.070597194249195694e-01
4.599999999999991651e+00,1.018294666545098037e+00,-7.965632030702858302e+00,9.975610771186954606e-01,-1.530691478978954629e-04,0.000000000000000000e+00,5.228210228652407920e-02,9.494477629399472943e-04,1.079150553566760318e-01
4.649999999999991473e+00,1.068146556821883308e+00,-7.964079720868490142e+00,9.975370635405430564e-01,-2.185096309279336820e-04,0.000000000000000000e+00,7.190494209874298548e-02,7.079405141762242989e-03,1.081946144065226989e-01
4.699999999999991296e+00,1.117999034662825020e+00,-7.962493236774567329e+00,9.975474103093646683e-01,-1.334206294558992214e-04,0.000000000000000000e+00,8.215623529745652576e-02,6.996545808798547948e-03,1.083146822972847201e-01
4.749999999999991118e+00,1.167850371486853334e+00,-7.960846727668373646e+00,9.975612081004066045e-01,-5.154533939697424489e-05,0.000000000000000000e+00,9.198062659198225077e-02,6.778295402888647944e-03,1.082629484531766606e-01
4.799999999999990941e+00,1.217699683713260317e+00,-7.959129507353864597e+00,9.975710779592605881e-01,-1.756836101644795617e-06,0.000000000000000000e+00,1.033840413432383087e-01,7.171977250200150047e-03,1.081939594979669794e-01
4.849999999999990763e+00,1.267538876154842731e+00,-7.957331179419743883e+00,9.974879440398267683e-01,-3.339411466165965016e-04,0.000000000000000000e+00,1.080040213560780060e-01,5.160741799246758993e-03,1.081446102036970613e-01
4.899999999999990585e+00,1.317379435733254667e+00,-7.955452679891209300e+00,9.975065477657653057e-01,-1.927380135391272000e-04,0.000000000000000000e+00,1.046535366091276842e-01,1.433134626871454022e-03,1.085602798008661607e-01
4.949999999999990408e+00,1.367211742304147659e+00,-7.953513645668477849e+00,9.974428413569567109e-01,-4.090160460656818700e-04,0.000000000000000000e+00,8.774899363580068723e-02,-4.922518905656919977e-03,1.084672611711734735e-01
4.999999999999990230e+00,1.417043044857043910e+00,-7.951538918077805995e+00,9.974221765842368193e-01,-4.098719277321123981e-04,0.000000000000000000e+00,7.494081180689082800e-02,-6.712698563418291638e-03,1.087857932152164475e-01
5.049999999999990052e+00,1.466900757826344437e+00,-7.949560006327475392e+00,9.977326310222531802e-01,9.139202098797582444e-04,0.000000000000000000e+00,6.974320701470304584e-02,-5.191503896193615936e-03,1.088891170788159057e-01
5.099999999999989875e+00,1.516738737396063907e+00,-7.947579918320123227e+00,9.976206408350873911e-01,2.831754192406485296e-04,0.000000000000000000e+00,7.548014269467806514e-02,-6.642538839771005687e-04,1.073368448887341009e-01
5.149999999999989697e+00,1.566571233665241092e+00,-7.945583244631158948e+00,9.975180608436295948e-01,-1.837796304386678128e-04,0.000000000000000000e+00,8.639765099764318279e-02,3.376069812088682964e-03,1.078967958245630465e-01
5.199999999999989519e+00,1.616411847237516408e+00,-7.943545142165534756e+00,9.975944402155754176e-01,1.584937834323579429e-04,0.000000000000000000e+00,9.915382204568423674e-02,5.955289662123742014e-03,1.084096957818520279e-01
5.249999999999989342e+00,1.666246382271182380e+00,-7.941443372401498557e+00,9.975838139833825835e-01,8.429009797454982693e-05,0.000000000000000000e+00,1.085285731734622061e-01,6.135786407516429300e-03,1.080277989221229140e-01
5.299999999999989164e+00,1.716075145992121520e+00,-7.939266590471854457e+00,9.975489834693501701e-01,-7.188997775001440495e-05,0.000000000000000000e+00,1.103458618731210095e-01,3.701029484095425849e-03,1.080809300830870845e-01
5.349999999999988987e+00,1.765904237863822335e+00,-7.937018065843981063e+00,9.975771728269400285e-01,5.524544815942250634e-05,0.000000000000000000e+00,1.082138639225327381e-01,1.102047523409508539e-03,1.082550826532491517e-01
5.399999999999988809e+00,1.815728440513449282e+00,-7.934709217860193675e+00,9.975629125709635225e-01,-1.284466537848592545e-05,0.000000000000000000e+00,1.030529488762708112e-01,-1.206743472814051938e-03,1.081141358652998596e-01
5.449999999999988631e+00,1.865547179242044606e+00,-7.932355416747806309e+00,9.975169223530000462e-01,-1.942366041566948075e-04,0.000000000000000000e+00,9.537597349650006606e-02,-3.186637211866125315e-03,1.081854371451823893e-01
5.499999999999988454e+00,1.915364325264957035e+00,-7.929970920578395699e+00,9.974969325932037112e-01,-2.353483225106961247e-04,0.000000000000000000e+00,9.272326368566208288e-02,-2.493632516654964004e-03,1.084153882349997711e-01
5.549999999999988276e+00,1.965179851525820087e+00,-7.927560374718448877e+00,9.974845508709382358e-01,-2.378055470704587082e-04,0.000000000000000000e+00,9.415927877642360500e-02,-7.706909170756620284e-04,1.085153370339814460e-01
5.599999999999988098e+00,2.014991948561354107e+00,-7.925119227989095627e+00,9.974563569345344938e-01,-3.030201832713354270e-04,0.000000000000000000e+00,9.737488118309123308e-02,7.127763254063256178e-04,1.085772456453088231e-01
5.649999999999987921e+00,2.064805191415153729e+00,-7.922642164433925771e+00,9.974800649519147688e-01,-1.475840770959677682e-04,0.000000000000000000e+00,1.004552454716343135e-01,1.403304017218209897e-03,1.087182153273275331e-01
5.699999999999987743e+00,2.114619949991765502e+00,-7.920121946708721161e+00,9.975336539846413331e-01,9.628886922948349982e-05,0.000000000000000000e+00,1.051444694314866979e-01,2.272985052691494333e-03,1.085996752404261578e-01
5.749999999999987566e+00,2.164432570416954693e+00,-7.917551718446736331e+00,9.975600886660560551e-01,1.827698210424753790e-04,0.000000000000000000e+00,1.086218222280095347e-01,2.303389235339394978e-03,1.083317300767933367e-01
5.799999999999987388e+00,2.214242127025642493e+00,-7.914927783505909531e+00,9.975675036560529563e-01,1.758758168215850397e-04,0.000000000000000000e+00,1.097901608315119404e-01,1.546519112677657674e-03,1.081995566697197264e-01
5.849999999999987210e+00,2.264047224254193136e+00,-7.912252452195548180e+00,9.975497977325090693e-01,6.987695928171976654e-05,0.000000000000000000e+00,1.081188841532227940e-01,2.229409693318903929e-04,1.081624817197352206e-01
5.899999999999987033e+00,2.313844913446959861e+00,-7.909533744016530754e+00,9.974821131787645623e-01,-2.148366475526531424e-04,0.000000000000000000e+00,1.025231311746281904e-01,-1.723935299742072750e-03,1.082510113374546556e-01
5.949999999999986855e+00,2.363645089822035139e+00,-7.906779677053927813e+00,9.975081271064571986e-01,-6.781360727157683841e-05,0.000000000000000000e+00,9.047069966129672736e-02,-4.882129143794431032e-03,1.085894341061771906e-01
5.999999999999986677e+00,2.413466004499436046e+00,-7.904013614852688718e+00,9.977750302877905764e-01,1.013361839516253556e-03,0.000000000000000000e+00,9.314609713430499482e-02,-1.620448175344639877e-03,1.084593644677140090e-01
6.049999999999986500e+00,2.463274651176537322e+00,-7.901233801085444597e+00,9.977439072531364417e-01,6.861973329964636721e-04,0.000000000000000000e+00,1.015797706240579856e-01,1.982055545603557487e-03,1.071248485610471202e-01
6.099999999999986322e+00,2.513070097085620347e+00,-7.898418981147666607e+00,9.975968512663364596e-01,-3.926608080275959759e-05,0.000000000000000000e+00,1.098376794081978858e-01,3.799044720965698285e-03,1.072804637343177936e-01
6.149999999999986144e+00,2.562865835646797930e+00,-7.895553205871520319e+00,9.975763480489563406e-01,-1.134257341626838044e-04,0.000000000000000000e+00,1.177013507920943169e-01,4.553087226007593649e-03,1.080157436683177041e-01
6.199999999999985967e+00,2.612658643446088114e+00,-7.892624868017167117e+00,9.975766425800708381e-01,-8.956246287215700614e-05,0.000000000000000000e+00,1.210837279527492427e-01,3.412970763511116289e-03,1.081182597552182989e-01
6.249999999999985789e+00,2.662447220867716791e+00,-7.889632497150593338e+00,9.975716902688341881e-01,-9.145921524432597716e-05,0.000000000000000000e+00,1.220211426065702653e-01,2.015705595623738713e-03,1.081167870996458114e-01
6.299999999999985612e+00,2.712232299838501781e+00,-7.886579696751196522e+00,9.975717501673033727e-01,-7.292777831872223140e-05,0.000000000000000000e+00,1.195879628538705219e-01,1.722172066663735842e-04,1.081415486558290617e-01
6.349999999999985434e+00,2.762012649875522641e+00,-7.883477220255957540e+00,9.975519175530883631e-01,-1.376726795150164454e-04,0.000000000000000000e+00,1.147678020189948356e-01,-1.547538193196187992e-03,1.081412491634831385e-01
6.399999999999985256e+00,2.811788460913969168e+00,-7.880338553150217251e+00,9.975167938917582910e-01,-2.506327889323019015e-04,0.000000000000000000e+00,1.088744327120618749e-01,-2.753558413483591684e-03,1.082404122345581865e-01
6.449999999999985079e+00,2.861562639375582862e+00,-7.877171817608942028e+00,9.975044843025797636e-01,-2.497445878599514044e-04,0.000000000000000000e+00,1.094188656102197399e-01,-1.201860387878188894e-03,1.084160305412085468e-01
6.499999999999984901e+00,2.911331904755358302e+00,-7.873975929808809227e+00,9.974630399717092644e-01,-3.655729937699587822e-04,0.000000000000000000e+00,1.103261052067301407e-01,-2.730500870865189820e-04,1.084775784871011839e-01
6.549999999999984723e+00,2.961100053391033882e+00,-7.870746991593816411e+00,9.974586412697734605e-01,-3.100532027591824035e-04,0.000000000000000000e+00,1.142014997782423436e-01,1.192704338957316368e-03,1.086848001414536802e-01
6.599999999999984546e+00,3.010869675992319472e+00,-7.867478467336121994e+00,9.975054676411165833e-01,-6.073707683485431359e-05,0.000000000000000000e+00,1.180361695790432819e-01,1.903556300745372874e-03,1.087067936511326993e-01
6.649999999999984368e+00,3.060632964585840110e+00,-7.864165291039578065e+00,9.974837314865314664e-01,-1.355342798083513821e-04,0.000000000000000000e+00,1.188707374920481286e-01,1.286613531018698233e-03,1.084726617944170857e-01
6.699999999999984190e+00,3.110398295278211211e+00,-7.860808800864006685e+00,9.975342369444601953e-01,9.359440786823548168e-05,0.000000000000000000e+00,1.107525302368159714e-01,-2.060577908775324159e-03,1.085813425673426702e-01
6.749999999999984013e+00,3.160182927940955899e+00,-7.857414686787764779e+00,9.978161302709009917e-01,1.202448832057777771e-03,0.000000000000000000e+00,1.101980118450907042e-01,-1.308242838003202246e-03,1.083288152776990254e-01
6.799999999999983835e+00,3.209957782003469706e+00,-7.853996108060982806e+00,9.978318505447663078e-01,1.024840161107487112e-03,0.000000000000000000e+00,1.165112270901786928e-01,1.387475103477713587e-03,1.069193486454950437e-01
6.849999999999983658e+00,3.259713049963596454e+00,-7.850539898855851462e+00,9.976347227546463747e-01,3.136096840625451736e-05,0.000000000000000000e+00,1.246629364313234234e-01,3.446308657996521776e-03,1.068407472761684629e-01
6.899999999999983480e+00,3.309465970350033981e+00,-7.847028905773927754e+00,9.975736823869351122e-01,-2.190726961200473806e-04,0.000000000000000000e+00,1.304103522805029058e-01,3.653655713479679427e-03,1.078263862267681283e-01
6.949999999999983302e+00,3.359213702868859119e+00,-7.843457204183964748e+00,9.975388946310439486e-01,-3.144091804606926992e-04,0.000000000000000000e+00,1.323435909635417573e-01,2.486810513582223079e-03,1.081315880653244410e-01
6.999999999999983125e+00,3.408957412544481258e+00,-7.839828211411353109e+00,9.975264602326862073e-01,-3.012649377995194988e-04,0.000000000000000000e+00,1.306902497813950959e-01,7.012328460968130384e-04,1.083055268447802588e-01
7.049999999999982947e+00,3.458698477637648150e+00,-7.836149150355160131e+00,9.975338533691247012e-01,-2.114394044856402193e-04,0.000000000000000000e+00,1.275404256418077864e-01,-6.980369796112823608e-04,1.083676988365689653e-01
7.099999999999982769e+00,3.508433111343628674e+00,-7.832430813686909410e+00,9.974948116820331334e-01,-3.253182719547837299e-04,0.000000000000000000e+00,1.215503637768531320e-01,-2.317099860449654651e-03,1.083307331543764962e-01
7.149999999999982592e+00,3.558160833120587618e+00,-7.828677817920531190e+00,9.974277594236020672e-01,-5.284636512880927506e-04,0.000000000000000000e+00,1.151046174651799703e-01,-3.225265892366894951e-03,1.085259415898343349e-01
7.199999999999982414e+00,3.607923305615796217e+00,-7.824901047338269855e+00,9.978383314824574857e-01,1.219517314391205818e-03,0.000000000000000000e+00,1.177399728231645071e-01,-8.625456244510472294e-04,1.088612028819896660e-01
7.249999999999982236e+00,3.657667317980492161e+00,-7.821102657706939354e+00,9.978012637378945726e-01,8.273428732613119030e-04,0.000000000000000000e+00,1.227260888256394011e-01,1.170403146731319351e-03,1.068083425877125736e-01
7.299999999999982059e+00,3.707386043920272378e+00,-7.817268771054284748e+00,9.975164641106457619e-01,-4.773242103861972865e-04,0.000000000000000000e+00,1.299329477765827079e-01,3.077568588659308942e-03,1.069936813105271389e-01
7.349999999999981881e+00,3.757113496276716091e+00,-7.813384342353320910e+00,9.975538264823369250e-01,-2.324098815443049917e-04,0.000000000000000000e+00,1.353443017380611124e-01,3.330960492264892041e-03,1.084176794467711924e-01
7.399999999999981704e+00,3.806833836334738486e+00,-7.809444259330106775e+00,9.975360720912128665e-01,-2.569454697316783730e-04,0.000000000000000000e+00,1.384007770223139033e-01,2.686813476270270319e-03,1.082308675883153770e-01
7.449999999999981526e+00,3.856547258128132594e+00,-7.805448832312468888e+00,9.974990518213283641e-01,-3.536374553233526596e-04,0.000000000000000000e+00,1.376855974563593321e-01,1.132525898200396983e-03,1.083196395439356696e-01
7.499999999999981348e+00,3.906259184535251450e+00,-7.801402026634088216e+00,9.975160624427267253e-01,-2.148674786652371817e-04,0.000000000000000000e+00,1.353470765310724744e-01,-2.025109064771977042e-04,1.085047408933581814e-01
7.549999999999981171e+00,3.955967171183714548e+00,-7.797313307667272042e+00,9.975167678960175088e-01,-1.690721697690556217e-04,0.000000000000000000e+00,1.314188665786879540e-01,-1.388457932586567058e-03,1.084196877863663755e-01
7.599999999999980993e+00,4.005668531594761106e+00,-7.793190586963588018e+00,9.974714913026899721e-01,-3.163641091253921759e-04,0.000000000000000000e+00,1.221479966760243840e-01,-3.728794483001092366e-03,1.084161605199124578e-01
7.649999999999980815e+00,4.055399709043404854e+00,-7.789037226903829492e+00,9.978404485067179364e-01,1.222737528811548586e-03,0.000000000000000000e+00,1.265726732545537914e-01,-4.850397599850447741e-04,1.086425434865501416e-01
7.699999999999980638e+00,4.105118541050002179e+00,-7.784859712631202910e+00,9.978646079759124765e-01,1.074827899827399862e-03,0.000000000000000000e+00,1.330616887820283978e-01,1.841911622553534661e-03,1.067977574664103202e-01
7.749999999999980460e+00,4.154809765442723624e+00,-7.780642156242521423e+00,9.975845133602585513e-01,-2.605161427537851628e-04,0.000000000000000000e+00,1.405056049773873994e-01,3.481455061442715986e-03,1.066769601204376194e-01
7.799999999999980282e+00,4.204504131520289789e+00,-7.776368718887002096e+00,9.975670870277919544e-01,-2.781182440694158239e-04,0.000000000000000000e+00,1.451524068009346635e-01,3.292356461280783290e-03,1.080774331987072456e-01
7.849999999999980105e+00,4.254193258563917723e+00,-7.772036226960250538e+00,9.975586252138703980e-01,-2.563418509417585080e-04,0.000000000000000000e+00,1.472327985439552123e-01,2.331059067492338883e-03,1.081645648610402299e-01
7.899999999999979927e+00,4.303873775167678772e+00,-7.767647461271434572e+00,9.975113473216667970e-01,-3.941850495678115738e-04,0.000000000000000000e+00,1.452012020202460008e-01,5.071507828296831786e-04,1.082068739306480121e-01
7.949999999999979750e+00,4.353550851894445017e+00,-7.763210912381387274e+00,9.975020564331766870e-01,-3.525115936146892099e-04,0.000000000000000000e+00,1.407697069804507706e-01,-1.210128758255295993e-03,1.084432633916660171e-01
7.999999999999979572e+00,4.403220354642066958e+00,-7.758744010469261987e+00,9.974403746076370147e-01,-5.287365770504414211e-04,0.000000000000000000e+00,1.246313587189753491e-01,-5.968360758883054298e-03,1.084897178341165669e-01
8.049999999999979394e+00,4.452907676374501023e+00,-7.754262578457601585e+00,9.976442531409672743e-01,3.925248716806879149e-04,0.000000000000000000e+00,1.148213223731691102e-01,-6.305942164493843170e-03,1.087981269618149283e-01
8.099999999999980105e+00,4.502600554741631456e+00,-7.749791774960482549e+00,9.977808210950999124e-01,8.602917138751047616e-04,0.000000000000000000e+00,1.152468614807720115e-01,-3.051788989495429760e-03,1.077787342951636307e-01
8.149999999999980815e+00,4.552277148379178406e+00,-7.745322528879237112e+00,9.976390938506454198e-01,1.213243932821215154e-04,0.000000000000000000e+00,1.283498320523221992e-01,2.880662539636193349e-03,1.070958945245004401e-01
8.199999999999981526e+00,4.601949883175099565e+00,-7.740822847824858854e+00,9.975691216349433788e-01,-1.828293481824629714e-04,0.000000000000000000e+00,1.469822822804580653e-01,7.714066604945417002e-03,1.078045307467729030e-01
8.249999999999982236e+00,4.651621881683873916e+00,-7.736260023177628398e+00,9.976011789782657235e-01,-1.803410525659309782e-05,0.000000000000000000e+00,1.590613615171960760e-01,7.879634327785142722e-03,1.081543918252831082e-01
8.299999999999982947e+00,4.701283820155321536e+00,-7.731616921776002016e+00,9.975826848989186590e-01,-8.840360159353137959e-05,0.000000000000000000e+00,1.661632194434927712e-01,6.312864732736222888e-03,1.079941051086713844e-01
8.349999999999983658e+00,4.750934613621826230e+00,-7.726891492937319583e+00,9.975349240350941393e-01,-2.617663365729012504e-04,0.000000000000000000e+00,1.629051230986249266e-01,2.087414067196721821e-03,1.080865755054067068e-01
8.399999999999984368e+00,4.800576969177045683e+00,-7.722102506140986478e+00,9.974877962488064576e-01,-3.979242144090454434e-04,0.000000000000000000e+00,1.505883177379683246e-01,-3.036300576053218604e-03,1.083253798245293054e-01
8.449999999999985079e+00,4.850213558952940929e+00,-7.717270939029587495e+00,9.974494605277881565e-01,-4.716822556004385074e-04,0.000000000000000000e+00,1.343810413654527025e-01,-6.887327647632744687e-03,1.085610187559677142e-01
8.499999999999985789e+00,4.899887154695607983e+00,-7.712430241012872223e+00,9.978868087156427258e-01,1.372046946937901385e-03,0.000000000000000000e+00,1.243491641016447602e-01,-6.947946824695516721e-03,1.087526973610592196e-01
8.549999999999986500e+00,4.949538066145648507e+00,-7.707599062483900809e+00,9.977795594791177836e-01,6.686406114505582306e-04,0.000000000000000000e+00,1.279145747089556195e-01,-2.292970656683779480e-03,1.065659564217863731e-01
8.599999999999987210e+00,4.999174812895629039e+00,-7.702761176259814491e+00,9.975753109879615943e-01,-2.820814754642987903e-04,0.000000000000000000e+00,1.390936503213460185e-01,2.654885501275589237e-03,1.071022026044110842e-01
8.649999999999987921e+00,5.048820988678534682e+00,-7.697886944970098178e+00,9.976486549437495466e-01,6.771064278036594865e-05,0.000000000000000000e+00,1.542257875383690191e-01,6.374810404722413421e-03,1.081234450601920305e-01
8.699999999999988631e+00,5.098455992974047390e+00,-7.692951729098384206e+00,9.976165352000179176e-01,-7.431046070222125711e-05,0.000000000000000000e+00,1.655414457732149458e-01,6.973277910246176124e-03,1.077567252812522691e-01
8.749999999999989342e+00,5.148079665049356102e+00,-7.687939659497909695e+00,9.975603359815861104e-01,-2.842452422890025818e-04,0.000000000000000000e+00,1.700713902779558140e-01,5.022217004003818805e-03,1.079173239999104139e-01
8.799999999999990052e+00,5.197697525288700326e+00,-7.682850224696110786e+00,9.975624825140276819e-01,-2.188100640649162957e-04,0.000000000000000000e+00,1.691811498201829522e-01,2.196094393143621822e-03,1.081983200920694499e-01
8.849999999999990763e+00,5.247307696573457747e+00,-7.677694626787176624e+00,9.975531029654812754e-01,-2.125662454375587020e-04,0.000000000000000000e+00,1.631383436306617085e-01,-9.338311152127013424e-04,1.081875874298615925e-01
8.899999999999991473e+00,5.296910142344232852e+00,-7.672489955248991578e+00,9.975183086504835206e-01,-3.092302563410640089e-04,0.000000000000000000e+00,1.571709003190466802e-01,-2.448873051480972111e-03,1.082344851725936252e-01
8.949999999999992184e+00,5.346510767318493507e+00,-7.667252055993429849e+00,9.975244048037775757e-01,-2.229995918966311654e-04,0.000000000000000000e+00,1.503818700523309460e-01,-3.488340757643789650e-03,1.084084567475823990e-01
8.999999999999992895e+00,5.396108711697026550e+00,-7.661993777016673945e+00,9.975205992073383765e-01,-1.936220592741015340e-04,0.000000000000000000e+00,1.431571161620865951e-01,-4.147992162707639548e-03,1.083779759811121235e-01
9.049999999999993605e+00,5.445701685347703602e+00,-7.656729943190216936e+00,9.974668358474250152e-01,-3.699510870727235794e-04,0.000000000000000000e+00,1.304609891858117265e-01,-6.306740889860587909e-03,1.083970039633081195e-01
9.099999999999994316e+00,5.495316894602276570e+00,-7.651467830289734096e+00,9.977084682939602045e-01,6.705689164825648276e-04,0.000000000000000000e+00,1.279788720428225446e-01,-4.029860461644825358e-03,1.086658207628749262e-01
9.149999999999995026e+00,5.544930250643444580e+00,-7.646211662517766072e+00,9.977755128752702207e-01,8.046334584261129533e-04,0.000000000000000000e+00,1.390098942117585779e-01,1.647980364574982027e-03,1.074576585301989795e-01
9.199999999999995737e+00,5.594515182561252686e+00,-7.640941114650613208e+00,9.974813754089540963e-01,-5.328430985235910536e-04,0.000000000000000000e+00,1.532875240762212599e-01,5.698148874843217936e-03,1.071224356236488984e-01
9.249999999999996447e+00,5.644100296813611806e+00,-7.635621663142849513e+00,9.974281306481662668e-01,-6.392535219701877755e-04,0.000000000000000000e+00,1.687952920653641442e-01,8.120105226243259228e-03,1.085931229552295207e-01
9.299999999999997158e+00,5.693685411149777664e+00,-7.630231685082295989e+00,9.974977050413609270e-01,-2.331052447975134217e-04,0.000000000000000000e+00,1.750035207486959621e-01,6.138039669506640747e-03,1.088593467591686681e-01
9.349999999999997868e+00,5.743262310255409453e+00,-7.624765875532034443e+00,9.975265783707716327e-01,-7.099087819518937594e-05,0.000000000000000000e+00,1.658206385311506992e-01,2.067887001376989692e-05,1.085114747931953672e-01
9.399999999999998579e+00,5.792855813902677120e+00,-7.619242960477862425e+00,9.978116804370904536e-01,1.083615562719115891e-03,0.000000000000000000e+00,1.619013784247060883e-01,-1.441679380802085358e-03,1.083671081461418384e-01
9.449999999999999289e+00,5.842428320035151224e+00,-7.613689077352644219e+00,9.977165125528384415e-01,4.862209131672499225e-04,0.000000000000000000e+00,1.580374874017813625e-01,-2.038216378769693807e-03,1.069415978145477342e-01
9.500000000000000000e+00,5.891971112764386120e+00,-7.608105596526463898e+00,9.973640644931816013e-01,-1.020815508093540986e-03,0.000000000000000000e+00,1.501497606358688230e-01,-3.512043558413198777e-03,1.074174372358077945e-01
9.550000000000000711e+00,5.941559166625831168e+00,-7.602495895686952387e+00,9.977979455681365017e-01,9.188718933447445657e-04,0.000000000000000000e+00,1.531729254059355227e-01,-8.608816313171334172e-04,1.091796775340919956e-01
9.600000000000001421e+00,5.991130959194444827e+00,-7.596865052397791196e+00,9.978061223876671937e-01,7.678047927985629873e-04,0.000000000000000000e+00,1.602725247201473024e-01,1.868012392803495300e-03,1.070102721593174933e-01
9.650000000000002132e+00,6.040675706035136372e+00,-7.591200760672914605e+00,9.975323195425339629e-01,-4.809675462940573047e-04,0.000000000000000000e+00,1.672226336082083265e-01,3.335006383286701591e-03,1.069693880616640336e-01
9.700000000000002842e+00,6.090224997653480798e+00,-7.585485645931008492e+00,9.975465163095281751e-01,-3.279869690583977083e-04,0.000000000000000000e+00,1.720235270165364483e-01,3.267366172572739366e-03,1.083384022873301877e-01
9.750000000000003553e+00,6.139769065809259629e+00,-7.579715130846314430e+00,9.975664846310978717e-01,-1.825162889679327787e-04,0.000000000000000000e+00,1.756468002089945912e-01,2.829175691075405848e-03,1.082674184523591265e-01
9.800000000000004263e+00,6.189302434409741593e+00,-7.573888162564367477e+00,9.975257003895188213e-01,-3.091499974905458276e-04,0.000000000000000000e+00,1.751778693335923620e-01,1.281887007845866318e-03,1.081675768445106434e-01
9.850000000000004974e+00,6.238832452882008717e+00,-7.568008562358355285e+00,9.975435811212799431e-01,-1.757970709479504201e-04,0.000000000000000000e+00,1.743663043067149587e-01,3.778133507489177126e-04,1.083714980524058957e-01
9.900000000000005684e+00,6.288358402506997180e+00,-7.562082210834479845e+00,9.975686427276002632e-01,-4.039123147708106041e-05,0.000000000000000000e+00,1.716744078366634341e-01,-7.068799053779012236e-04,1.082820943936002867e-01
9.950000000000006395e+00,6.337878185971752565e+00,-7.556116622453934895e+00,9.975613352069239159e-01,-6.154306788705372943e-05,0.000000000000000000e+00,1.686835544882896443e-01,-1.335536861359475948e-03,1.081567863619986858e-01
1.000000000000000711e+01,6.387395216184452273e+00,-7.550118518716911531e+00,9.975724062877736609e-01,-4.950130910663804416e-06,0.000000000000000000e+00,1.660453285798135781e-01,-1.538696012539239382e-03,1.081933239653804224e-01
1.005000000000000782e+01,6.436903146232497264e+00,-7.544088910418691007e+00,9.975140473987489376e-01,-2.373956608274209684e-04,0.000000000000000000e+00,1.612705012235693403e-01,-2.325271520782339844e-03,1.081379685611316976e-01
1.010000000000000853e+01,6.486434243607180683e+00,-7.538037714651460774e+00,9.977980703917689320e-01,9.461754434180250084e-04,0.000000000000000000e+00,1.594336911417233438e-01,-1.864634200685646483e-03,1.084297630062553142e-01
1.015000000000000924e+01,6.535948792380660066e+00,-7.531966815042181906e+00,9.977432154656551422e-01,5.375206502792638031e-04,0.000000000000000000e+00,1.661750985010375103e-01,1.324046034082951902e-03,1.070096480411553419e-01
1.020000000000000995e+01,6.585455080189175803e+00,-7.525861281469365949e+00,9.976736060682934726e-01,1.515789307767366413e-04,0.000000000000000000e+00,1.750282725085599012e-01,3.637282370130589734e-03,1.072839226717242911e-01
1.025000000000001066e+01,6.634954154673299520e+00,-7.519707259395447707e+00,9.976313634479421211e-01,-4.770733678401434133e-05,0.000000000000000000e+00,1.825921993831141066e-01,4.360430864879083490e-03,1.076319696585326391e-01
1.030000000000001137e+01,6.684443424306934389e+00,-7.513493364398918573e+00,9.975867911887066342e-01,-2.164549063691566060e-04,0.000000000000000000e+00,1.870640378560519679e-01,3.702187720679056375e-03,1.078431827602893966e-01
1.035000000000001208e+01,6.733925461348579056e+00,-7.507215431307743714e+00,9.975790836266589245e-01,-2.039941732861633172e-04,0.000000000000000000e+00,1.886602768749598980e-01,2.399476804791939033e-03,1.080660440564668312e-01
1.040000000000001279e+01,6.783401693664407262e+00,-7.500876803996035846e+00,9.975990148870254037e-01,-8.347029716301503251e-05,0.000000000000000000e+00,1.863638149713109371e-01,4.184089045923739848e-04,1.081045818667053793e-01
1.045000000000001350e+01,6.832870637647016743e+00,-7.494486231377868179e+00,9.975997792997424174e-01,-6.371858686235741835e-05,0.000000000000000000e+00,1.824255398039662524e-01,-1.124895233974821610e-03,1.080049255648729833e-01
1.050000000000001421e+01,6.882333420849855443e+00,-7.488054118207450927e+00,9.975908423373089917e-01,-8.672271922358814385e-05,0.000000000000000000e+00,1.786165782899296062e-01,-1.852755496409682441e-03,1.080011035012879150e-01
1.055000000000001492e+01,6.931790763039923142e+00,-7.481588064878441635e+00,9.975751830540586784e-01,-1.320153083801228180e-04,0.000000000000000000e+00,1.765749121137929478e-01,-1.619638266904581403e-03,1.080457883134550434e-01
1.060000000000001563e+01,6.981242893869596955e+00,-7.475091785271631650e+00,9.975540447744735140e-01,-1.901653650447549014e-04,0.000000000000000000e+00,1.770509683957168789e-01,-6.518076529151663927e-04,1.081240847297066099e-01
1.065000000000001634e+01,7.030690356598293889e+00,-7.468564094303856038e+00,9.975392653663873732e-01,-2.112499243803661120e-04,0.000000000000000000e+00,1.791015580974590904e-01,3.686240691443241229e-04,1.082297761276324322e-01
1.070000000000001705e+01,7.080131122186623216e+00,-7.462000531284717297e+00,9.975101808137927240e-01,-2.853381498828883251e-04,0.000000000000000000e+00,1.822238170906249621e-01,1.257367555562601902e-03,1.083036731680631359e-01
1.075000000000001776e+01,7.129568523254002699e+00,-7.455395000399872352e+00,9.975250111804276898e-01,-1.689490533664481401e-04,0.000000000000000000e+00,1.858071477450717879e-01,1.856017616029552193e-03,1.084490959310363822e-01
1.080000000000001847e+01,7.178998180984540234e+00,-7.448749440437810065e+00,9.975026823480903637e-01,-2.244745720424615827e-04,0.000000000000000000e+00,1.830464782406151514e-01,5.680792569606176942e-05,1.083749440978615530e-01
1.085000000000001918e+01,7.228432222679290753e+00,-7.442070343958862466e+00,9.975996234695138076e-01,2.081848280598008879e-04,0.000000000000000000e+00,1.634953523672351139e-01,-6.567672863736309999e-03,1.084865882595481834e-01
1.090000000000001990e+01,7.277874846011751053e+00,-7.435402356339086971e+00,9.977226235536450494e-01,6.585481989728007033e-04,0.000000000000000000e+00,1.367915691364247621e-01,-1.232525531065012045e-02,1.080018826524309639e-01
1.095000000000002061e+01,7.327309759507994791e+00,-7.428783801334114756e+00,9.976011177436152622e-01,4.081531905909862104e-05,0.000000000000000000e+00,1.298991750878268903e-01,-8.488979114072318227e-03,1.073868822317747551e-01
1.100000000000002132e+01,7.376748885900546782e+00,-7.422217226116456956e+00,9.975201806715294772e-01,-2.910960330958562619e-04,0.000000000000000000e+00,1.392276297738455071e-01,-1.092538230220926193e-03,1.079944112819236912e-01
1.105000000000002203e+01,7.426194454933423117e+00,-7.415671249961130584e+00,9.975319949869091429e-01,-1.856195649580228682e-04,0.000000000000000000e+00,1.665916887890190878e-01,8.652454886388518535e-03,1.083990966423526159e-01
1.110000000000002274e+01,7.475630248603666317e+00,-7.409083218421256056e+00,9.974869014584772930e-01,-3.288697656938152896e-04,0.000000000000000000e+00,2.006573618966358552e-01,1.573399944371248194e-02,1.083400250654542873e-01
1.115000000000002345e+01,7.525044348025671681e+00,-7.402400976490328688e+00,9.973612150471982130e-01,-7.658414576713656104e-04,0.000000000000000000e+00,2.233821084682041658e-01,1.558299301521692826e-02,1.085654927076135368e-01
1.120000000000002416e+01,7.574449438089824405e+00,-7.395593319657139730e+00,9.974073739206484879e-01,-4.280376723359955067e-04,0.000000000000000000e+00,2.283688987828735861e-01,9.484260008644719922e-03,1.091939247640089372e-01
1.125000000000002487e+01,7.623843928403364778e+00,-7.388667700536385219e+00,9.974947420450465119e-01,7.042359723294572878e-06,0.000000000000000000e+00,2.207433075003422118e-01,2.139383986523977002e-03,1.089631303967575626e-01
1.130000000000002558e+01,7.673225439277811866e+00,-7.381655394338629605e+00,9.975208054161706084e-01,1.098873722750202454e-04,0.000000000000000000e+00,2.032918010020718924e-01,-4.808361697446021654e-03,1.085262897747674427e-01
1.135000000000002629e+01,7.722601229413969648e+00,-7.374600056734420761e+00,9.975360914030344528e-01,1.490538452753929852e-04,0.000000000000000000e+00,1.839693423864821042e-01,-8.902690385692092409e-03,1.083959729191469601e-01
1.140000000000002700e+01,7.771973461368458125e+00,-7.367539261195533484e+00,9.975092117581702000e-01,1.172449676330487378e-05,0.000000000000000000e+00,1.684208462682814655e-01,-9.664586990559411589e-03,1.083195429848277380e-01
1.145000000000002771e+01,7.821342847178806679e+00,-7.360497474459950062e+00,9.974324426819753953e-01,-2.976967073685708536e-04,0.000000000000000000e+00,1.569295190143069618e-01,-8.677675245126661302e-03,1.084539412091490018e-01
1.150000000000002842e+01,7.870731854083527601e+00,-7.353472653750823262e+00,9.976060831104700544e-01,4.564043480837698592e-04,0.000000000000000000e+00,1.604286301063151399e-01,-3.171707823141363403e-03,1.088377865901230257e-01
1.155000000000002913e+01,7.920125767563990671e+00,-7.346462625128379109e+00,9.977089082474823734e-01,7.764240265162860796e-04,0.000000000000000000e+00,1.714538743934870269e-01,2.088720071905122121e-03,1.079695844476497302e-01
1.160000000000002984e+01,7.969494926387194589e+00,-7.339443583952561134e+00,9.974711621327443378e-01,-3.298452377390997253e-04,0.000000000000000000e+00,1.827676903755417470e-01,4.921496024217575024e-03,1.074554587625881352e-01
1.165000000000003055e+01,8.018872744254133877e+00,-7.332369851968562280e+00,9.975716063789290544e-01,1.379007945475808775e-04,0.000000000000000000e+00,2.020423321007127626e-01,8.910273625018016314e-03,1.086441893362783129e-01
1.170000000000003126e+01,8.068238933512708044e+00,-7.325232631359348545e+00,9.975822371517696352e-01,1.528437270003872453e-04,0.000000000000000000e+00,2.153614937720309541e-01,8.862104099718173811e-03,1.081419681053547299e-01
1.175000000000003197e+01,8.117580581979943588e+00,-7.318010848365696930e+00,9.974410896383545388e-01,-4.423150720600675309e-04,0.000000000000000000e+00,2.200221146967411556e-01,6.062517688298557812e-03,1.080888142411518260e-01
1.180000000000003268e+01,8.166916235102259947e+00,-7.310703255112620980e+00,9.974634433507560960e-01,-2.644372080418267291e-04,0.000000000000000000e+00,2.158533036442253916e-01,1.643042177091443229e-03,1.087945518082273078e-01
1.185000000000003340e+01,8.216236022992704946e+00,-7.303330536832930875e+00,9.973991445564011071e-01,-4.687449438534132293e-04,0.000000000000000000e+00,1.997279312477848734e-01,-4.519229960981710481e-03,1.086827832462195220e-01
1.190000000000003411e+01,8.265562903500377701e+00,-7.295918134496372609e+00,9.975281570726938218e-01,1.410541100881208517e-04,0.000000000000000000e+00,1.911318656403651062e-01,-5.134191712729654564e-03,1.090042772179944663e-01
1.195000000000003482e+01,8.314910965768435247e+00,-7.288488251931323880e+00,9.978624274953580287e-01,1.449924978727304935e-03,0.000000000000000000e+00,1.876062165124059433e-01,-3.887154896397488225e-03,1.083592146365308928e-01
1.200000000000003553e+01,8.364234769895157129e+00,-7.281048874126954118e+00,9.977251336559818107e-01,6.107646254769798569e-04,0.000000000000000000e+00,1.898391752673589394e-01,-1.199069390709626634e-03,1.066878625232098587e-01
1.205000000000003624e+01,8.413547376962792868e+00,-7.273590710419163941e+00,9.975710368938279782e-01,-1.277753482337374213e-04,0.000000000000000000e+00,1.946338674617926756e-01,1.048304765612879420e-03,1.073743317200909486e-01
1.210000000000003695e+01,8.462861330703132623e+00,-7.266102048291857685e+00,9.975801991476533903e-01,-6.557126328534190556e-05,0.000000000000000000e+00,1.998091622054491978e-01,2.260031213906545274e-03,1.081448155308601111e-01
1.215000000000003766e+01,8.512168847339285804e+00,-7.258570609645341953e+00,9.975847884339639204e-01,-3.409986538615327384e-05,0.000000000000000000e+00,2.081025860317442522e-01,3.919264754811687540e-03,1.080990042617330504e-01
1.220000000000003837e+01,8.561465212423646776e+00,-7.250983239423009152e+00,9.975560744605384000e-01,-1.421357860110025891e-04,0.000000000000000000e+00,2.138815395370636807e-01,3.932447314775319898e-03,1.080760578301803998e-01
1.225000000000003908e+01,8.610754483523860969e+00,-7.243332898722239399e+00,9.975758815859883111e-01,-3.448012700915907157e-05,0.000000000000000000e+00,2.165751651170282344e-01,2.886544943256806432e-03,1.082196276973080018e-01
1.230000000000003979e+01,8.660035724999067597e+00,-7.235620502761821449e+00,9.976032736791571320e-01,8.198427106795503532e-05,0.000000000000000000e+00,2.154446241179570620e-01,1.057737595223257835e-03,1.081205920700584466e-01
1.235000000000004050e+01,8.709308478383302798e+00,-7.227854837918714637e+00,9.976127821943561180e-01,1.036214776503074523e-04,0.000000000000000000e+00,2.085363568368041598e-01,-1.812965488305049539e-03,1.079836316042143418e-01
1.240000000000004121e+01,8.758575452754969959e+00,-7.220049381589485726e+00,9.976226171774541518e-01,1.222371145123804829e-04,0.000000000000000000e+00,2.063142496507852641e-01,-1.679620919687909320e-03,1.079360890282194119e-01
1.245000000000004192e+01,8.807835921326651274e+00,-7.212209052157366962e+00,9.976150844635089943e-01,6.765883582927469738e-05,0.000000000000000000e+00,2.069687174708629840e-01,-6.442109771352894435e-04,1.078869141127292430e-01
1.250000000000004263e+01,8.857085930395728113e+00,-7.204333529459953311e+00,9.975546504120560432e-01,-1.876091371483812602e-04,0.000000000000000000e+00,2.084258280802373520e-01,1.749803035978543574e-04,1.079245776824550307e-01
1.255000000000004334e+01,8.906330807112810888e+00,-7.196419954464262858e+00,9.975419413957098413e-01,-2.009233751035115255e-04,0.000000000000000000e+00,2.106662599994324481e-01,8.443456434942785138e-04,1.082267479397197862e-01
1.260000000000004405e+01,8.955571882076426959e+00,-7.188462885231385435e+00,9.975748566984961041e-01,-2.907748893776006369e-05,0.000000000000000000e+00,2.171956353700270625e-01,2.613497406185576275e-03,1.082902930214507953e-01
1.265000000000004476e+01,9.004804235384018085e+00,-7.180457236621295536e+00,9.975779912154711937e-01,-1.072392324984984583e-05,0.000000000000000000e+00,2.161864511260906951e-01,9.741040104766228750e-04,1.081257165075194815e-01
1.270000000000004547e+01,9.054028370828394401e+00,-7.172407329753426097e+00,9.975673989918836249e-01,-5.094803295015463626e-05,0.000000000000000000e+00,2.143033886283927103e-01,-1.211374369994996860e-04,1.081100439226440335e-01
1.275000000000004619e+01,9.103250981928685093e+00,-7.164316218815375059e+00,9.976251071812913818e-01,1.900743312709006136e-04,0.000000000000000000e+00,2.155576754696930664e-01,3.585076183532490178e-04,1.081630050405818777e-01
1.280000000000004690e+01,9.152465885488240360e+00,-7.156186837851239879e+00,9.976315961082213857e-01,1.780151727367357858e-04,0.000000000000000000e+00,2.131299698018072064e-01,-6.306515727764283683e-04,1.078744640935430932e-01
1.285000000000004761e+01,9.201669270143270296e+00,-7.148029473990926697e+00,9.975526896964734824e-01,-1.732135088022199166e-04,0.000000000000000000e+00,2.068608895529084890e-01,-2.370257104045067880e-03,1.078420194588930736e-01
1.290000000000004832e+01,9.250872287384227732e+00,-7.139828728726061335e+00,9.976021024562762296e-01,5.908023216920994716e-05,0.000000000000000000e+00,2.126852013103199823e-01,8.208511707919390141e-04,1.082365515176325899e-01
1.295000000000004903e+01,9.300095728360860292e+00,-7.131601370018628927e+00,9.979164128429769409e-01,1.304505732538195541e-03,0.000000000000000000e+00,2.134683469085079111e-01,4.921253755443439357e-04,1.079894877186188540e-01
1.300000000000004974e+01,9.349275150924968969e+00,-7.123349038927226040e+00,9.975704736749095858e-01,-3.401520862388446569e-04,0.000000000000000000e+00,2.121815076449458104e-01,-1.079152256744480274e-04,1.064179357851152974e-01
1.305000000000005045e+01,9.398445771692079731e+00,-7.115067785279452828e+00,9.973855459953313574e-01,-1.011832387303979088e-03,0.000000000000000000e+00,2.112675886438628581e-01,-2.595425325649566286e-04,1.081476316254520731e-01
1.310000000000005116e+01,9.447631159216211216e+00,-7.106755474341504453e+00,9.975481944075641483e-01,-1.588722609120288591e-04,0.000000000000000000e+00,2.031110128675841509e-01,-2.894542211227285177e-03,1.090722700233432152e-01
1.315000000000005187e+01,9.496829799968415031e+00,-7.098426008707479085e+00,9.978045270277174916e-01,8.982326718837358240e-04,0.000000000000000000e+00,2.009644582387588585e-01,-2.260744728164320802e-03,1.082590279621792606e-01
1.320000000000005258e+01,9.546006421763065575e+00,-7.090086856656116154e+00,9.976658354803558115e-01,1.638199480602761703e-04,0.000000000000000000e+00,2.110921125980587121e-01,2.285962015126402624e-03,1.069773648614125439e-01
1.325000000000005329e+01,9.595175322020647712e+00,-7.081720645288005933e+00,9.975733885636762777e-01,-2.387317082699093036e-04,0.000000000000000000e+00,2.219887041481580781e-01,4.830378325787273650e-03,1.076708225982209444e-01
1.330000000000005400e+01,9.644338617212959264e+00,-7.073301435666758508e+00,9.975771265063730908e-01,-1.760335958286750541e-04,0.000000000000000000e+00,2.305083969576617875e-01,5.275252077805939015e-03,1.081330571816186137e-01
1.335000000000005471e+01,9.693489464063727468e+00,-7.064819912342220398e+00,9.975580811488876654e-01,-2.170083066046408257e-04,0.000000000000000000e+00,2.329717162042719281e-01,3.476413526026886358e-03,1.081143674681345479e-01
1.340000000000005542e+01,9.742626963543361995e+00,-7.056278472697641746e+00,9.975153586423323171e-01,-3.444966715051032751e-04,0.000000000000000000e+00,2.296561841387223524e-01,6.535722802080898546e-04,1.082095942555616752e-01
1.345000000000005613e+01,9.791753157890537906e+00,-7.047690224602265019e+00,9.974611163254616386e-01,-4.925666046867935299e-04,0.000000000000000000e+00,2.165570573813280220e-01,-4.033911800202602364e-03,1.084232067883384165e-01
1.350000000000005684e+01,9.840898714555626370e+00,-7.039071407403080904e+00,9.977315716062122863e-01,6.877678392531406601e-04,0.000000000000000000e+00,2.111121577382659709e-01,-3.942363432296419959e-03,1.086944183726918089e-01
1.355000000000005755e+01,9.890036093210373025e+00,-7.030440005425131922e+00,9.977692009822894947e-01,7.007317757113440187e-04,0.000000000000000000e+00,2.162207534737472514e-01,-3.156302384841069321e-04,1.073421419689385703e-01
1.360000000000005826e+01,9.939147895243973352e+00,-7.021786874358207697e+00,9.975271485268584204e-01,-4.076244011552084294e-04,0.000000000000000000e+00,2.218417986962464283e-01,1.814345262369933915e-03,1.071539950885525283e-01
1.365000000000005898e+01,9.988260371407211125e+00,-7.013094300505235523e+00,9.975205627696792643e-01,-3.524425496407907919e-04,0.000000000000000000e+00,2.283992977339153185e-01,3.162647224700391741e-03,1.083642573657079000e-01
1.370000000000005969e+01,1.003737220312935641e+01,-7.004352071701456239e+00,9.976144413007443923e-01,9.356008454787403776e-05,0.000000000000000000e+00,2.327464113383399535e-01,3.039774027563636564e-03,1.083971861516036805e-01
1.375000000000006040e+01,1.008646908008447163e+01,-6.995559357506605735e+00,9.975818250311105917e-01,-5.561701089690129405e-05,0.000000000000000000e+00,2.320369909808803754e-01,1.327480116389242668e-03,1.079277934962780405e-01
1.380000000000006111e+01,1.013555995784646413e+01,-6.986718399397652490e+00,9.976002696264067993e-01,2.928477246730818334e-05,0.000000000000000000e+00,2.214309663302174158e-01,-2.898344577979839083e-03,1.080908748444470435e-01
1.385000000000006182e+01,1.018466870021752335e+01,-6.977845962112854572e+00,9.978858156051004791e-01,1.165611732748549545e-03,0.000000000000000000e+00,2.129773209394070221e-01,-4.421096878620967875e-03,1.079986518679660057e-01
1.390000000000006253e+01,1.023374110577576701e+01,-6.968972254961270707e+00,9.975735107222643006e-01,-3.167301451458567983e-04,0.000000000000000000e+00,2.113031518544987719e-01,-2.730969181241061413e-03,1.065709219744976066e-01
1.395000000000006324e+01,1.028282058663731036e+01,-6.960083814877464192e+00,9.975635917135846631e-01,-2.930601508352347539e-04,0.000000000000000000e+00,2.208447295126267917e-01,1.855271290551702623e-03,1.081324463886784992e-01
1.400000000000006395e+01,1.033190629847751474e+01,-6.951166089546907401e+00,9.976960516243295052e-01,2.953915223111730362e-04,0.000000000000000000e+00,2.328855047188120864e-01,4.884049198230122971e-03,1.081820414320766865e-01
1.405000000000006466e+01,1.038096328902451226e+01,-6.942198612459991480e+00,9.975168684793549456e-01,-4.804193620492896869e-04,0.000000000000000000e+00,2.439698913895149701e-01,6.221549007331019301e-03,1.075197418783524761e-01
1.410000000000006537e+01,1.043001149788739212e+01,-6.933162910971577553e+00,9.974893316901177753e-01,-4.944826465881113674e-04,0.000000000000000000e+00,2.474863503230979589e-01,4.340411177045514282e-03,1.084156576032252739e-01
1.415000000000006608e+01,1.047905445747985631e+01,-6.924057882878855708e+00,9.975676461362863456e-01,-8.232833259621234615e-05,0.000000000000000000e+00,2.471663418047684857e-01,2.045059115788981381e-03,1.085533415494111253e-01
1.420000000000006679e+01,1.052808356009152213e+01,-6.914892522379107120e+00,9.975680930479708941e-01,-6.407501933877603575e-05,0.000000000000000000e+00,2.426515127012613959e-01,-4.864232375984853078e-04,1.081617693185682738e-01
1.425000000000006750e+01,1.057710018283048825e+01,-6.905683688040456403e+00,9.975172048497773503e-01,-2.548128082451933066e-04,0.000000000000000000e+00,2.325738820780571814e-01,-3.593366041374868557e-03,1.081595347601455315e-01
1.430000000000006821e+01,1.062611149189515025e+01,-6.896452335363278507e+00,9.974841881206640837e-01,-3.359171630492191214e-04,0.000000000000000000e+00,2.148330577657207030e-01,-7.748878648043350595e-03,1.084139757511132507e-01
1.435000000000006892e+01,1.067513956142742693e+01,-6.887208652982782731e+00,9.976959805952190230e-01,5.784361677803699902e-04,0.000000000000000000e+00,2.168429509392257870e-01,-3.233267421239983605e-03,1.085790593966795836e-01
1.440000000000006963e+01,1.072416394710257137e+01,-6.877966510927061350e+00,9.977338445259217314e-01,6.142046570351276154e-04,0.000000000000000000e+00,2.264267080800452803e-01,1.564858644647376847e-03,1.075200970239048870e-01
1.445000000000007034e+01,1.077317264950521647e+01,-6.868701262836448329e+00,9.976154459378852035e-01,1.776937348199711820e-05,0.000000000000000000e+00,2.391386865742575196e-01,5.057118904349292704e-03,1.073307773703913448e-01
1.450000000000007105e+01,1.082216804591562997e+01,-6.859385596223047443e+00,9.975239089523713076e-01,-3.519324432699806214e-04,0.000000000000000000e+00,2.495716543321222503e-01,6.070129329991067954e-03,1.079227703105739844e-01
1.455000000000007176e+01,1.087115175613660334e+01,-6.850005902235740685e+00,9.974935532436396413e-01,-4.029687895426482965e-04,0.000000000000000000e+00,2.532017992916522076e-01,4.293557988864203125e-03,1.083804552381434638e-01
1.460000000000007248e+01,1.092012642190787730e+01,-6.840559307161704794e+00,9.975263441973629686e-01,-1.912112167408113567e-04,0.000000000000000000e+00,2.529080071613574177e-01,2.054001398296814111e-03,1.085322337818017957e-01
1.465000000000007319e+01,1.096909303940841163e+01,-6.831053074580926143e+00,9.975806060193986857e-01,6.407831475021649628e-05,0.000000000000000000e+00,2.495573773121844141e-01,-1.244058159060310639e-04,1.083682790131851592e-01
1.470000000000007390e+01,1.101804949095647679e+01,-6.821498338718510190e+00,9.975937742683775866e-01,1.039356477157760475e-04,0.000000000000000000e+00,2.454948362491586877e-01,-1.446307451269321365e-03,1.080969699030065734e-01
1.475000000000007461e+01,1.106699774490030208e+01,-6.811905399091388702e+00,9.975904917534477168e-01,7.001845845314158545e-05,0.000000000000000000e+00,2.421381196103773448e-01,-1.866161141338093434e-03,1.080311286581120689e-01
1.480000000000007532e+01,1.111593942326334705e+01,-6.802281149177628272e+00,9.975841287284181735e-01,3.056266664434074628e-05,0.000000000000000000e+00,2.406357886536198976e-01,-1.451077585173921308e-03,1.080475412327614182e-01
1.485000000000007603e+01,1.116487491328335757e+01,-6.792627439042901116e+00,9.975770410089902507e-01,-3.900744396218426384e-06,0.000000000000000000e+00,2.430078006654685652e-01,6.595663855900010027e-05,1.080793563579091343e-01
1.490000000000007674e+01,1.121380387537450396e+01,-6.782939198284783977e+00,9.975776977476344953e-01,-4.936409399961880212e-07,0.000000000000000000e+00,2.473856075897407081e-01,1.502934639383439247e-03,1.081147949550487486e-01
1.495000000000007745e+01,1.126272374712999280e+01,-6.773209607254871756e+00,9.975675501586118710e-01,-4.098526884249382090e-05,0.000000000000000000e+00,2.509442361152034451e-01,1.959879897765698029e-03,1.081115112618275254e-01
1.500000000000007816e+01,1.131163586936752807e+01,-6.763432175284616044e+00,9.975845515584180756e-01,3.521738415082250587e-05,0.000000000000000000e+00,2.549523977245318207e-01,2.339181399435795276e-03,1.081622492069406472e-01
1.505000000000007887e+01,1.136053875446898331e+01,-6.753606903739656886e+00,9.975954774742453735e-01,7.187757062984878240e-05,0.000000000000000000e+00,2.516529593565124401e-01,6.867967285348482685e-05,1.080772422079096240e-01
1.510000000000007958e+01,1.140943365912546348e+01,-6.743743064270806720e+00,9.975973077827470226e-01,6.482329051047537561e-05,0.000000000000000000e+00,2.479500574290565140e-01,-1.194599780622408042e-03,1.080226126287731347e-01
1.515000000000008029e+01,1.145832218055747020e+01,-6.733849445609945583e+00,9.975937320200103375e-01,3.755558146164039463e-05,0.000000000000000000e+00,2.443228539108712738e-01,-1.798393119053166107e-03,1.080134610862648892e-01
1.520000000000008100e+01,1.150720448680168140e+01,-6.723935910069347877e+00,9.975666820250945754e-01,-7.815551449373454851e-05,0.000000000000000000e+00,2.307237136212147988e-01,-5.469174029337173573e-03,1.080313398999483143e-01
1.525000000000008171e+01,1.155610173028206233e+01,-6.714013928051973501e+00,9.977517077807818158e-01,6.775786111539632353e-04,0.000000000000000000e+00,2.299235385433533452e-01,-3.062877247676156801e-03,1.081665898745271248e-01
1.530000000000008242e+01,1.160498136242970268e+01,-6.704091126307668347e+00,9.976205158660057526e-01,1.729522981892535425e-05,0.000000000000000000e+00,2.345558030070069577e-01,5.047675093333768397e-05,1.072414610960909231e-01
1.535000000000008313e+01,1.165385956029320802e+01,-6.694154156947933032e+00,9.975850126623924119e-01,-1.281766305982204790e-04,0.000000000000000000e+00,2.451055204550627309e-01,3.587824806951819909e-03,1.078974206699712390e-01
1.540000000000008384e+01,1.170273659599694938e+01,-6.684181915895457848e+00,9.976416776359291472e-01,1.241185896683614956e-04,0.000000000000000000e+00,2.529196234968367207e-01,4.363056422563986111e-03,1.080749366880379425e-01
1.545000000000008455e+01,1.175158348826189680e+01,-6.674162478683436817e+00,9.974234433851622006e-01,-7.736421313330846565e-04,0.000000000000000000e+00,2.628845843889475731e-01,5.633590480305666719e-03,1.077916118203542661e-01
1.550000000000008527e+01,1.180042579219530197e+01,-6.664077705982902167e+00,9.974402380555700276e-01,-5.517350234351607423e-04,0.000000000000000000e+00,2.668775646664176548e-01,4.211192492730811768e-03,1.088827830741889990e-01
1.555000000000008598e+01,1.184926035072992967e+01,-6.653926385413532429e+00,9.975179333546757565e-01,-1.306068223252173223e-04,0.000000000000000000e+00,2.667014585493205914e-01,2.057008123916531043e-03,1.087988097221498640e-01
1.560000000000008669e+01,1.189808371426105005e+01,-6.643718598951035226e+00,9.975558091918087511e-01,4.701789067180233057e-05,0.000000000000000000e+00,2.545596671933729738e-01,-3.040305490484171598e-03,1.084103332266212194e-01
1.565000000000008740e+01,1.194690986302676627e+01,-6.633483762230047986e+00,9.976701674994497004e-01,4.950475431012326928e-04,0.000000000000000000e+00,2.355883234933706660e-01,-7.972657695730880206e-03,1.082209540409562465e-01
1.570000000000008811e+01,1.199573984773195612e+01,-6.623265464473908182e+00,9.977202891951968411e-01,5.965248174695459088e-04,0.000000000000000000e+00,2.084846966539668500e-01,-1.320025239887536762e-02,1.076491625027514998e-01
1.575000000000008882e+01,1.204457592649595199e+01,-6.613111025351410710e+00,9.976554400286389290e-01,2.178231877439921918e-04,0.000000000000000000e+00,1.828410414543668594e-01,-1.528227777304925691e-02,1.073985540240157965e-01
1.580000000000008953e+01,1.209342632848414745e+01,-6.603055783307769211e+00,9.975566578277279550e-01,-2.208702534486966184e-04,0.000000000000000000e+00,1.702099438335515913e-01,-1.189567563008550079e-02,1.077227998568053569e-01
1.585000000000009024e+01,1.214229413631892029e+01,-6.593110127733600834e+00,9.974580722640939978e-01,-5.710384572947804424e-04,0.000000000000000000e+00,1.651139872603826220e-01,-7.662428401452146473e-03,1.082167108613602269e-01
1.590000000000009095e+01,1.219118065784664751e+01,-6.583267742355076280e+00,9.973928657846796719e-01,-7.176566834931241874e-04,0.000000000000000000e+00,1.713211676122750049e-01,-1.735366962094257899e-03,1.087096386795300129e-01
1.595000000000009166e+01,1.224008315850812245e+01,-6.573502749127838385e+00,9.973722126643304042e-01,-6.567378281915689378e-04,0.000000000000000000e+00,1.848242967363624700e-01,3.692608588588035517e-03,1.090356710766016424e-01
1.600000000000009237e+01,1.228899437053679478e+01,-6.563780795335853568e+00,9.973655618410206536e-01,-5.519935557922574579e-04,0.000000000000000000e+00,2.009949378585780266e-01,7.305808714303326998e-03,1.091389366783479808e-01
1.605000000000009308e+01,1.233790718933634700e+01,-6.554071077042456395e+00,9.973532070494033341e-01,-4.910140111030830918e-04,0.000000000000000000e+00,2.119256515447496270e-01,7.344955459945335524e-03,1.091721907948967341e-01
1.610000000000009379e+01,1.238681734241728627e+01,-6.544359298086575905e+00,9.973217069126468770e-01,-5.188117559082933063e-04,0.000000000000000000e+00,2.136890710935546167e-01,4.273880743198365563e-03,1.092339647529833313e-01
1.615000000000009450e+01,1.243572614804446985e+01,-6.534648446188155546e+00,9.972910828895720226e-01,-5.375454970260506917e-04,0.000000000000000000e+00,2.085569972951155648e-01,4.083312595035556384e-04,1.093914654367656170e-01
1.620000000000009521e+01,1.248464112901451450e+01,-6.524942690707169035e+00,9.973396075700409202e-01,-2.359376757452525612e-04,0.000000000000000000e+00,2.104030344716818490e-01,8.294375767084809182e-04,1.095445855521398892e-01
1.625000000000009592e+01,1.253356624615367210e+01,-6.515258970393714932e+00,9.974269301803364574e-01,1.605403005859414771e-04,0.000000000000000000e+00,2.078487255902858877e-01,-4.497310482342882347e-04,1.093019621497954008e-01
1.630000000000009663e+01,1.258249548910596971e+01,-6.505593033150510962e+00,9.974690366990615065e-01,2.968583153689472614e-04,0.000000000000000000e+00,1.943767472823036968e-01,-4.788500788128565236e-03,1.088653490983177152e-01
1.635000000000009734e+01,1.263143835093227274e+01,-6.495969242136456323e+00,9.975484430029873950e-01,5.551118679987074745e-04,0.000000000000000000e+00,1.875270746796218191e-01,-4.708790086986739884e-03,1.086548165046924697e-01
1.640000000000009805e+01,1.268038386945507945e+01,-6.486405629242019799e+00,9.974725619466027204e-01,1.405652688602719840e-04,0.000000000000000000e+00,1.781063766066166565e-01,-5.543587555520044022e-03,1.082577849850630269e-01
1.645000000000009877e+01,1.272934195677804681e+01,-6.476901996397772976e+00,9.974526599532411719e-01,3.284424164202463998e-05,0.000000000000000000e+00,1.833644073416857978e-01,-9.925768180336705382e-04,1.086371902669863998e-01
1.650000000000009948e+01,1.277831129966860324e+01,-6.467451774593274472e+00,9.974555148923336390e-01,3.769514968348768860e-05,0.000000000000000000e+00,1.853930111437627204e-01,1.917986065484929325e-04,1.087367002337941424e-01
1.655000000000010019e+01,1.282728623811043711e+01,-6.458045732838613162e+00,9.974223643935702377e-01,-1.024458753068130189e-04,0.000000000000000000e+00,1.853218087601646857e-01,7.161100936945696805e-05,1.087224255383318072e-01
1.660000000000010090e+01,1.287627081411216423e+01,-6.448679322969836036e+00,9.974331821071416027e-01,-3.868584595999118546e-05,0.000000000000000000e+00,1.865602682903659826e-01,4.558757721910747089e-04,1.088881780321488135e-01
1.665000000000010161e+01,1.292525985184130022e+01,-6.439348788214369179e+00,9.974093992683764620e-01,-1.260800318285541820e-04,0.000000000000000000e+00,1.889808291324541756e-01,1.045540981379951447e-03,1.088340894642919887e-01
1.670000000000010232e+01,1.297425646786431130e+01,-6.430051157628531300e+00,9.974154825486145626e-01,-7.653090451044145480e-05,0.000000000000000000e+00,1.867557171562150842e-01,-2.268416796913020261e-04,1.089530036581176919e-01
1.675000000000010303e+01,1.302325579205900929e+01,-6.420790543460228150e+00,9.973671919085820292e-01,-2.543872837384838961e-04,0.000000000000000000e+00,1.859452283139706452e-01,-3.868432745518716304e-04,1.089225872569271891e-01
1.680000000000010374e+01,1.307226377449483401e+01,-6.411566315473399058e+00,9.973690491624769283e-01,-1.960808114111908210e-04,0.000000000000000000e+00,1.835943541967886006e-01,-9.860140949644507005e-04,1.091640404570898559e-01
1.685000000000010445e+01,1.312128157024401176e+01,-6.402383115709703532e+00,9.973946649298839340e-01,-5.440157950093147700e-05,0.000000000000000000e+00,1.806965222744203459e-01,-1.469557601759862667e-03,1.091547541876153604e-01
1.690000000000010516e+01,1.317030775545710242e+01,-6.393243740873456815e+00,9.974072636932773683e-01,6.873789972991515369e-06,0.000000000000000000e+00,1.795360474456870747e-01,-1.127335403170430343e-03,1.090266753505803321e-01
1.695000000000010587e+01,1.321934163757369518e+01,-6.384147660493630916e+00,9.974081284713623985e-01,8.958144318513804128e-06,0.000000000000000000e+00,1.792013454246337290e-01,-6.790522717693636082e-04,1.089636815336131603e-01
1.700000000000010658e+01,1.326838630872449620e+01,-6.375093869626692111e+00,9.974434345468237151e-01,1.483908173000753896e-04,0.000000000000000000e+00,1.782633378469373753e-01,-6.569947730684688779e-04,1.089593576431880095e-01
1.705000000000010729e+01,1.331743630834454883e+01,-6.366080432428531388e+00,9.974327308810491122e-01,7.589799074164926525e-05,0.000000000000000000e+00,1.797955540210054437e-01,1.871184851825510973e-04,1.087828272658814266e-01
1.710000000000010800e+01,1.336648912310521986e+01,-6.357097197158952717e+00,9.973963272276937797e-01,-8.489622082800838071e-05,0.000000000000000000e+00,1.894607266930670164e-01,3.373065980993789417e-03,1.088363455947544411e-01
1.715000000000010871e+01,1.341556992412292360e+01,-6.348118948265210726e+00,9.977013620799337623e-01,1.152222432297506441e-03,0.000000000000000000e+00,2.064605930927418953e-01,7.409611878873520810e-03,1.090183638615311035e-01
1.720000000000010942e+01,1.346463280789889971e+01,-6.339112055704415383e+00,9.976738122355558458e-01,8.115785683263406066e-04,0.000000000000000000e+00,2.339959762500178897e-01,1.295210400807907114e-02,1.074931896003311904e-01
1.725000000000011013e+01,1.351366471048529228e+01,-6.330032042240506307e+00,9.974563117187449368e-01,-2.207392125825511330e-04,0.000000000000000000e+00,2.643933135949989577e-01,1.689152473970837592e-02,1.076309388222207730e-01
1.730000000000011084e+01,1.356269237079607493e+01,-6.320827756973092626e+00,9.975925560005296511e-01,3.683857570728084601e-04,0.000000000000000000e+00,2.808107515358315709e-01,1.399394040639335805e-02,1.087184414062753179e-01
1.735000000000011156e+01,1.361169660319251840e+01,-6.311492446470412077e+00,9.976629920376977045e-01,5.764527543304566893e-04,0.000000000000000000e+00,2.798414882265998216e-01,6.632565989181614212e-03,1.080372199973517466e-01
1.740000000000011227e+01,1.366067609236352531e+01,-6.302047194816601916e+00,9.976479011092438398e-01,4.007984896489073107e-04,0.000000000000000000e+00,2.655331537569054490e-01,-1.522094633203839500e-03,1.076850398115114793e-01
1.745000000000011298e+01,1.370964595453503421e+01,-6.292531339802872381e+00,9.976894662073081399e-01,4.868991839763238145e-04,0.000000000000000000e+00,2.461773933119557611e-01,-7.346659223141691931e-03,1.077604944537808029e-01
1.750000000000011369e+01,1.375861005733741216e+01,-6.282987982410642047e+00,9.977013036042707839e-01,4.368689350316342919e-04,0.000000000000000000e+00,2.288897508295955063e-01,-9.537847527955750637e-03,1.075526689634593025e-01
1.755000000000011440e+01,1.380757071002208214e+01,-6.273446136779811333e+00,9.976619244563499356e-01,1.919785563419165297e-04,0.000000000000000000e+00,2.212417435379441244e-01,-7.354546368634893444e-03,1.074934819786460827e-01
1.760000000000011511e+01,1.385653245762815899e+01,-6.263910137711043546e+00,9.976456536708834255e-01,8.849970320749391104e-05,0.000000000000000000e+00,2.253442434940335914e-01,-2.302930178438780586e-03,1.076903777182503241e-01
1.765000000000011582e+01,1.390549064332550344e+01,-6.254366822309921581e+00,9.976139814460662780e-01,-5.588913670259303178e-05,0.000000000000000000e+00,2.337276796585774363e-01,1.677359560059757263e-03,1.077717316455828744e-01
1.770000000000011653e+01,1.395444503844861650e+01,-6.244796358876682163e+00,9.976190854782276407e-01,-2.429518071662399123e-05,0.000000000000000000e+00,2.440610596387351450e-01,4.326309150398316601e-03,1.079300927696686119e-01
1.775000000000011724e+01,1.400339407343066078e+01,-6.235177592754093112e+00,9.976694960058706263e-01,1.822059659986403261e-04,0.000000000000000000e+00,2.541108522757440369e-01,5.538080574059764047e-03,1.079045726088617985e-01
1.780000000000011795e+01,1.405233046776418249e+01,-6.225494940410301048e+00,9.976891481404531747e-01,2.243733111291049164e-04,0.000000000000000000e+00,2.616283140755157888e-01,5.307190886250256166e-03,1.076525199706468705e-01
1.785000000000011866e+01,1.410125338246424498e+01,-6.215740831645314657e+00,9.977054016060599162e-01,2.445125113302488735e-04,0.000000000000000000e+00,2.634643575885888822e-01,3.288656843503180542e-03,1.075542592977341283e-01
1.790000000000011937e+01,1.415016429910652107e+01,-6.205919810899902522e+00,9.977282593761636065e-01,2.870410894789588883e-04,0.000000000000000000e+00,2.595970078555254190e-01,3.504502690258601630e-04,1.074729919697004210e-01
1.795000000000012008e+01,1.419906471299936435e+01,-6.196043828814066678e+00,9.977440513994124682e-01,2.928009645786132332e-04,0.000000000000000000e+00,2.553052428753481706e-01,-1.269521362126120774e-03,1.073587031191819696e-01
1.800000000000012079e+01,1.424795125965847831e+01,-6.186136941344084761e+00,9.976608492611700463e-01,-9.856778130679249065e-05,0.000000000000000000e+00,2.372112592910964324e-01,-6.693924755446887739e-03,1.072797430029376609e-01
1.805000000000012150e+01,1.429684237871866515e+01,-6.176222343694592887e+00,9.976996921459178047e-01,7.651731394559753191e-05,0.000000000000000000e+00,2.161481986319566673e-01,-1.047154238205240048e-02,1.076957536941497706e-01
1.810000000000012221e+01,1.434574678180864282e+01,-6.166334835967891337e+00,9.978069731331138392e-01,4.903377999406100408e-04,0.000000000000000000e+00,2.183643329385382970e-01,-4.508615097253336132e-03,1.075015392704109785e-01
1.815000000000012292e+01,1.439464497194384407e+01,-6.156458943017112162e+00,9.977491849969688520e-01,1.611176953725424073e-04,0.000000000000000000e+00,2.351415777989283029e-01,3.387228820325635485e-03,1.069651343344308059e-01
1.820000000000012363e+01,1.444352993217571246e+01,-6.146560328564167008e+00,9.976244912957363820e-01,-3.698806486318391602e-04,0.000000000000000000e+00,2.548662411862352428e-01,8.370425206683990149e-03,1.072540750151557420e-01
1.825000000000012434e+01,1.449240361692247347e+01,-6.136599455418557447e+00,9.975907523721172510e-01,-4.308602133819934761e-04,0.000000000000000000e+00,2.708327947431250493e-01,9.617469222746944171e-03,1.078775435213180922e-01
1.830000000000012506e+01,1.454126344809620264e+01,-6.126553111921747785e+00,9.976200843465500290e-01,-2.273602729744843981e-04,0.000000000000000000e+00,2.773982995459913781e-01,7.053035560850795527e-03,1.080462381394137472e-01
1.835000000000012577e+01,1.459010737958297454e+01,-6.116418989471464229e+00,9.976580337757658956e-01,-3.009050151612312316e-05,0.000000000000000000e+00,2.767496460184997176e-01,3.316069858612174029e-03,1.078995782672498571e-01
1.840000000000012648e+01,1.463893715093578862e+01,-6.106208572382188393e+00,9.976935528400816544e-01,1.180038560501346840e-04,0.000000000000000000e+00,2.692983712265544227e-01,-8.800794378521119635e-04,1.077098311211705239e-01
1.845000000000012719e+01,1.468775660331629673e+01,-6.095943506737270923e+00,9.977211521777820113e-01,2.048004356415339595e-04,0.000000000000000000e+00,2.601869292918763676e-01,-3.549670447121868171e-03,1.075322357995917300e-01
1.850000000000012790e+01,1.473656757635340320e+01,-6.085645006749258457e+00,9.977153141867003416e-01,1.404883841865486502e-04,0.000000000000000000e+00,2.518145688777622127e-01,-4.625550037978170929e-03,1.073942391110899452e-01
1.855000000000012861e+01,1.478537211958650666e+01,-6.075327398447749161e+00,9.976848677000426102e-01,-9.395239281685015807e-06,0.000000000000000000e+00,2.487037878305775607e-01,-3.372558164215405923e-03,1.074234290664982938e-01
1.860000000000012932e+01,1.483417171335957008e+01,-6.064992897722465415e+00,9.976565450667073121e-01,-1.208067247665390697e-04,0.000000000000000000e+00,2.513599674583062438e-01,-7.948994340125249821e-04,1.075756614997869509e-01
1.865000000000013003e+01,1.488296671907365365e+01,-6.054633176857286969e+00,9.976541327957750838e-01,-1.062944635421442805e-04,0.000000000000000000e+00,2.566920109618635593e-01,1.398330192582049629e-03,1.077172746664634417e-01
1.870000000000013074e+01,1.493175388368418943e+01,-6.044238192166904611e+00,9.976491677655330292e-01,-1.048956918019332485e-04,0.000000000000000000e+00,2.621536182675505700e-01,2.549261684374123059e-03,1.077293360211245832e-01
1.875000000000013145e+01,1.498053335209704962e+01,-6.033797459027759658e+00,9.976715149614687750e-01,5.472230301435112784e-06,0.000000000000000000e+00,2.679186928738612750e-01,3.226450327695079036e-03,1.077541611723348558e-01
1.880000000000013216e+01,1.502930369401648747e+01,-6.023303227080180733e+00,9.977080820986492515e-01,1.506463329630521974e-04,0.000000000000000000e+00,2.710163995847754137e-01,2.662352609516310028e-03,1.076424251926561271e-01
1.885000000000013287e+01,1.507806241779976730e+01,-6.012753016579119425e+00,9.977281137478473116e-01,2.006436631626810430e-04,0.000000000000000000e+00,2.718590602485804197e-01,1.624143568279790397e-03,1.074595895067537443e-01
1.890000000000013358e+01,1.512681116296029771e+01,-6.002149141205135763e+00,9.977556385935337779e-01,2.706143132760084548e-04,0.000000000000000000e+00,2.714145500462823435e-01,6.541045180332466947e-04,1.073594312607634438e-01
1.895000000000013429e+01,1.517554833935627734e+01,-5.991496835169508373e+00,9.977548211084459329e-01,2.132215102694265494e-04,0.000000000000000000e+00,2.685313760239775860e-01,-6.493469174855183044e-04,1.072218070323311123e-01
1.900000000000013500e+01,1.522427332198023109e+01,-5.980806707825258250e+00,9.977086483920936111e-01,-1.411365719374327830e-05,0.000000000000000000e+00,2.637542629468470068e-01,-1.920940035974950553e-03,1.072258944577703377e-01
1.905000000000013571e+01,1.527299059669070402e+01,-5.970087081630546244e+00,9.976758005844765798e-01,-1.426821562231180333e-04,0.000000000000000000e+00,2.620198162275926279e-01,-1.529277207084068753e-03,1.074567580395319466e-01
1.910000000000013642e+01,1.532169589664676401e+01,-5.959344911995577476e+00,9.975805532989857616e-01,-4.951348669417616989e-04,0.000000000000000000e+00,2.568630762349215502e-01,-2.457918539554924519e-03,1.076209970776171032e-01
1.915000000000013713e+01,1.537040210550457076e+01,-5.948579340525073533e+00,9.976136456354847137e-01,-2.637385475576025729e-04,0.000000000000000000e+00,2.484197747358862784e-01,-4.067715419118062697e-03,1.080972335050711941e-01
1.920000000000013785e+01,1.541913310336189546e+01,-5.937811542158685008e+00,9.979232779391745689e-01,1.027538376713321277e-03,0.000000000000000000e+00,2.403960189903742162e-01,-4.836879723998703529e-03,1.079317718225764333e-01
1.925000000000013856e+01,1.546782169667488915e+01,-5.927066904687390725e+00,9.974903611970846740e-01,-9.096362669888982374e-04,0.000000000000000000e+00,2.330406570872787242e-01,-4.837270984467199886e-03,1.063836103041271575e-01
1.930000000000013927e+01,1.551654154242972083e+01,-5.916339455146443882e+00,9.976387947190469285e-01,-1.339749257421087589e-04,0.000000000000000000e+00,2.272813476738928529e-01,-4.386751538777279233e-03,1.085481940145766322e-01
1.935000000000013998e+01,1.556527359368756080e+01,-5.905632299162477672e+00,9.977890396519388805e-01,4.937997909741123322e-04,0.000000000000000000e+00,2.330409052272504056e-01,-2.668292456832379710e-04,1.078060264047653594e-01
1.940000000000014069e+01,1.561398628425726542e+01,-5.894941545687537143e+00,9.975798755959049968e-01,-4.416163913562328293e-04,0.000000000000000000e+00,2.433078157133259367e-01,3.362862106030127269e-03,1.070548017403055996e-01
1.945000000000014140e+01,1.566270257285850320e+01,-5.884233795720700044e+00,9.975821372725044434e-01,-3.442464066872002299e-04,0.000000000000000000e+00,2.581654091759242320e-01,6.669432099963179539e-03,1.081006220204750179e-01
1.950000000000014211e+01,1.571139801152972915e+01,-5.873476947668749837e+00,9.974654722176361510e-01,-7.420573448229231045e-04,0.000000000000000000e+00,2.807396950169680494e-01,1.100633198745531657e-02,1.080893136374777852e-01
1.955000000000014282e+01,1.576008764140555840e+01,-5.862643659522313477e+00,9.975493072624246338e-01,-2.583056967044120586e-04,0.000000000000000000e+00,2.981914720407994324e-01,1.135387181907835524e-02,1.086726389118192471e-01
1.960000000000014353e+01,1.580875531004786261e+01,-5.851709919167813467e+00,9.975886589926170611e-01,-4.923763659382256750e-05,0.000000000000000000e+00,3.012622511615319354e-01,6.663763232369493937e-03,1.082534636878768330e-01
1.965000000000014424e+01,1.585739825031322781e+01,-5.840683459517864051e+00,9.975598658536279917e-01,-1.545626652313341720e-04,0.000000000000000000e+00,2.947739736567207558e-01,1.164106713523160950e-03,1.080567050369146964e-01
1.970000000000014495e+01,1.590602913574922717e+01,-5.829585977964764076e+00,9.975963022734392061e-01,2.209554705978806523e-05,0.000000000000000000e+00,2.828274567887980595e-01,-3.447521398278792157e-03,1.082006707318600436e-01
1.975000000000014566e+01,1.595465202017727435e+01,-5.818447642038298895e+00,9.976265513850122169e-01,1.386728839398719581e-04,0.000000000000000000e+00,2.699160471527548566e-01,-6.071736711807250615e-03,1.080184886328039717e-01
1.980000000000014637e+01,1.600326492273903867e+01,-5.807300470419360927e+00,9.975456639163176042e-01,-2.126115676265483048e-04,0.000000000000000000e+00,2.531647855607559450e-01,-8.640185841538312872e-03,1.078672430749389177e-01
1.985000000000014708e+01,1.605189190269233990e+01,-5.796155066274016221e+00,9.976731474903964836e-01,3.398450422142714356e-04,0.000000000000000000e+00,2.461814110031408376e-01,-6.691516112463438519e-03,1.082716804184119808e-01
1.990000000000014779e+01,1.610053652520018019e+01,-5.785020948814743491e+00,9.979004561207209800e-01,1.181110555069390163e-03,0.000000000000000000e+00,2.580977146811349598e-01,6.070709451346206591e-04,1.076342625480175841e-01
1.995000000000014850e+01,1.614915213039137853e+01,-5.773876672405050314e+00,9.976789949926297973e-01,5.904393169079401055e-05,0.000000000000000000e+00,2.745986933011472786e-01,5.902116917668239794e-03,1.064977193963951019e-01
2.000000000000014921e+01,1.619776211285492451e+01,-5.762682572608304632e+00,9.976585268599822420e-01,-3.463738523758489520e-05,0.000000000000000000e+00,2.900491170469337021e-01,8.176766892942799805e-03,1.076050250368510153e-01
2.005000000000014992e+01,1.624636067746616419e+01,-5.751416503134274549e+00,9.977112761696511622e-01,1.832873304856099837e-04,0.000000000000000000e+00,2.978925767802218516e-01,6.702044894941478446e-03,1.077073657000887918e-01
2.010000000000015064e+01,1.629493748507033857e+01,-5.740072152163560482e+00,9.976909564803113639e-01,6.535110702929581791e-05,0.000000000000000000e+00,2.998510001554119953e-01,4.021138907888711748e-03,1.074436191517441908e-01
2.015000000000015135e+01,1.634349809710027657e+01,-5.728654367082712362e+00,9.976946569767832784e-01,6.708287151109445763e-05,0.000000000000000000e+00,2.945869152711226846e-01,2.484629175606941666e-04,1.075452175984431824e-01
2.020000000000015206e+01,1.639204650300390398e+01,-5.717182892638891012e+00,9.977013815472354219e-01,8.056457901744908231e-05,0.000000000000000000e+00,2.831855720240348262e-01,-3.706218037503546114e-03,1.075267151160836099e-01
2.025000000000015277e+01,1.644058311183851018e+01,-5.705687726468758214e+00,9.976318121884952816e-01,-2.138257717465977866e-04,0.000000000000000000e+00,2.663085480379958625e-01,-7.502541374379160209e-03,1.074930922638228925e-01
2.030000000000015348e+01,1.648913166710894984e+01,-5.694182020231143504e+00,9.977725787007537539e-01,3.920054316366028283e-04,0.000000000000000000e+00,2.576878336969548045e-01,-6.686409678995873344e-03,1.078409390575235938e-01
2.035000000000015419e+01,1.653768923865165874e+01,-5.682683610529059237e+00,9.979140705933943201e-01,8.795719158715389809e-04,0.000000000000000000e+00,2.657554450140917623e-01,-6.716204472918454321e-04,1.071371064962312325e-01
2.040000000000015490e+01,1.658622464139916630e+01,-5.671175815386068741e+00,9.977376912395288233e-01,-1.859882764745739159e-06,0.000000000000000000e+00,2.790987103153899085e-01,4.189289166387507625e-03,1.064296470330284017e-01
2.045000000000015561e+01,1.663475349540953019e+01,-5.659627354060658533e+00,9.977034584575142917e-01,-1.384190342699211063e-04,0.000000000000000000e+00,2.931864855992944996e-01,6.853759074559470643e-03,1.073115438023558854e-01
2.050000000000015632e+01,1.668326915820912504e+01,-5.648015318251414563e+00,9.977128980946343706e-01,-7.297667893562184835e-05,0.000000000000000000e+00,3.010469617879083515e-01,6.064800080707613734e-03,1.074827077124285435e-01
2.055000000000015703e+01,1.673176572998979950e+01,-5.636331797558141510e+00,9.976942026741042469e-01,-1.331630252689913795e-04,0.000000000000000000e+00,3.041299374475610051e-01,4.080339417905151124e-03,1.074355095268281490e-01
2.060000000000015774e+01,1.678024666466006209e+01,-5.624578974130569620e+00,9.976996854005770743e-01,-8.459951432388367466e-05,0.000000000000000000e+00,3.003177309798816808e-01,7.545634369337493597e-04,1.075289866294787677e-01
2.065000000000015845e+01,1.682871523077589515e+01,-5.612769456643055932e+00,9.977183218599546821e-01,6.866226051323315186e-06,0.000000000000000000e+00,2.949439866790006803e-01,-1.436372856097634185e-03,1.075015729971146305e-01
2.070000000000015916e+01,1.687717313625939752e+01,-5.600918198717065977e+00,9.977202836640417516e-01,1.334019718933643943e-05,0.000000000000000000e+00,2.875534017883456528e-01,-3.199169217812587382e-03,1.074083907002265914e-01
2.075000000000015987e+01,1.692562335522484318e+01,-5.589039909261592776e+00,9.977086331031608246e-01,-3.593008577223809054e-05,0.000000000000000000e+00,2.838784565483241096e-01,-2.819027487494738145e-03,1.073985816797912440e-01
2.080000000000016058e+01,1.697406781141753385e+01,-5.577141856727608982e+00,9.976933267589113141e-01,-8.996944561583158006e-05,0.000000000000000000e+00,2.805721747135514477e-01,-2.508215309901995829e-03,1.074568344841958789e-01
2.085000000000016129e+01,1.702249853002980728e+01,-5.565231127255241717e+00,9.975635453437698974e-01,-5.911012170583247825e-04,0.000000000000000000e+00,2.727618522962522718e-01,-3.825063343167102014e-03,1.075333662054434314e-01
2.090000000000016200e+01,1.707095470627157496e+01,-5.553298357846974120e+00,9.978714034225502072e-01,7.585513414745620551e-04,0.000000000000000000e+00,2.747993390961340765e-01,-1.287775298041344543e-03,1.081822732811505150e-01
2.095000000000016271e+01,1.711940417879143439e+01,-5.541353727880691693e+00,9.979506349880700178e-01,9.237673352588875262e-04,0.000000000000000000e+00,2.878580094348857088e-01,3.665945508207479886e-03,1.066429828872489660e-01
2.100000000000016342e+01,1.716781872899951722e+01,-5.529376423106407756e+00,9.976693037274465548e-01,-3.863111742867261864e-04,0.000000000000000000e+00,3.016573703044391763e-01,6.542967173669976197e-03,1.062468250596499131e-01
2.105000000000016414e+01,1.721622551632697906e+01,-5.517331757421139571e+00,9.976609977781747407e-01,-3.422727365166367062e-04,0.000000000000000000e+00,3.114735758771711716e-01,6.596260372430746456e-03,1.076534813627672282e-01
2.110000000000016485e+01,1.726461838105759128e+01,-5.505208521555113421e+00,9.977239731382727683e-01,-2.191674882120244481e-05,0.000000000000000000e+00,3.161245281167550658e-01,4.857551012166642576e-03,1.076950111091262985e-01
2.115000000000016556e+01,1.731299069724698114e+01,-5.493009275221007570e+00,9.977323669956886798e-01,1.604203060668347444e-05,0.000000000000000000e+00,3.128103164811530945e-01,1.337344442347048173e-03,1.073801343086361604e-01
2.120000000000016627e+01,1.736135026186306263e+01,-5.480749412274034782e+00,9.977656967455326154e-01,1.461526238610871180e-04,0.000000000000000000e+00,3.017174905173209964e-01,-3.063323255454432521e-03,1.073381650215566030e-01
2.125000000000016698e+01,1.740969485125756933e+01,-5.468455938938053151e+00,9.977041942389623941e-01,-1.290879271920118677e-04,0.000000000000000000e+00,2.889288969853964772e-01,-5.780991362636387146e-03,1.071715162723369252e-01
2.130000000000016769e+01,1.745805289083988754e+01,-5.456138895388799703e+00,9.979056823426787348e-01,7.026820731117420756e-04,0.000000000000000000e+00,2.871441020393925569e-01,-3.536929348275156398e-03,1.074790288051880316e-01
2.135000000000016840e+01,1.750640775178290909e+01,-5.443808254565849936e+00,9.979897007740410331e-01,8.982193839385818959e-04,0.000000000000000000e+00,2.930737468494788445e-01,1.578136662064926702e-04,1.064715882866063279e-01
2.140000000000016911e+01,1.755473430309895022e+01,-5.431454426955906634e+00,9.977628925813111227e-01,-1.886572637687631854e-04,0.000000000000000000e+00,3.005702008518369439e-01,2.637800592911423124e-03,1.060514961297948366e-01
2.145000000000016982e+01,1.760304558549689347e+01,-5.419059675309911839e+00,9.976165190784691550e-01,-7.364198223828730475e-04,0.000000000000000000e+00,3.052907401836666423e-01,2.920806003408699721e-03,1.071855370934443885e-01
2.150000000000017053e+01,1.765133906620420845e+01,-5.406617871133984288e+00,9.974916478096924610e-01,-1.088620933013067192e-03,0.000000000000000000e+00,3.112874322559600060e-01,3.504547971618854167e-03,1.079174046076542270e-01
2.155000000000017124e+01,1.769961417761900435e+01,-5.394118462825981730e+00,9.974011288621114080e-01,-1.232972536734660771e-03,0.000000000000000000e+00,3.137514060909438740e-01,2.605584706273643934e-03,1.085417609515376969e-01
2.160000000000017195e+01,1.774787337769810946e+01,-5.381560579645491060e+00,9.973564078216774487e-01,-1.165262191123563182e-03,0.000000000000000000e+00,3.138560280996083307e-01,1.346208309515685431e-03,1.089943556894429622e-01
2.165000000000017266e+01,1.779611818204656259e+01,-5.368948466397852393e+00,9.973355971588273583e-01,-1.015452404299210885e-03,0.000000000000000000e+00,3.127879985880408498e-01,3.129306983383178375e-04,1.092179608916127587e-01
2.170000000000017337e+01,1.784435019651178678e+01,-5.356287998149115381e+00,9.973258450510539275e-01,-8.513703545330915260e-04,0.000000000000000000e+00,3.104084243511566754e-01,-6.568243135113586637e-04,1.093220142058632105e-01
2.175000000000017408e+01,1.789257079924870908e+01,-5.343587226473530016e+00,9.973124924001766090e-01,-7.345068871357465952e-04,0.000000000000000000e+00,3.071328471589707121e-01,-1.448147102072165279e-03,1.093707747447303646e-01
2.180000000000017479e+01,1.794078116213809793e+01,-5.330853713469798194e+00,9.972885389195076389e-01,-6.834194323844763105e-04,0.000000000000000000e+00,3.046050207817412314e-01,-1.588981841804965739e-03,1.094375379991169572e-01
2.185000000000017550e+01,1.798898213092205722e+01,-5.318094370996638176e+00,9.972492075273385881e-01,-7.040611145837820991e-04,0.000000000000000000e+00,3.028209830484023257e-01,-1.398734822091756216e-03,1.095573054024618076e-01
2.190000000000017621e+01,1.803717246170308286e+01,-5.305314533295314661e+00,9.971730712488993120e-01,-8.677940054241256324e-04,0.000000000000000000e+00,3.004694053820990973e-01,-1.475808854425397732e-03,1.097539623633070616e-01
2.195000000000017693e+01,1.808534008193280584e+01,-5.292515825674604102e+00,9.969374940938902085e-01,-1.636543824375701235e-03,0.000000000000000000e+00,2.977828300383880133e-01,-1.530293719739214686e-03,1.101346437555034419e-01
2.200000000000017764e+01,1.813353337476133476e+01,-5.279692783856807736e+00,9.972158542963497352e-01,-1.957942496624703876e-04,0.000000000000000000e+00,2.967402264824805513e-01,-1.166824719366198453e-03,1.113125295305489593e-01
2.205000000000017835e+01,1.818172052049978049e+01,-5.266844682060766836e+00,9.973333931492471827e-01,3.135200118598069395e-04,0.000000000000000000e+00,3.073730771040255050e-01,2.955997451567595087e-03,1.099207285182513261e-01
2.210000000000017906e+01,1.822987563851844328e+01,-5.253962685880710914e+00,9.971139601250063045e-01,-6.269160874756546896e-04,0.000000000000000000e+00,3.182433280412269028e-01,5.231642092406927486e-03,1.093330342537640887e-01
2.215000000000017977e+01,1.827802238510894739e+01,-5.241019270754200932e+00,9.971200485752949039e-01,-4.771790688261265401e-04,0.000000000000000000e+00,3.268938947714152832e-01,5.569574446445668507e-03,1.104301993749684796e-01
2.220000000000018048e+01,1.832615397334958018e+01,-5.228004795317639619e+00,9.971688367258340069e-01,-1.865906529044919601e-04,0.000000000000000000e+00,3.289224379294140022e-01,3.456960717607751674e-03,1.103997571235254826e-01
2.225000000000018119e+01,1.837426614877992037e+01,-5.214923971205450037e+00,9.971718647952382275e-01,-1.371602447067112420e-04,0.000000000000000000e+00,3.262935407934648424e-01,8.372844871972188628e-04,1.101558163708299676e-01
2.230000000000018190e+01,1.842236643431556686e+01,-5.201786494864893307e+00,9.972141557501947862e-01,5.943562406086325047e-05,0.000000000000000000e+00,3.217818422779661347e-01,-1.142287911318278296e-03,1.101406760238088645e-01
2.235000000000018261e+01,1.847045540840847622e+01,-5.188606404900708569e+00,9.972351016218794495e-01,1.313319859873427365e-04,0.000000000000000000e+00,3.174353554403435140e-01,-2.073265443945914235e-03,1.099292212490260712e-01
2.240000000000018332e+01,1.851853046939803349e+01,-5.175389309677477456e+00,9.972000212898779470e-01,-3.525573921613387547e-05,0.000000000000000000e+00,3.164943495497585246e-01,-1.362771707443426574e-03,1.098244918906027545e-01
2.245000000000018403e+01,1.856659963809776315e+01,-5.162142405691790614e+00,9.972127540628255016e-01,2.272650041731054784e-05,0.000000000000000000e+00,3.189483409526996383e-01,1.174718325341312210e-04,1.099998935506102671e-01
2.250000000000018474e+01,1.861465500831067743e+01,-5.148860286071351489e+00,9.971706491393717009e-01,-1.502384934813518857e-04,0.000000000000000000e+00,3.202420319664600612e-01,5.027295036283730995e-04,1.099362296858724941e-01
2.255000000000018545e+01,1.866269648383136115e+01,-5.135542942388264365e+00,9.971058892502716597e-01,-3.792303511852424393e-04,0.000000000000000000e+00,3.194522471452891921e-01,3.124815001529277327e-05,1.101467543031414975e-01
2.260000000000018616e+01,1.871073050992541198e+01,-5.122195357622228329e+00,9.970908968429050834e-01,-3.633539104144985796e-04,0.000000000000000000e+00,3.167829302834492822e-01,-8.455651000417522796e-04,1.104705537486417033e-01
2.265000000000018687e+01,1.875875261036388508e+01,-5.108824634293226197e+00,9.970214917300010971e-01,-5.683035799475402239e-04,0.000000000000000000e+00,3.112428840486556325e-01,-2.233043867565113159e-03,1.105455157854745851e-01
2.270000000000018758e+01,1.880678751629551471e+01,-5.095421826068372795e+00,9.972450578372848984e-01,4.396215651771605629e-04,0.000000000000000000e+00,3.036553420140464254e-01,-3.740029460134014841e-03,1.108925413499945167e-01
2.275000000000018829e+01,1.885482687466387475e+01,-5.082014248778386367e+00,9.974013989739572983e-01,9.770617988313192240e-04,0.000000000000000000e+00,3.099865920604791825e-01,2.142687372273851393e-04,1.097747108135755101e-01
2.280000000000018900e+01,1.890284387350617124e+01,-5.068594279006038761e+00,9.972454402717250144e-01,1.578146301359285072e-04,0.000000000000000000e+00,3.158579226442093102e-01,2.099216626473018529e-03,1.089930051302135106e-01
2.285000000000018971e+01,1.895084661040968399e+01,-5.055142554584564962e+00,9.971209423188105436e-01,-3.717401075491330803e-04,0.000000000000000000e+00,3.247682281733315079e-01,4.099704159087636315e-03,1.097727986413749302e-01
2.290000000000019043e+01,1.899883554806364572e+01,-5.041643384585393406e+00,9.970656158501047805e-01,-5.186979608623556483e-04,0.000000000000000000e+00,3.329101493747455009e-01,4.841893785545810583e-03,1.103952884059472839e-01
2.295000000000019114e+01,1.904681042618553022e+01,-5.028085090646241540e+00,9.970736385355455367e-01,-3.828676269268604742e-04,0.000000000000000000e+00,3.366903804661500743e-01,3.709275860204386179e-03,1.106719207494760993e-01
2.300000000000019185e+01,1.909480052326352251e+01,-5.014458794927802998e+00,9.974749986907465171e-01,1.299146519262410569e-03,0.000000000000000000e+00,3.432612935146375222e-01,2.059713634657082439e-03,-7.796791442082312562e-03
2.305000000000019256e+01,1.914232289586423974e+01,-5.000908148122675811e+00,9.919887093930590538e-01,-2.090583997533961708e-02,0.000000000000000000e+00,3.416065394584659742e-01,-1.576820167409879406e-03,-1.342764115015004645e-01
2.310000000000019327e+01,1.918900601127038286e+01,-4.987563775084357331e+00,9.794304797419428610e-01,-6.695759058473575720e-02,0.000000000000000000e+00,3.233064332836033117e-01,-6.473925965732440363e-03,-2.334006410638711226e-01
2.315000000000019398e+01,1.923477944452839594e+01,-4.974476002780962247e+00,9.630651097761204760e-01,-1.190275523310772160e-01,0.000000000000000000e+00,3.079407989533988754e-01,-7.690627167124567017e-03,-2.983921654482951658e-01
2.320000000000019469e+01,1.927950865147363757e+01,-4.961708971709994032e+00,9.434130549436717805e-01,-1.738302611946554443e-01,0.000000000000000000e+00,2.918211987788383865e-01,-8.112327396033913035e-03,-3.454812573231053063e-01
2.325000000000019540e+01,1.932309913782267330e+01,-4.949304612829942940e+00,9.212179670740718862e-01,-2.278445604341226560e-01,0.000000000000000000e+00,2.841676824109606869e-01,-5.985931009447126132e-03,-3.769771850153352810e-01
2.330000000000019611e+01,1.936550836963901290e+01,-4.937280545732601666e+00,8.974573855099896580e-01,-2.773179746036257276e-01,0.000000000000000000e+00,2.883593510556785589e-01,-2.028364920848143779e-03,-3.963905811183948691e-01
2.335000000000019682e+01,1.940668921189409701e+01,-4.925630885883121479e+00,8.725460043620587580e-01,-3.214999042746227720e-01,0.000000000000000000e+00,3.055052373866775639e-01,3.005017286193129543e-03,-4.085377816678381624e-01
2.340000000000019753e+01,1.944662115998719898e+01,-4.914335007692188562e+00,8.470050107537649975e-01,-3.593638978528718164e-01,0.000000000000000000e+00,3.281277105389452942e-01,6.800558317047991977e-03,-4.153965251305303807e-01
2.345000000000019824e+01,1.948529061242128790e+01,-4.903365129852248927e+00,8.211460004386867961e-01,-3.909271595426088153e-01,0.000000000000000000e+00,3.458343709006683753e-01,7.509669467639424646e-03,-4.195531826129181852e-01
2.350000000000019895e+01,1.952268265817168569e+01,-4.892710981538833437e+00,7.950217277694631157e-01,-4.172388183109803084e-01,0.000000000000000000e+00,3.523569433006930041e-01,5.247383465556743759e-03,-4.225675177960801499e-01
2.355000000000019966e+01,1.955879127092040548e+01,-4.882373816937832345e+00,7.687183594394506603e-01,-4.390045279688326030e-01,0.000000000000000000e+00,3.457671460412861109e-01,1.073789576762588984e-03,-4.247007958577477260e-01
2.360000000000020037e+01,1.959361568803297970e+01,-4.872372045462829426e+00,7.422742870471958909e-01,-4.569799119440836610e-01,0.000000000000000000e+00,3.304557158615946122e-01,-3.019950867613854437e-03,-4.264145620907306977e-01
2.365000000000020108e+01,1.962716590241797476e+01,-4.862728697366199171e+00,7.158130409634944069e-01,-4.714289138900714105e-01,0.000000000000000000e+00,3.135564692041068469e-01,-5.466442997325929483e-03,-4.279574678989234160e-01
2.370000000000020179e+01,1.965943903968731732e+01,-4.853466287012754954e+00,6.892372143344986934e-01,-4.834464376280385167e-01,0.000000000000000000e+00,3.015908616302729328e-01,-5.527189580104709121e-03,-4.300580905856365987e-01
2.375000000000020250e+01,1.969043774426338089e+01,-4.844592784840703992e+00,6.626197612877966492e-01,-4.932269622892375138e-01,0.000000000000000000e+00,3.009043970734772699e-01,-2.931585490713552698e-03,-4.323060179664000025e-01
2.380000000000020322e+01,1.972015525197593178e+01,-4.836104898050179735e+00,6.359186812770708519e-01,-5.013858898742917791e-01,0.000000000000000000e+00,3.083867950647150025e-01,2.495631795858337890e-04,-4.351828491512397257e-01
2.385000000000020393e+01,1.974857747058931778e+01,-4.827993198797786434e+00,6.090526895228673965e-01,-5.085726789162456907e-01,0.000000000000000000e+00,3.190263406845943450e-01,2.549175378723629159e-03,-4.385756936672350892e-01
2.390000000000020464e+01,1.977568850776664533e+01,-4.820243348845006714e+00,5.819845873843906281e-01,-5.151305516869021384e-01,0.000000000000000000e+00,3.301891803199374920e-01,3.811126745737978931e-03,-4.421608898313986180e-01
2.395000000000020535e+01,1.980148720303375143e+01,-4.812847415031818343e+00,5.548486297044575855e-01,-5.206482720692523491e-01,0.000000000000000000e+00,3.377953021332871231e-01,3.530242643519405574e-03,-4.458462266434839449e-01
2.400000000000020606e+01,1.982594608034715833e+01,-4.805809004477206159e+00,5.273567572446093976e-01,-5.264861074947930764e-01,0.000000000000000000e+00,3.338520560842477281e-01,8.221972074388031026e-04,-4.505044017300035009e-01
2.405000000000020677e+01,1.984906617843745025e+01,-4.799139567236986537e+00,4.996968296275512977e-01,-5.318285964640653285e-01,0.000000000000000000e+00,3.246841430234219672e-01,-1.695776660719907573e-03,-4.547952937408125118e-01
2.410000000000020748e+01,1.987084651286158277e+01,-4.792854725170613506e+00,4.719063736311499557e-01,-5.366247011568561209e-01,0.000000000000000000e+00,3.163241270481220724e-01,-2.794308135883966527e-03,-4.599740355495306465e-01
2.415000000000020819e+01,1.989128534040941787e+01,-4.786966317773600821e+00,4.440044961498198495e-01,-5.409072708508038119e-01,0.000000000000000000e+00,3.081570006571876519e-01,-3.345229953451301329e-03,-4.666353285394033712e-01
2.420000000000020890e+01,1.991033937090987394e+01,-4.781493615778211748e+00,4.154946045086790329e-01,-5.467653832452047391e-01,0.000000000000000000e+00,3.058262215941036644e-01,-2.333672064301536495e-03,-4.933025906070296895e-01
2.425000000000020961e+01,1.992797009554888987e+01,-4.776447144348773932e+00,3.862631714583559805e-01,-5.543380387974543577e-01,0.000000000000000000e+00,3.137729308322523281e-01,-6.819158572516645714e-04,-6.365635978172451415e-01
2.430000000000021032e+01,1.994363182802286616e+01,-4.771975492600175173e+00,3.499563400614749686e-01,-5.886977566254855132e-01,0.000000000000000000e+00,3.289970761009213263e-01,8.679266864958022458e-04,-7.548673279553658189e-01
2.435000000000021103e+01,1.995699585757894212e+01,-4.768163505615619968e+00,3.067474355735247959e-01,-6.437938232521867032e-01,0.000000000000000000e+00,3.388643714102892446e-01,1.865351933036919546e-03,-8.082592805828101579e-01
2.440000000000021174e+01,1.996817201537960784e+01,-4.764971378190489659e+00,2.621760350790444116e-01,-6.933206605796683464e-01,0.000000000000000000e+00,3.426071021576468922e-01,1.904288389965187603e-03,-7.926759421901297120e-01
2.445000000000021245e+01,1.997728489898868887e+01,-4.762360325482668522e+00,2.186252921430091312e-01,-7.288595002078733787e-01,0.000000000000000000e+00,3.407882611073702606e-01,1.211058308380903378e-03,-7.374657618961244498e-01
2.450000000000021316e+01,1.998451775708666744e+01,-4.760280350286756779e+00,1.777621062044853484e-01,-7.465403439203914804e-01,0.000000000000000000e+00,3.344897816500367327e-01,2.756275542248601469e-04,-6.564305173976194840e-01
2.455000000000021387e+01,1.999017897455997428e+01,-4.758648502277687875e+00,1.418054402534771052e-01,-7.410589389403441363e-01,0.000000000000000000e+00,3.290213421682448569e-01,-4.025269739555352010e-04,-5.607335273314757451e-01
2.460000000000021458e+01,1.999458095727920792e+01,-4.757379551308418719e+00,1.116969706666671586e-01,-7.132810294995134415e-01,0.000000000000000000e+00,3.266365130322537169e-01,-6.442893195902278007e-04,-4.663700788291227917e-01
2.465000000000021529e+01,1.999798806261131645e+01,-4.756399157447415149e+00,8.722305233967986293e-02,-6.685204969075585479e-01,0.000000000000000000e+00,3.272827382463159296e-01,-5.518939158283835307e-04,-3.833767839280775580e-01
2.470000000000021600e+01,2.000061615364584355e+01,-4.755644795007560433e+00,6.769979408755957828e-02,-6.129094305345268445e-01,0.000000000000000000e+00,3.306163350500783693e-01,-3.240638584786172181e-04,-3.156249841457741678e-01
2.475000000000021672e+01,2.000262140271403055e+01,-4.755070524573075552e+00,5.211027773555416964e-02,-5.526856098356422997e-01,0.000000000000000000e+00,3.361869202379406119e-01,-1.033850111125714753e-04,-2.637419325652574642e-01
2.480000000000021743e+01,2.000411423757385521e+01,-4.754643863607936005e+00,3.947548820837986500e-02,-4.926876459772103756e-01,0.000000000000000000e+00,3.436931603968123028e-01,5.667120187004167893e-05,-2.251117069591707098e-01
2.485000000000021814e+01,2.000517542004995519e+01,-4.754341215893805206e+00,2.903228316044222795e-02,-4.359229369735182491e-01,0.000000000000000000e+00,3.530232816429546006e-01,1.519291463735469654e-04,-1.959104066739454919e-01
2.490000000000021885e+01,2.000586706001951143e+01,-4.754144604838598909e+00,2.024164597878299124e-02,-3.839008983054510438e-01,0.000000000000000000e+00,3.641398902585653019e-01,2.044759946010866808e-04,-1.725717994837970282e-01
2.495000000000021956e+01,2.000624084327525409e+01,-4.754039105988757896e+00,1.275762261167538367e-02,-3.370568121127908712e-01,0.000000000000000000e+00,3.768377419947572804e-01,2.259581174542931792e-04,-1.523427781072919096e-01
2.500000000000022027e+01,2.000634389797355084e+01,-4.754011134567168284e+00,3.820724541440384883e-03,-3.053930419711721744e-01,0.000000000000000000e+00,3.906143556722803112e-01,2.269768134909192295e-04,-1.334241960804228022e-01
2.505000000000022098e+01,2.000622184699677319e+01,-4.754047603214284656e+00,-1.072378710074983754e-06,-2.596016212575393833e-01,0.000000000000000000e+00,4.066753871285140320e-01,2.192159912552679257e-04,-1.069405462413477170e-01
2.510000000000022169e+01,2.000589675491219310e+01,-4.754142058866571929e+00,-4.062962735432270461e-03,-2.239288584329200693e-01,0.000000000000000000e+00,4.186695733982030987e-01,1.961664469217236741e-04,-9.332440202517057470e-02
2.515000000000022240e+01,2.000542154472627843e+01,-4.754278992563589767e+00,-7.559997319068594186e-03,-1.931312250808811526e-01,0.000000000000000000e+00,4.072920379277658043e-01,1.378992070983568036e-04,-7.592027375821548685e-02
2.520000000000022311e+01,2.000499165004103119e+01,-4.754402403096906760e+00,-8.391784836068073503e-03,-1.578321301327027804e-01,0.000000000000000000e+00,3.952332383496734991e-01,7.340824878111047117e-05,-5.792876870912712362e-02
2.525000000000022382e+01,2.000467190045579713e+01,-4.754493824581461858e+00,-7.347560832604812728e-03,-1.220888080923092367e-01,0.000000000000000000e+00,3.888811099212272637e-01,1.882303484229159448e-05,-4.887845126115777233e-02
2.530000000000022453e+01,2.000444402579510950e+01,-4.754558741210754391e+00,-5.782316521633449127e-03,-9.141006922996201822e-02,0.000000000000000000e+00,3.878419561850510178e-01,-1.438909599238714560e-05,-4.734734145593001708e-02
2.535000000000022524e+01,2.000425117322342317e+01,-4.754613661995135132e+00,-4.719170715966663522e-03,-6.887547216130253391e-02,0.000000000000000000e+00,3.889753705462526412e-01,-2.745319367950085953e-05,-4.880162218310322986e-02
2.540000000000022595e+01,2.000405695266691808e+01,-4.754669097356925889e+00,-4.311392453526869534e-03,-5.346926467928287546e-02,0.000000000000000000e+00,3.902786632383232757e-01,-2.773100018963662558e-05,-4.920574282309175818e-02
2.545000000000022666e+01,2.000384936268466873e+01,-4.754728489796642421e+00,-4.315592246776244444e-03,-4.279221091642380209e-02,0.000000000000000000e+00,3.903605519521864409e-01,-2.085487218471745798e-05,-4.755474608291652971e-02
2.550000000000022737e+01,2.000363816138149531e+01,-4.754788964199120116e+00,-4.362542729014235766e-03,-3.442157066209100558e-02,0.000000000000000000e+00,3.894973179429648269e-01,-1.407563395809714209e-05,-4.442790126922119276e-02
2.555000000000022808e+01,2.000343482448559129e+01,-4.754847163246674668e+00,-4.283083618345622130e-03,-2.721942008699835408e-02,0.000000000000000000e+00,3.882476580933520438e-01,-1.194641492387911994e-05,-4.111459874217421318e-02
2.560000000000022879e+01,2.000324664234625160e+01,-4.754900986383549188e+00,-4.061999808154545186e-03,-2.089120082883439214e-02,0.000000000000000000e+00,3.872224416953882198e-01,-1.284104222200856140e-05,-3.831041408628079598e-02
2.565000000000022951e+01,2.000307345118694613e+01,-4.754950496947531136e+00,-3.786374206131278182e-03,-1.561045825497446062e-02,0.000000000000000000e+00,3.865151230184551423e-01,-1.388377713428503190e-05,-3.617156323658524825e-02
2.570000000000023022e+01,2.000291220942352055e+01,-4.754996578833607046e+00,-3.526943028994357528e-03,-1.145064189543189975e-02,0.000000000000000000e+00,3.860646662753595137e-01,-1.410980519232639163e-05,-3.442587038827456258e-02
2.575000000000023093e+01,2.000275943918861543e+01,-4.755040252161578884e+00,-3.317481750339240122e-03,-8.322668401725063017e-03,0.000000000000000000e+00,3.856814512765023295e-01,-1.258822173350804187e-05,-3.280894769610251394e-02
2.580000000000023164e+01,2.000261358492103270e+01,-4.755081924362626111e+00,-3.147305070148763949e-03,-5.977428000618155608e-03,0.000000000000000000e+00,3.852848466168881103e-01,-1.376493184830421404e-05,-3.116441361100295848e-02
2.585000000000023235e+01,2.000247392850115347e+01,-4.755121848700288645e+00,-3.001962689293644244e-03,-4.200572877074053649e-03,0.000000000000000000e+00,3.848666415741597291e-01,-1.187269389724214305e-05,-2.950210584321390217e-02
2.590000000000023306e+01,2.000234113057151575e+01,-4.755159806842891967e+00,-2.858210165957207963e-03,-2.785448208313506032e-03,0.000000000000000000e+00,3.844375460946789502e-01,-1.089676266092756553e-05,-2.785596683062452339e-02
2.595000000000023377e+01,2.000221527560381674e+01,-4.755195763364360673e+00,-2.714001314046163814e-03,-1.651523159006636644e-03,0.000000000000000000e+00,3.840117647904124354e-01,-1.127123496471944857e-05,-2.630770152514612034e-02
2.600000000000023448e+01,2.000209644224410255e+01,-4.755229707242472514e+00,-2.568666432473861241e-03,-7.398790009161073950e-04,0.000000000000000000e+00,3.836163641208258923e-01,-1.171422538079196115e-05,-2.486489838945328892e-02
2.605000000000023519e+01,2.000198395932084594e+01,-4.755261839728221140e+00,-2.431287469303107518e-03,-4.238734804987891527e-05,0.000000000000000000e+00,3.832802643858252978e-01,-1.046255595596367192e-05,-2.353080689026725014e-02
2.610000000000023590e+01,2.000187755256266087e+01,-4.755292239845207547e+00,-2.300517231877513037e-03,4.891710712624673316e-04,0.000000000000000000e+00,3.829817625549027937e-01,-8.898908087226299938e-06,-2.226734872169423146e-02
2.615000000000023661e+01,2.000177664417373791e+01,-4.755321053913036167e+00,-2.179540283580122702e-03,8.752446501995283980e-04,0.000000000000000000e+00,3.826859660746748659e-01,-9.174265658527698270e-06,-2.107458114892156106e-02
2.620000000000023732e+01,2.000168072556518339e+01,-4.755348432401779846e+00,-2.068844240033827688e-03,1.142979894344796485e-03,0.000000000000000000e+00,3.824074585782213376e-01,-1.033519355839597720e-05,-1.993403000382030360e-02
2.625000000000023803e+01,2.000158975170270281e+01,-4.755374397582450285e+00,-1.962854155813808458e-03,1.338344252355908297e-03,0.000000000000000000e+00,3.821402323616283070e-01,-9.826943509299108568e-06,-1.883657791680228011e-02
2.630000000000023874e+01,2.000150356642455307e+01,-4.755398989478775817e+00,-1.860680900505051359e-03,1.479368423119749310e-03,0.000000000000000000e+00,3.818772660214673209e-01,-9.466642592278914871e-06,-1.779874993909089792e-02
2.635000000000023945e+01,2.000142203390470996e+01,-4.755422255466461579e+00,-1.761756762515930344e-03,1.579191290452277869e-03,0.000000000000000000e+00,3.816431043057253447e-01,-9.142980727848363246e-06,-1.682095097481916754e-02
2.640000000000024016e+01,2.000134483958995446e+01,-4.755444281881167967e+00,-1.668045251724579060e-03,1.638199075527222402e-03,0.000000000000000000e+00,3.814461626499987545e-01,-8.241793296131992135e-06,-1.590289859882798237e-02
2.645000000000024087e+01,2.000127149443012442e+01,-4.755465207941848682e+00,-1.582522709538897523e-03,1.652649429164499469e-03,0.000000000000000000e+00,3.812506445886194584e-01,-7.382357516540118480e-06,-1.503382687409817765e-02
2.650000000000024158e+01,2.000120203943765773e+01,-4.755485031872246360e+00,-1.499797084341609847e-03,1.653022044120745770e-03,0.000000000000000000e+00,3.810729568561761482e-01,-6.369148191637075227e-06,-1.419723232464168566e-02
2.655000000000024230e+01,2.000113620100076162e+01,-4.755503805102132553e+00,-1.421515202289504740e-03,1.635545163505012882e-03,0.000000000000000000e+00,3.808923603583433959e-01,-6.867021876537160991e-06,-1.341035320640115470e-02
2.660000000000024301e+01,2.000107379155753762e+01,-4.755521595352389497e+00,-1.347398503971443656e-03,1.604902924076250697e-03,0.000000000000000000e+00,3.807399315034230014e-01,-6.778431798222813413e-06,-1.266401307537552180e-02
2.665000000000024372e+01,2.000101468146917583e+01,-4.755538430234896197e+00,-1.276536192142638379e-03,1.567371586576217848e-03,0.000000000000000000e+00,3.805723576149677712e-01,-7.692562975965108382e-06,-1.195625993093156481e-02
2.670000000000024443e+01,2.000095865002181128e+01,-4.755554398935632143e+00,-1.209815058410203259e-03,1.520781804190711115e-03,0.000000000000000000e+00,3.804463017136203717e-01,-6.361023086687420445e-06,-1.128795818042807424e-02
2.675000000000024514e+01,2.000090551598633581e+01,-4.755569521248420806e+00,-1.146907585224034775e-03,1.468255336097239357e-03,0.000000000000000000e+00,3.802979836933886304e-01,-7.425903980094811741e-06,-1.065306674170502128e-02
2.680000000000024585e+01,2.000085499045487225e+01,-4.755583901128179747e+00,-1.089201862429636748e-03,1.405427160055380516e-03,0.000000000000000000e+00,3.801624835135299918e-01,-7.439698145739683004e-06,-1.004987830227866211e-02
2.685000000000024656e+01,2.000080722720563031e+01,-4.755597498952834457e+00,-1.031671388466721094e-03,1.354463623895963732e-03,0.000000000000000000e+00,3.800570433093994893e-01,-6.514107028120814534e-06,-9.469784349892174449e-03
2.690000000000024727e+01,2.000076187143596229e+01,-4.755610398026655972e+00,-9.785794732700427677e-04,1.295938559903481386e-03,0.000000000000000000e+00,3.799395656543138600e-01,-6.867382823861985347e-06,-8.930579153717128557e-03
2.695000000000024798e+01,2.000071901246326433e+01,-4.755622601212151856e+00,-9.262427446193107362e-04,1.246097762525710155e-03,0.000000000000000000e+00,3.798568823885100088e-01,-5.077008567013752534e-06,-8.413806899606291606e-03
2.700000000000024869e+01,2.000067832182517691e+01,-4.755634172355708067e+00,-8.782088476314118966e-04,1.189013797972160620e-03,0.000000000000000000e+00,3.797625271006737080e-01,-5.067023301092361819e-06,-7.932155893728089560e-03
2.705000000000024940e+01,2.000063974666400313e+01,-4.755645127569963826e+00,-8.325586782973691796e-04,1.133811715713896762e-03,0.000000000000000000e+00,3.796676615203633531e-01,-6.494065125772661569e-06,-7.469770754612766947e-03
2.710000000000025011e+01,2.000060308150758104e+01,-4.755655544156931036e+00,-7.904861358727659128e-04,1.075339542269528135e-03,0.000000000000000000e+00,3.795974573246336803e-01,-5.505058071056090601e-06,-7.031771511890970612e-03
2.715000000000025082e+01,2.000056840907098632e+01,-4.755665394989848416e+00,-7.488052735734299255e-04,1.026995083012964072e-03,0.000000000000000000e+00,3.795234130606397471e-01,-5.337270725304102745e-06,-6.611398876732006540e-03
2.720000000000025153e+01,2.000053555279646034e+01,-4.755674718000411971e+00,-7.094401909259007242e-04,9.790563970004859378e-04,0.000000000000000000e+00,3.794520805909602501e-01,-5.959040241024862749e-06,-6.219708347130674039e-03
2.725000000000025224e+01,2.000050438869517677e+01,-4.755683561095919387e+00,-6.725884759611591625e-04,9.306519774593529368e-04,0.000000000000000000e+00,3.794061313504677457e-01,-5.007946230887170593e-06,-5.848124757556286482e-03
2.730000000000025295e+01,2.000047470762426371e+01,-4.755691964962303508e+00,-6.392942849067813219e-04,8.776983461849919123e-04,0.000000000000000000e+00,3.793331161767161674e-01,-5.731565675077922371e-06,-5.494180036157913019e-03
2.735000000000025366e+01,2.000044673970456444e+01,-4.755699886440051927e+00,-6.046243453619222236e-04,8.408384351274280147e-04,0.000000000000000000e+00,3.792824298250607740e-01,-5.708200000034319063e-06,-5.151521083706469759e-03
2.740000000000025437e+01,2.000042020252416819e+01,-4.755707405297036061e+00,-5.729226432960486063e-04,7.994775563654351030e-04,0.000000000000000000e+00,3.792310261483242684e-01,-5.108734842433051386e-06,-4.838796003642990666e-03
2.745000000000025508e+01,2.000039518806887173e+01,-4.755714490157804342e+00,-5.412484495330311665e-04,7.662788201444161503e-04,0.000000000000000000e+00,3.791927735026519031e-01,-4.603644114713477024e-06,-4.538387981278267473e-03
2.750000000000025580e+01,2.000037149126643499e+01,-4.755721190187923497e+00,-5.121099231035839815e-04,7.295771618333200988e-04,0.000000000000000000e+00,3.791626924869033743e-01,-4.572621857267190659e-06,-4.260735219397075030e-03
2.755000000000025651e+01,2.000034906667030299e+01,-4.755727527278190259e+00,-4.845835136644252496e-04,6.937673672232895104e-04,0.000000000000000000e+00,3.791283587431095725e-01,-4.887720837031442611e-06,-3.995036052934837489e-03
2.760000000000025722e+01,2.000032769688615630e+01,-4.755733562753259314e+00,-4.604154175924752906e-04,6.516862780664300784e-04,0.000000000000000000e+00,3.790894554370485281e-01,-5.313622172766170737e-06,-3.743453703191658433e-03
2.765000000000025793e+01,2.000030722989739473e+01,-4.755739347624097668e+00,-4.395075221205189172e-04,6.049806043409684071e-04,0.000000000000000000e+00,3.790756249273083967e-01,-4.246138119093059899e-06,-3.497348821421139824e-03
2.770000000000025864e+01,2.000028783676127020e+01,-4.755744811793621629e+00,-4.177034745795135001e-04,5.712006736367952232e-04,0.000000000000000000e+00,3.790397651682555491e-01,-4.878190963678121536e-06,-3.254743559499564780e-03
2.775000000000025935e+01,2.000026956904235220e+01,-4.755749957626742130e+00,-3.949559702037075230e-04,5.479505564126588507e-04,0.000000000000000000e+00,3.790170074720000670e-01,-4.321372384599476155e-06,-3.031006060765058935e-03
2.780000000000026006e+01,2.000025233724275964e+01,-4.755754809761138624e+00,-3.729397771806802460e-04,5.264252172222349526e-04,0.000000000000000000e+00,3.789960273979939842e-01,-4.909004417439279928e-06,-2.827055475476629182e-03
2.785000000000026077e+01,2.000023598398196967e+01,-4.755759411151435856e+00,-3.531755770244133369e-04,5.001969744028544711e-04,0.000000000000000000e+00,3.789849288462505683e-01,-4.575324760756330203e-06,-2.636390849257434082e-03
2.790000000000026148e+01,2.000022027830646110e+01,-4.755763831381702111e+00,-3.372072647448634683e-04,4.640308286404821732e-04,0.000000000000000000e+00,3.789808480856322603e-01,-3.916774696150429697e-06,-2.451967675057739951e-03
2.795000000000026219e+01,2.000020556251995529e+01,-4.755767965864746927e+00,-3.184675359958506345e-04,4.461835779084360109e-04,0.000000000000000000e+00,3.789734440604854981e-01,-3.709467001709499211e-06,-2.265566405767130507e-03
2.800000000000026290e+01,2.000019157789033031e+01,-4.755771877910769163e+00,-3.018083733181865119e-04,4.235835130374043887e-04,0.000000000000000000e+00,3.789495356627465839e-01,-5.065979471167267022e-06,-2.102549519930000527e-03
2.805000000000026361e+01,2.000017848783893726e+01,-4.755775542296394320e+00,-2.840144741825698050e-04,4.100424069723893842e-04,0.000000000000000000e+00,3.789545406552718987e-01,-4.482785184999799708e-06,-1.944091527487435246e-03
2.810000000000026432e+01,2.000016584501643280e+01,-4.755779079331452941e+00,-2.713224829247187168e-04,3.788018906093151990e-04,0.000000000000000000e+00,3.789535132920081040e-01,-3.959928085429079050e-06,-1.802547138741791540e-03
2.815000000000026503e+01,2.000015399813077366e+01,-4.755782388071615685e+00,-2.563238845637897073e-04,3.630359059311673731e-04,0.000000000000000000e+00,3.789569778414474399e-01,-4.183836235818782614e-06,-1.651996885890680018e-03
2.820000000000026574e+01,2.000014263260539948e+01,-4.755785565097669476e+00,-2.443416228486134214e-04,3.383577716056383917e-04,0.000000000000000000e+00,3.789505063128437712e-01,-4.177933914232558236e-06,-1.520490085904148804e-03
2.825000000000026645e+01,2.000013192691072206e+01,-4.755788548104793456e+00,-2.313091360785691120e-04,3.228161643646871920e-04,0.000000000000000000e+00,3.789491580089183742e-01,-4.185398246614573622e-06,-1.386913148155379926e-03
2.830000000000026716e+01,2.000012177889727738e+01,-4.755791377600813163e+00,-2.191614745824253308e-04,3.068435774763241951e-04,0.000000000000000000e+00,3.789701199550616906e-01,-3.286398321147842128e-06,-1.266468353494155583e-03
2.835000000000026787e+01,2.000011224177639590e+01,-4.755794024533814834e+00,-2.066672281581845435e-04,2.954518476780218115e-04,0.000000000000000000e+00,3.789769444651343022e-01,-3.515388608452272833e-06,-1.151663422629891839e-03
2.840000000000026859e+01,2.000010318767850137e+01,-4.755796533054430952e+00,-1.956547111201993681e-04,2.804115462943575655e-04,0.000000000000000000e+00,3.789752014975071859e-01,-4.164971940995005581e-06,-1.047089323505871359e-03
2.845000000000026930e+01,2.000009464544109150e+01,-4.755798902449745569e+00,-1.848970204012441183e-04,2.673599999113064770e-04,0.000000000000000000e+00,3.789929255325441559e-01,-3.357567874237747304e-06,-9.451967498901657320e-04
2.850000000000027001e+01,2.000008652489701433e+01,-4.755801152394226072e+00,-1.753437400070857245e-04,2.521011215056782580e-04,0.000000000000000000e+00,3.790096839938961182e-01,-3.143665487378039195e-06,-8.501971753548257307e-04
2.855000000000027072e+01,2.000007879043092629e+01,-4.755803286458557544e+00,-1.667009255210366407e-04,2.362521551487384752e-04,0.000000000000000000e+00,3.790241341656166441e-01,-3.364849885663380499e-06,-7.578133558992356227e-04
2.860000000000027143e+01,2.000007135252437251e+01,-4.755805323757234859e+00,-1.595177998329347716e-04,2.177342268713978611e-04,0.000000000000000000e+00,3.790238330823560986e-01,-4.577959447133345861e-06,-6.684164273786374899e-04
2.865000000000027214e+01,2.000006436528852305e+01,-4.755807240054766183e+00,-1.510578302708019129e-04,2.080272597456492571e-04,0.000000000000000000e+00,3.790500488870964801e-01,-3.895670047625113817e-06,-5.789720029824053102e-04
2.870000000000027285e+01,2.000005783632658662e+01,-4.755809015515484184e+00,-1.419484848653219684e-04,2.028591894184386744e-04,0.000000000000000000e+00,3.790439043445443801e-01,-5.044322430514446706e-06,-5.002203282063740842e-04
2.875000000000027356e+01,2.000005168850630000e+01,-4.755810694788065618e+00,-1.336086464271149738e-04,1.956467052875784788e-04,0.000000000000000000e+00,3.790668617183037270e-01,-4.340956410030940931e-06,-4.303428332122785855e-04
2.880000000000027427e+01,2.000004572153126148e+01,-4.755812324741422792e+00,-1.280244183079032826e-04,1.788542767069092225e-04,0.000000000000000000e+00,3.790888591384424799e-01,-3.705304466282668255e-06,-3.638123529246481435e-04
2.885000000000027498e+01,2.000004005224241510e+01,-4.755813870046244674e+00,-1.221052356749044616e-04,1.667601518975223474e-04,0.000000000000000000e+00,3.790985000873412503e-01,-3.997441667613365037e-06,-2.915072233570098481e-04
2.890000000000027569e+01,2.000003471260436072e+01,-4.755815322221346619e+00,-1.156478330830053574e-04,1.592377318856139155e-04,0.000000000000000000e+00,3.791250160544494818e-01,-3.467960170084177096e-06,-2.246990442878499152e-04
2.895000000000027640e+01,2.000002953221382995e+01,-4.755816716717077952e+00,-1.110412465596823757e-04,1.458165316017828045e-04,0.000000000000000000e+00,3.791430929297732177e-01,-3.987229818728309505e-06,-1.644933435549498276e-04
2.900000000000027711e+01,2.000002467685391139e+01,-4.755818027644162171e+00,-1.052044039993601610e-04,1.400005955227147879e-04,0.000000000000000000e+00,3.791705179604125675e-01,-3.182035962846530227e-06,-1.009758175421798972e-04
2.905000000000027782e+01,2.000002011305841876e+01,-4.755819243954112707e+00,-9.922653718445571943e-05,1.359119436777892658e-04,0.000000000000000000e+00,3.791794508643047124e-01,-4.243617325013131944e-06,-4.612294626720709148e-05
2.910000000000027853e+01,2.000001577446294476e+01,-4.755820410158085210e+00,-9.408375330921185762e-05,1.293006904432065672e-04,0.000000000000000000e+00,3.792082277896717812e-01,-3.644019195339703444e-06,3.922108351990446226e-06
2.915000000000027924e+01,2.000001181141698936e+01,-4.755821461271059647e+00,-8.736929359610189441e-05,1.302983912070047163e-04,0.000000000000000000e+00,3.792243414082854258e-01,-4.039444963969611713e-06,5.316122921900456422e-05
2.920000000000027995e+01,2.000000803134222949e+01,-4.755822480677566411e+00,-8.248280831983973338e-05,1.237846540706521515e-04,0.000000000000000000e+00,3.792671828595093331e-01,-2.004175005005316485e-06,9.192634016797659167e-05
2.925000000000028066e+01,2.000000438052559915e+01,-4.755823454140569950e+00,-7.889859260418131872e-05,1.133645861191551847e-04,0.000000000000000000e+00,3.793034448516428014e-01,-2.235297988092027078e-06,1.335770598408079666e-04
2.930000000000028137e+01,2.000000090274686926e+01,-4.755824362569841313e+00,-7.529453401574647312e-05,1.051079032490633350e-04,0.000000000000000000e+00,3.793171203006675540e-01,-3.808215437613092408e-06,1.772999069661191350e-04
2.935000000000028209e+01,1.999999747376453740e+01,-4.755825257754093371e+00,-7.324815804939427866e-05,9.227182646465933470e-05,0.000000000000000000e+00,3.793483510746957776e-01,-3.693694347764325079e-06,2.183660710069210489e-04
2.940000000000028280e+01,1.999999432041716219e+01,-4.755826065392169788e+00,-6.902261147178929013e-05,9.071964748214718605e-05,0.000000000000000000e+00,3.793532447194589707e-01,-4.798129160002627247e-06,2.634979593384343365e-04
2.945000000000028351e+01,1.999999142644148264e+01,-4.755826807084030605e+00,-6.418015863521250874e-05,9.194552933202461149e-05,0.000000000000000000e+00,3.793693890425853255e-01,-4.561848908982716672e-06,2.977834700812689731e-04
2.950000000000028422e+01,1.999998881853876043e+01,-4.755827476213619676e+00,-5.876553183685746915e-05,9.521493065903953858e-05,0.000000000000000000e+00,3.794026281335529660e-01,-3.933891747613559712e-06,3.262783340339287137e-04
2.955000000000028493e+01,1.999998618741759771e+01,-4.755828159341606742e+00,-5.688906569286336390e-05,8.367780910320795425e-05,0.000000000000000000e+00,3.794487125674104178e-01,-2.840267715517757390e-06,3.487198086037745885e-04
2.960000000000028564e+01,1.999998360098089023e+01,-4.755828819538397312e+00,-5.556927226531362297e-05,7.222142099276525123e-05,0.000000000000000000e+00,3.794783945584256912e-01,-3.512884141528297659e-06,3.824071055015591217e-04
2.965000000000028635e+01,1.999998112795647032e+01,-4.755829457588264475e+00,-5.370629751287664324e-05,6.522903580396001151e-05,0.000000000000000000e+00,3.795179916096635964e-01,-2.284681709179930921e-06,4.171386891519574544e-04
2.970000000000028706e+01,1.999997880905330661e+01,-4.755830031808531366e+00,-5.104108906448264453e-05,6.284406243674385496e-05,0.000000000000000000e+00,3.795260641637998589e-01,-4.074009030960882029e-06,4.484960889414980434e-04
2.975000000000028777e+01,1.999997663899761235e+01,-4.755830577418704408e+00,-4.820310774711620742e-05,6.162717521886067250e-05,0.000000000000000000e+00,3.795570413003321875e-01,-3.175464388829282012e-06,4.750707887603118022e-04
2.980000000000028848e+01,1.999997465910533734e+01,-4.755831068227058367e+00,-4.477720237670389773e-05,6.300536165673758160e-05,0.000000000000000000e+00,3.795887447965231587e-01,-3.099140429098276697e-06,4.988806363482531109e-04
2.985000000000028919e+01,1.999997282672524790e+01,-4.755831515054262937e+00,5.808764868568315286e-06,2.527481583064760686e-04,0.000000000000000000e+00,3.796284788348938122e-01,-2.872435063346114228e-06,5.180272262433899136e-04
2.990000000000028990e+01,1.999997111113997050e+01,-4.755831927690337579e+00,-1.983998221517660823e-05,9.960353831020262176e-05,0.000000000000000000e+00,3.797567440296560903e-01,-3.106218341517629399e-06,3.897081254361552268e-04
2.995000000000029061e+01,1.999996803491353603e+01,-4.755832728367295203e+00,-4.673963505928395586e-05,-2.791578072826576167e-05,0.000000000000000000e+00,3.797486012867752336e-01,-3.484152371871750797e-06,4.944400476644299821e-04
3.000000000000029132e+01,1.999996541181228693e+01,-4.755833404967397371e+00,-5.213537827085005594e-05,-4.391559742887670337e-05,0.000000000000000000e+00,3.797249356048055802e-01,-3.039016951226600175e-06,6.234343990815504341e-04
