t,x,y,v,a,vref,th,w,u
0.000000000000000000e+00,-1.000000000000000000e+01,-8.000000000000000000e+00,0.000000000000000000e+00,0.000000000000000000e+00,0.000000000000000000e+00,1.570796326794791753e+00,0.000000000000000000e+00,0.000000000000000000e+00
5.000000000000000278e-02,-1.000038906666638283e+01,-7.999485132616769079e+00,1.057416227308473899e-01,0.000000000000000000e+00,0.000000000000000000e+00,6.230731246266691947e+00,-3.494769306901682887e-02,0.000000000000000000e+00
1.000000000000000056e-01,-1.000043906606076938e+01,-7.999513689360886914e+00,5.798403698975485021e-02,-1.910303429643701589e-01,0.000000000000000000e+00,6.279550883280686335e+00,-1.539672907849265471e-02,6.342714265384913341e-01
1.500000000000000222e-01,-9.996120518007959532e+00,-7.999527283567829272e+00,8.664891016483133868e-02,-3.816478167119019549e-02,0.000000000000000000e+00,2.436042941578620002e-03,-5.793558406579663034e-03,6.484907073782517628e-01
2.000000000000000111e-01,-9.990917077558714610e+00,-7.999514660884503137e+00,1.007682942770020962e-01,2.594571111173085004e-02,0.000000000000000000e+00,6.282936552282421871e+00,-3.678150734925692174e-03,6.426650078948872302e-01
2.500000000000000000e-01,-9.984206791409437898e+00,-7.999528603748936817e+00,1.209922974236618959e-01,1.016525814760239066e-01,0.000000000000000000e+00,1.230591073879239161e-03,-1.253080923613744679e-03,6.366596525697706399e-01
2.999999999999999889e-01,-9.975582436216280158e+00,-7.999526833293242767e+00,1.526342404149098053e-01,2.078898371458108019e-01,0.000000000000000000e+00,2.821691941790049896e-04,-1.022059611846660434e-03,6.263692085026767442e-01
3.499999999999999778e-01,-9.965951586454977473e+00,-7.999528763372377504e+00,1.767011920073876807e-01,2.625796760865601875e-01,0.000000000000000000e+00,2.038963910244717681e-04,-5.336246178728461069e-04,6.084633765630501623e-01
3.999999999999999667e-01,-9.954849814367223715e+00,-7.999530736651081497e+00,2.039529155107291380e-01,3.190706348826140015e-01,0.000000000000000000e+00,7.830936619068751270e-05,-3.147373928319445913e-04,5.942871521281911651e-01
4.499999999999999556e-01,-9.942324361337488980e+00,-7.999476797130457228e+00,2.319277581527001697e-01,3.671558784739753500e-01,0.000000000000000000e+00,6.273820190281055531e+00,-3.822610209212143426e-03,5.780445692767484100e-01
4.999999999999999445e-01,-9.928665400620753090e+00,-7.999560967003224832e+00,2.566818467429480277e-01,3.927410571401717121e-01,0.000000000000000000e+00,8.601340241977339929e-03,5.078672695612792415e-03,5.651370400048042475e-01
5.499999999999999334e-01,-9.913803472695608576e+00,-7.999504042962255035e+00,2.810209321440091390e-01,4.115491873163819037e-01,0.000000000000000000e+00,6.278350199242115792e+00,-2.705861765505593319e-03,5.540124636668787295e-01
5.999999999999999778e-01,-9.897746310096732003e+00,-7.999529651068089109e+00,3.050970751294224681e-01,4.255439217947588615e-01,0.000000000000000000e+00,6.283158286453611296e+00,5.212219793507134706e-04,5.430080595585481396e-01
6.500000000000000222e-01,-9.880575588916038043e+00,-7.999545820861483136e+00,3.280877749263377829e-01,4.323979366234683153e-01,0.000000000000000000e+00,3.333176261224757297e-03,1.558094090891295460e-03,5.320384466483101260e-01
7.000000000000000666e-01,-9.862290731461383686e+00,-7.999523512545826165e+00,3.506539556908461197e-01,4.361830723568079771e-01,0.000000000000000000e+00,5.584483331944056772e-05,-4.864580246742308085e-04,5.216041664362653929e-01
7.500000000000001110e-01,-9.842929676907544945e+00,-7.999538692539063689e+00,3.725943719669593257e-01,4.367081229898991945e-01,0.000000000000000000e+00,5.315776041008746233e-03,1.769169574941960917e-03,5.113114162266231277e-01
8.000000000000001554e-01,-9.822531614986178994e+00,-7.999560242371970276e+00,3.938146752705864451e-01,4.342477116064277776e-01,0.000000000000000000e+00,5.174947845473454322e-03,8.233002709499239640e-04,5.012842854667174386e-01
8.500000000000001998e-01,-9.801115873576906168e+00,-7.999544693102639492e+00,4.145148498464393816e-01,4.301988675885539126e-01,0.000000000000000000e+00,8.766516552097591841e-03,1.769299279350714004e-03,4.915830671019384424e-01
9.000000000000002442e-01,-9.778699282518203972e+00,-7.999613317006250668e+00,4.348064731024923191e-01,4.253255870950548578e-01,0.000000000000000000e+00,1.420307679265064849e-02,2.936521453820172944e-03,4.820904036887294075e-01
9.500000000000002887e-01,-9.755305961751584931e+00,-7.999509881630264552e+00,4.546454106827256814e-01,4.196162199969772910e-01,0.000000000000000000e+00,6.444283899238456570e-04,-3.671133899171109133e-03,4.727414040904212578e-01
1.000000000000000222e+00,-9.730961375714803907e+00,-7.999486466273756591e+00,4.739933319956126656e-01,4.130846612491297365e-01,0.000000000000000000e+00,6.274537345567942737e+00,-5.317245546021833608e-03,4.635648174301376656e-01
1.050000000000000266e+00,-9.705697178313732465e+00,-7.999754708977967255e+00,4.927847936795989869e-01,4.056335757352492188e-01,0.000000000000000000e+00,4.106037344013913071e-02,1.597281544371932649e-02,4.545860992907855280e-01
1.100000000000000311e+00,-9.679521004358317526e+00,-7.999706706218814745e+00,5.112286955895430918e-01,3.982824682279757500e-01,0.000000000000000000e+00,3.284017373221637115e-02,4.834967674843201196e-03,4.458472989037886580e-01
1.150000000000000355e+00,-9.652465964995808889e+00,-7.999689816439326862e+00,5.291520155287243732e-01,3.903192543391056923e-01,0.000000000000000000e+00,3.139648548748397161e-02,1.809660308247594161e-03,4.372248145554677445e-01
1.200000000000000400e+00,-9.624562550451907228e+00,-7.999689596160877159e+00,5.465017886901575306e-01,3.816544961170171280e-01,0.000000000000000000e+00,3.128398881461169623e-02,8.472602889994201684e-04,4.288250626435590185e-01
1.250000000000000444e+00,-9.595816463574733390e+00,-7.999707659477635957e+00,5.635538411411056270e-01,3.735318066974060436e-01,0.000000000000000000e+00,3.469466105111784771e-02,1.635919899692326500e-03,4.206826898649540514e-01
1.300000000000000488e+00,-9.566254128797629264e+00,-7.999741183204683637e+00,5.801697865522126296e-01,3.652892270023527788e-01,0.000000000000000000e+00,4.161150293880666595e-02,3.303938766228952436e-03,4.126336892191377892e-01
1.350000000000000533e+00,-9.535899145897825946e+00,-7.999782917313561725e+00,5.963280537427846362e-01,3.568644503641701937e-01,0.000000000000000000e+00,4.984200474970723604e-02,4.625454067093305068e-03,4.047632730548339497e-01
1.400000000000000577e+00,-9.504766989992978310e+00,-7.999828599849791999e+00,6.121174968481486456e-01,3.486493327127921371e-01,0.000000000000000000e+00,5.900925785087807185e-02,5.596866199298557512e-03,3.970866724794039349e-01
1.450000000000000622e+00,-9.472878193268810421e+00,-7.999874635008623613e+00,6.275129599121866963e-01,3.405013184263858683e-01,0.000000000000000000e+00,6.853721622215847020e-02,6.188577380060457725e-03,3.895524191358757382e-01
1.500000000000000666e+00,-9.440253713530429636e+00,-7.999917098549346406e+00,6.424992725647233893e-01,3.323463053512554222e-01,0.000000000000000000e+00,7.750115532019297149e-02,6.269318070950465407e-03,3.821775764999445490e-01
1.550000000000000711e+00,-9.406910912863924779e+00,-7.999952533791967468e+00,6.571135435295897276e-01,3.243341281404696352e-01,0.000000000000000000e+00,8.507984367946708204e-02,5.785435943265009734e-03,3.749732925466862099e-01
1.600000000000000755e+00,-9.372868434150079864e+00,-7.999979799330470875e+00,6.713552937704378998e-01,3.164343034757683415e-01,0.000000000000000000e+00,9.117872005697513771e-02,4.991731489504347766e-03,3.679191622507046455e-01
1.650000000000000799e+00,-9.338144517472349193e+00,-7.999998193736236551e+00,6.852291766008046237e-01,3.086429741020815243e-01,0.000000000000000000e+00,9.560703809780424223e-02,3.987785867853820693e-03,3.610173356376640275e-01
1.700000000000000844e+00,-9.302756427916476056e+00,-8.000007990870097174e+00,6.987487624759519678e-01,3.009927227822545848e-01,0.000000000000000000e+00,9.841784418574306414e-02,2.898861365392354367e-03,3.542668600566177828e-01
1.750000000000000888e+00,-9.266721443157173610e+00,-8.000009965319183181e+00,7.119193243334167587e-01,2.934764256556627871e-01,0.000000000000000000e+00,9.960810856449597850e-02,1.774028779828678171e-03,3.476613647192497991e-01
1.800000000000000933e+00,-9.230056312392312279e+00,-8.000006248840538348e+00,7.247493030958347404e-01,2.861010555742021233e-01,0.000000000000000000e+00,9.973565699658237804e-02,8.381135831481141378e-04,3.411994309831609673e-01
1.850000000000000977e+00,-9.192777290345372165e+00,-7.999998257453270867e+00,7.372479983703024153e-01,2.788756255572323872e-01,0.000000000000000000e+00,9.910839571736040909e-02,1.059050229917214789e-04,3.348776972102641136e-01
1.900000000000001021e+00,-9.154900208581082666e+00,-7.999987561754450027e+00,7.494242009874476640e-01,2.718053109143668822e-01,0.000000000000000000e+00,9.794133598639831462e-02,-4.495845002287481235e-04,3.286922400537513611e-01
1.950000000000001066e+00,-9.116440975331228103e+00,-7.999974993108319055e+00,7.612805062537557621e-01,2.648694697967258760e-01,0.000000000000000000e+00,9.645087529609241983e-02,-8.377389578923858347e-04,3.226393974785385366e-01
2.000000000000000888e+00,-9.077414699570621082e+00,-7.999961470363027516e+00,7.728275413553035156e-01,2.580837162435716814e-01,0.000000000000000000e+00,9.467501106892228790e-02,-1.133399916305662634e-03,3.167192117874918500e-01
2.050000000000000711e+00,-9.037836620935999932e+00,-7.999948843025113554e+00,7.840679854140828464e-01,2.514287492299748239e-01,0.000000000000000000e+00,9.326770576588394590e-02,-1.149912822760694757e-03,3.109268530197908942e-01
2.100000000000000533e+00,-8.997721502222958634e+00,-7.999937090345767388e+00,7.950086400405307341e-01,2.449056178897715819e-01,0.000000000000000000e+00,9.205536526623170346e-02,-1.090397373909031669e-03,3.052622466574554938e-01
2.150000000000000355e+00,-8.957083917172848686e+00,-7.999926692594624633e+00,8.056544929428886004e-01,2.385079059212488750e-01,0.000000000000000000e+00,9.114507585190700922e-02,-9.543352856526190206e-04,2.997228106813857318e-01
2.200000000000000178e+00,-8.915938162470618877e+00,-7.999918637652044140e+00,8.160108633540683609e-01,2.322318063817183087e-01,0.000000000000000000e+00,9.079325458440568042e-02,-6.875550048837521071e-04,2.943070264752576382e-01
2.250000000000000000e+00,-8.874298163929434935e+00,-7.999913261225205297e+00,8.260843324565010359e-01,2.260793215151054858e-01,0.000000000000000000e+00,9.109750895941814974e-02,-3.187663676589504885e-04,2.890131499117800651e-01
2.299999999999999822e+00,-8.832177252452158456e+00,-7.999910558572492114e+00,8.358846724918072013e-01,2.200648173533092111e-01,0.000000000000000000e+00,9.248941291952306187e-02,2.517744691721406644e-04,2.838386467880383845e-01
2.349999999999999645e+00,-8.789587493931446005e+00,-7.999911894388761269e+00,8.454309716601261515e-01,2.142370505559233196e-01,0.000000000000000000e+00,9.883198652120306349e-02,2.252827806728740449e-03,2.787790194043959224e-01
2.399999999999999467e+00,-8.746541103062003941e+00,-7.999915627738085178e+00,8.547290820500903497e-01,2.085820820045956037e-01,0.000000000000000000e+00,1.111791676522981831e-01,5.311593783036590299e-03,2.738240850451041375e-01
2.449999999999999289e+00,-8.703052615701604822e+00,-7.999912557924226064e+00,8.637534825056183418e-01,2.029632674257886016e-01,0.000000000000000000e+00,1.180170293451521246e-01,4.950450457572098603e-03,2.689715734008752968e-01
2.499999999999999112e+00,-8.659134354863798677e+00,-7.999896146640816497e+00,8.725205652906929954e-01,1.974389450809296287e-01,0.000000000000000000e+00,1.252322413142223922e-01,4.931535108894644082e-03,2.642381657150304486e-01
2.549999999999998934e+00,-8.614792617576430445e+00,-7.999870436513909056e+00,8.811091636772860891e-01,1.923055496111162332e-01,0.000000000000000000e+00,1.319082416431145433e-01,4.648365827961050203e-03,2.596153132175322287e-01
2.599999999999998757e+00,-8.570045344517414065e+00,-7.999826996052054717e+00,8.894111953043397634e-01,1.870525661971078057e-01,0.000000000000000000e+00,1.371411803952433672e-01,4.035469844481095157e-03,2.550566083671900186e-01
2.649999999999998579e+00,-8.524904014712486600e+00,-7.999763888083124996e+00,8.974609653206937487e-01,1.818411330231023137e-01,0.000000000000000000e+00,1.325788062574257964e-01,3.205188284757551180e-04,2.506283334144361330e-01
2.699999999999998401e+00,-8.479375882548289667e+00,-7.999682216148890745e+00,9.053228541439095611e-01,1.769204617113452060e-01,0.000000000000000000e+00,1.185337377078017340e-01,-4.828365818505802459e-03,2.463111665780202686e-01
2.749999999999998224e+00,-8.433473565459223664e+00,-7.999593297783704315e+00,9.129579811086293573e-01,1.720768772279554770e-01,0.000000000000000000e+00,1.040437596263137365e-01,-7.476243370181531733e-03,2.420674190133712544e-01
2.799999999999998046e+00,-8.387208870353244805e+00,-7.999512157745212626e+00,9.203603900251515757e-01,1.672711374484533720e-01,0.000000000000000000e+00,9.587614361698015841e-02,-6.579486335953374336e-03,2.379215529289962494e-01
2.849999999999997868e+00,-8.340588345875143972e+00,-7.999443997200687662e+00,9.275910483421199171e-01,1.627395432266361686e-01,0.000000000000000000e+00,9.816283730271457841e-02,-2.610824463983081427e-03,2.338783056289571449e-01
2.899999999999997691e+00,-8.293626124270838673e+00,-7.999384089135306297e+00,9.345835374765385506e-01,1.581615911189835910e-01,0.000000000000000000e+00,9.983164924295717668e-02,-8.061844336036323201e-04,2.299019553970655383e-01
2.949999999999997513e+00,-8.246332240296441185e+00,-7.999330415600762301e+00,9.413603914683286167e-01,1.536366888623472149e-01,0.000000000000000000e+00,1.049149475857991121e-01,1.286650201593364908e-03,2.260335442290316577e-01
2.999999999999997335e+00,-8.198712061232081183e+00,-7.999278275258049575e+00,9.479866480641430115e-01,1.494143774731354624e-01,0.000000000000000000e+00,1.138482087804675302e-01,3.596578915423765451e-03,2.222606298766159894e-01
3.049999999999997158e+00,-8.150777650449565925e+00,-7.999223537506297887e+00,9.544079637725175758e-01,1.452167648120067101e-01,0.000000000000000000e+00,1.203089702139390482e-01,3.913780051051331081e-03,2.185449426788066418e-01
3.099999999999996980e+00,-8.102540355238078362e+00,-7.999156928935360789e+00,9.606112808316147333e-01,1.409866800859941038e-01,0.000000000000000000e+00,1.307577544529605618e-01,5.439323384253417527e-03,2.149201134349193187e-01
3.149999999999996803e+00,-8.054003023281465445e+00,-7.999082044026325278e+00,9.666931927269339919e-01,1.371169916500724062e-01,0.000000000000000000e+00,1.389933423613420871e-01,5.357077428441821103e-03,2.113950667953029550e-01
3.199999999999996625e+00,-8.005184002804547561e+00,-7.998982724458824300e+00,9.725067352024850953e-01,1.329477632222624273e-01,0.000000000000000000e+00,1.449617909959108886e-01,4.622937614914468009e-03,2.079124536944767232e-01
3.249999999999996447e+00,-7.956084941233187990e+00,-7.998867421017360257e+00,9.781930580214175386e-01,1.291035018535398038e-01,0.000000000000000000e+00,1.484469851430505472e-01,3.367567837489198780e-03,2.045617945331336118e-01
3.299999999999996270e+00,-7.906717521514144309e+00,-7.998727564149119118e+00,9.836886371505096927e-01,1.252651179992005370e-01,0.000000000000000000e+00,1.467638456550073300e-01,1.014724542974651186e-03,2.012590355516670759e-01
3.349999999999996092e+00,-7.857090302934032877e+00,-7.998571975518805388e+00,9.890050045917448962e-01,1.214775641643013326e-01,0.000000000000000000e+00,1.381618844568768267e-01,-2.465602909677764003e-03,1.980432448884592578e-01
3.399999999999995914e+00,-7.807208900776670291e+00,-7.998402563257980269e+00,9.941822799844595160e-01,1.178911529022996230e-01,0.000000000000000000e+00,1.290841353919480738e-01,-4.342475084447666896e-03,1.949083994007594078e-01
3.449999999999995737e+00,-7.757082436945739623e+00,-7.998235644366424424e+00,9.991938135098338281e-01,1.143590564233370188e-01,0.000000000000000000e+00,1.267293522179677723e-01,-3.005882550876564502e-03,1.918311227652083339e-01
3.499999999999995559e+00,-7.706716950529316712e+00,-7.998065707838902583e+00,1.004066802780273271e+00,1.109792022204274670e-01,0.000000000000000000e+00,1.258967013275444913e-01,-1.837944453355009559e-03,1.888282335824345848e-01
3.549999999999995381e+00,-7.656120319269599683e+00,-7.997894491181052778e+00,1.008789772556681452e+00,1.076752408819747764e-01,0.000000000000000000e+00,1.241351040287845819e-01,-1.570762479354664322e-03,1.858841060062695338e-01
3.599999999999995204e+00,-7.605301700158365819e+00,-7.997719934531190233e+00,1.013342935958960300e+00,1.043528463146952828e-01,0.000000000000000000e+00,1.296161369289379195e-01,9.613050120937461154e-04,1.830063752776412422e-01
3.649999999999995026e+00,-7.554265692186383774e+00,-7.997538816696071251e+00,1.017773127682797041e+00,1.012030439471032633e-01,0.000000000000000000e+00,1.297254739025497372e-01,4.204358553302084433e-04,1.802077625564791341e-01
3.699999999999994849e+00,-7.503024178846262160e+00,-7.997347069628415461e+00,1.022011716731594078e+00,9.791679135287081892e-02,0.000000000000000000e+00,1.316097970272975815e-01,7.824048193622594634e-04,1.774607818837631024e-01
3.749999999999994671e+00,-7.451578897038491966e+00,-7.997150239564511764e+00,1.026152587692130025e+00,9.489691692444050808e-02,0.000000000000000000e+00,1.303085800132510741e-01,-1.378524530962403714e-04,1.748075698708269066e-01
3.799999999999994493e+00,-7.399941808954324074e+00,-7.996941543531312035e+00,1.030111152867615676e+00,9.175179424149507157e-02,0.000000000000000000e+00,1.302080582900897454e-01,-1.596359152273516002e-04,1.721922843560446947e-01
3.849999999999994316e+00,-7.348114580228205739e+00,-7.996733978512660102e+00,1.033976193717486058e+00,8.886159879267764572e-02,0.000000000000000000e+00,1.332418240790147479e-01,8.607603096809691469e-04,1.696665894864152202e-01
3.899999999999994138e+00,-7.296105186869378478e+00,-7.996515898782755372e+00,1.037708685436510514e+00,8.601924591024000255e-02,0.000000000000000000e+00,1.317057560892749279e-01,-1.041650678501002429e-04,1.671776840079055582e-01
3.949999999999993960e+00,-7.243922046548229687e+00,-7.996290728375685219e+00,1.041286989677733921e+00,8.312861369308569004e-02,0.000000000000000000e+00,1.393517785290070421e-01,2.452871583543396027e-03,1.647496455493083489e-01
3.999999999999993783e+00,-7.191562186523078992e+00,-7.996060054369893422e+00,1.044839218173514883e+00,8.071180493759246011e-02,0.000000000000000000e+00,1.434479061695128621e-01,2.463260622653782803e-03,1.623962280561856431e-01
4.049999999999993605e+00,-7.139042249114305960e+00,-7.995810754164374146e+00,1.048182037423956547e+00,7.794072095184068072e-02,0.000000000000000000e+00,1.410473853074449835e-01,4.157340022566973934e-04,1.600406948678494978e-01
4.099999999999993427e+00,-7.086364762779842508e+00,-7.995549017594687946e+00,1.051410456120675629e+00,7.526625154834892806e-02,0.000000000000000000e+00,1.301638510641112134e-01,-3.402218335846478488e-03,1.577940931304647187e-01
4.149999999999993250e+00,-7.033537276800352345e+00,-7.995273380537564201e+00,1.054502643273619533e+00,7.258174985045480476e-02,0.000000000000000000e+00,1.218281428975567238e-01,-4.491566891051805913e-03,1.555999896318298603e-01
4.199999999999993072e+00,-6.980560007699979863e+00,-7.995008677902721850e+00,1.057536237204690366e+00,7.019977560464722710e-02,0.000000000000000000e+00,1.215615586947693672e-01,-2.466118780397178085e-03,1.534721641236954370e-01
4.249999999999992895e+00,-6.927447662005468132e+00,-7.994741799345010058e+00,1.060370689224314766e+00,6.749762856221543095e-02,0.000000000000000000e+00,1.266314706346705066e-01,3.828350326782238317e-04,1.513643265790294845e-01
4.299999999999992717e+00,-6.874197645291649117e+00,-7.994474494169272916e+00,1.063156528325469807e+00,6.514145925439254747e-02,0.000000000000000000e+00,1.277655619253996733e-01,5.380927657021858986e-04,1.493618019211332693e-01
4.349999999999992539e+00,-6.820818014961707476e+00,-7.994203026349893548e+00,1.065826459288657713e+00,6.279289125626570656e-02,0.000000000000000000e+00,1.353839104421181716e-01,2.731700639426981950e-03,1.473745158188128901e-01
4.399999999999992362e+00,-6.767307621678398277e+00,-7.993926412262330139e+00,1.068463883272031012e+00,6.078400893850580133e-02,0.000000000000000000e+00,1.391427180872550906e-01,2.539525480867988166e-03,1.454434249444568894e-01
4.449999999999992184e+00,-6.713678044585327243e+00,-7.993635423526910699e+00,1.070949954343547450e+00,5.857149143687043202e-02,0.000000000000000000e+00,1.426038920193706261e-01,2.395744472138342310e-03,1.435186511380727448e-01
4.499999999999992006e+00,-6.659927950664953578e+00,-7.993337944044408339e+00,1.073390987617590664e+00,5.662132624566924149e-02,0.000000000000000000e+00,1.481647697197079339e-01,2.931749698980138080e-03,1.416722587234451602e-01
4.549999999999991829e+00,-6.606066861862961659e+00,-7.993020635873564927e+00,1.075700677561958862e+00,5.453582077400822431e-02,0.000000000000000000e+00,1.511502787360585742e-01,2.364667194585346952e-03,1.398406838209312608e-01
4.599999999999991651e+00,-6.552098917497620967e+00,-7.992690819967938509e+00,1.077907697184117053e+00,5.245673510783938065e-02,0.000000000000000000e+00,1.538363919971486027e-01,1.991737942727285493e-03,1.380763664665005663e-01
4.649999999999991473e+00,-6.498028501018479730e+00,-7.992340297853258946e+00,1.080021710451902095e+00,5.042144115741170607e-02,0.000000000000000000e+00,1.532126674140350531e-01,7.374714095914476327e-04,1.363626162072850700e-01
4.699999999999991296e+00,-6.443859277493767301e+00,-7.991978750724745062e+00,1.082053845025939376e+00,4.846569122207852048e-02,0.000000000000000000e+00,1.524280470993488734e-01,6.746718739197811107e-05,1.346940996943545299e-01
4.749999999999991118e+00,-6.389595953574069398e+00,-7.991602145504660193e+00,1.083997107662921344e+00,4.654560352559072162e-02,0.000000000000000000e+00,1.520144785314574420e-01,-1.195995030065862442e-04,1.330645497248024722e-01
4.799999999999990941e+00,-6.335240337737507943e+00,-7.991216661372805063e+00,1.085882635904579674e+00,4.477859578710592647e-02,0.000000000000000000e+00,1.487392724531577670e-01,-1.147678278595399420e-03,1.314786066042986645e-01
4.849999999999990763e+00,-6.280799500702292981e+00,-7.990818784459880142e+00,1.087660548560506868e+00,4.293452725339354931e-02,0.000000000000000000e+00,1.434049251816347237e-01,-2.283913769912447427e-03,1.299178764797807861e-01
4.899999999999990585e+00,-6.226273204825742980e+00,-7.990415786015927502e+00,1.089397641137014316e+00,4.129599210874466270e-02,0.000000000000000000e+00,1.461839322609108649e-01,-3.065744279212509471e-04,1.284128261434219209e-01
4.949999999999990408e+00,-6.171666345286737076e+00,-7.990006502962209822e+00,1.091059781782662608e+00,3.968535626958892559e-02,0.000000000000000000e+00,1.449776337578168039e-01,-6.435642409971078018e-04,1.269235823918323791e-01
4.999999999999990230e+00,-6.116990131551101939e+00,-7.989585118323828006e+00,1.092557963091692619e+00,3.774101025179120439e-02,0.000000000000000000e+00,1.486437004592371380e-01,8.448930796174801330e-04,1.254709990955301113e-01
5.049999999999990052e+00,-6.062237847162537996e+00,-7.989154255720547937e+00,1.094070942360820586e+00,3.624472527794486004e-02,0.000000000000000000e+00,1.465694835323363421e-01,-3.347037945934477855e-04,1.241093004946536293e-01
5.099999999999989875e+00,-6.007422085053152117e+00,-7.988711517512689042e+00,1.095438977569201722e+00,3.446792105588045163e-02,0.000000000000000000e+00,1.481779474722717538e-01,3.330693633693986087e-04,1.227311582213727603e-01
5.149999999999989697e+00,-5.952538238217908173e+00,-7.988263201402243219e+00,1.096803725260218521e+00,3.303332760877157603e-02,0.000000000000000000e+00,1.474563836541591400e-01,-1.068965848803292960e-04,1.214331422084980738e-01
5.199999999999989519e+00,-5.897595297423108285e+00,-7.987803359769091394e+00,1.098059872555885441e+00,3.145125126968496138e-02,0.000000000000000000e+00,1.492325032164476539e-01,5.260442489588525910e-04,1.201302749675868808e-01
5.249999999999989342e+00,-5.842590104000164430e+00,-7.987338125644946274e+00,1.099309879414194224e+00,3.016102844898312096e-02,0.000000000000000000e+00,1.487135952990197296e-01,6.787354940610522414e-05,1.188862872274073085e-01
5.299999999999989164e+00,-5.787531146501708079e+00,-7.986859900071722862e+00,1.100456364676570598e+00,2.871476380869200998e-02,0.000000000000000000e+00,1.487941029241106605e-01,5.160376313114177537e-05,1.176397337153510664e-01
5.349999999999988987e+00,-5.732416780761584008e+00,-7.986375984881507684e+00,1.101580428163005720e+00,2.746806499269411825e-02,0.000000000000000000e+00,1.502324261883734025e-01,4.225045497796323882e-04,1.164495607345423789e-01
5.399999999999988809e+00,-5.677255416345432515e+00,-7.985874468127528658e+00,1.102595901871176620e+00,2.603634682683890825e-02,0.000000000000000000e+00,1.494937095363884083e-01,-6.591476580243218900e-05,1.152672205018662743e-01
5.449999999999988631e+00,-5.622047327244701798e+00,-7.985366876372728129e+00,1.103563431402882378e+00,2.469919558829417050e-02,0.000000000000000000e+00,1.526495693329996683e-01,9.171661606952861458e-04,1.141449567676078580e-01
5.499999999999988454e+00,-5.566795965247949951e+00,-7.984842641659819940e+00,1.104471560351620418e+00,2.339187226558751484e-02,0.000000000000000000e+00,1.502611556785389268e-01,-3.639569200451051208e-04,1.130466218915699983e-01
5.549999999999988276e+00,-5.511506726309162829e+00,-7.984309857909211772e+00,1.105290295478533968e+00,2.198843832012422478e-02,0.000000000000000000e+00,1.538753092878542006e-01,9.691917697051959536e-04,1.119793867205690630e-01
5.599999999999988098e+00,-5.456176402523984947e+00,-7.983765848810587151e+00,1.106112095118668259e+00,2.087794921663655573e-02,0.000000000000000000e+00,1.507781183187386631e-01,-5.311788615474374387e-04,1.109616941670282658e-01
5.649999999999987921e+00,-5.400812687950139690e+00,-7.983211311413573874e+00,1.106842739314759294e+00,1.962493615767339425e-02,0.000000000000000000e+00,1.561092309816860535e-01,1.447675490973291150e-03,1.099380539073543522e-01
5.699999999999987743e+00,-5.345411591432275067e+00,-7.982646308653805534e+00,1.107584825951981600e+00,1.866829547502794895e-02,0.000000000000000000e+00,1.535810648249924526e-01,-1.222814385412041276e-04,1.089654536931259354e-01
5.749999999999987566e+00,-5.289982988571132694e+00,-7.982067268792613746e+00,1.108213459342384688e+00,1.744916994163472207e-02,0.000000000000000000e+00,1.568038588909645981e-01,9.791587474650728477e-04,1.079822775810326541e-01
5.799999999999987388e+00,-5.234521541118215104e+00,-7.981476740108992551e+00,1.108860480031562012e+00,1.654741871001708456e-02,0.000000000000000000e+00,1.567812313964607185e-01,4.104051598661982670e-04,1.070640302500788787e-01
5.849999999999987210e+00,-5.179038120034590520e+00,-7.980869299750770196e+00,1.109385145889452584e+00,1.533659839957596249e-02,0.000000000000000000e+00,1.575750743073651705e-01,4.351102365944403824e-04,1.061315154364146779e-01
5.899999999999987033e+00,-5.123528421435177727e+00,-7.980254125716766289e+00,1.109911346556493150e+00,1.437408138782304140e-02,0.000000000000000000e+00,1.540580594942699832e-01,-9.832236762549364639e-04,1.052697901922330787e-01
5.949999999999986855e+00,-5.068000196634451449e+00,-7.979624086232783853e+00,1.110346126860680016e+00,1.323838632700590455e-02,0.000000000000000000e+00,1.537737293656888937e-01,-6.068566620267291370e-04,1.044045130592262671e-01
5.999999999999986677e+00,-5.012452234024110886e+00,-7.978986942237733970e+00,1.110757849567647337e+00,1.223759988947401706e-02,0.000000000000000000e+00,1.556653858657544021e-01,2.891563122732774345e-04,1.035919142424107514e-01
6.049999999999986500e+00,-4.956887425225373178e+00,-7.978335685153938428e+00,1.111126643360109245e+00,1.126525508142685143e-02,0.000000000000000000e+00,1.543830569139696962e-01,-2.558260239104526244e-04,1.027910913703921209e-01
6.099999999999986322e+00,-4.901306026258213322e+00,-7.977677611974216987e+00,1.111474192226634239e+00,1.040239953124146195e-02,0.000000000000000000e+00,1.542413918814258267e-01,-1.749785154794649170e-04,1.020141818781144238e-01
6.149999999999986144e+00,-4.845709439353358405e+00,-7.977008434048883601e+00,1.111797044712037996e+00,9.613329566608205118e-03,0.000000000000000000e+00,1.502130964914663025e-01,-1.382502600321518487e-03,1.012482815970662531e-01
6.199999999999985967e+00,-4.790101768828852968e+00,-7.976333131032980361e+00,1.112060067901140092e+00,8.742756409694952408e-03,0.000000000000000000e+00,1.486268211828640773e-01,-1.222108142470342993e-03,1.004955848822638165e-01
6.249999999999985789e+00,-4.734484991675484977e+00,-7.975649571873733024e+00,1.112275758984669016e+00,7.856969461871660815e-03,0.000000000000000000e+00,1.439574644277978877e-01,-2.115544605128489436e-03,9.977747062929685773e-02
6.299999999999985612e+00,-4.679279749868049620e+00,-7.974965862209716150e+00,1.107446725363141482e+00,-1.303055891661287699e-02,0.000000000000000000e+00,1.235173476294573192e-01,-4.169417627919310212e-03,9.908667718425616389e-02
6.349999999999985434e+00,-4.626118337723978513e+00,-7.974270098769714821e+00,1.082086883098722030e+00,-1.118638161909684681e-01,0.000000000000000000e+00,7.046778541362375137e-02,-6.945320554339687487e-03,1.014468637303569815e-01
6.399999999999985256e+00,-4.573280378076407082e+00,-7.973563390159945641e+00,1.067778275253195241e+00,-1.467254843348821391e-01,0.000000000000000000e+00,5.497472485517818086e-02,-4.621490948994251904e-03,1.162523346735150342e-01
6.449999999999985079e+00,-4.520762027288697027e+00,-7.972853318162883340e+00,1.057674847150441577e+00,-1.577940998789205129e-01,0.000000000000000000e+00,4.546823053185278241e-02,-5.419989952388074711e-03,1.244986080045651367e-01
6.499999999999984901e+00,-4.469341083466259690e+00,-7.972141732601872199e+00,1.040773861253786237e+00,-1.938392234897580169e-01,0.000000000000000000e+00,3.508995863383645997e-02,-7.683645803025274112e-03,1.302722906304651374e-01
6.549999999999984723e+00,-4.418458439965286644e+00,-7.971426684109414573e+00,1.027605218610373905e+00,-2.077459493654559564e-01,0.000000000000000000e+00,3.227709953935331555e-02,-3.684425883334203379e-03,1.402090128621893972e-01
6.599999999999984546e+00,-4.367927897442045904e+00,-7.970714882323319372e+00,1.018840539612116070e+00,-2.012554754853962402e-01,0.000000000000000000e+00,2.946072102170482765e-02,-4.776360478314818636e-03,1.479721723551849222e-01
6.649999999999984368e+00,-4.318653297121775481e+00,-7.970012318893317627e+00,1.002537912006492338e+00,-2.262148908108121415e-01,0.000000000000000000e+00,2.689803940078761002e-02,-6.536698155397350878e-03,1.531367770560790320e-01
6.699999999999984190e+00,-4.271360529503049897e+00,-7.969336710278405178e+00,9.705998307139027670e-01,-3.087242378190084846e-01,0.000000000000000000e+00,2.332154559861976395e-02,-7.083706293445223359e-03,1.629056640594208072e-01
6.749999999999984013e+00,-4.225309940627388627e+00,-7.968686147506220507e+00,9.425643527824223433e-01,-3.591213019811289042e-01,0.000000000000000000e+00,2.072794191007520936e-02,-6.545983800527829799e-03,1.822155136814050391e-01
6.799999999999983835e+00,-4.180578859846876938e+00,-7.968065313330694899e+00,9.162244547501600112e-01,-3.926566337139528740e-01,0.000000000000000000e+00,1.930326201044785250e-02,-5.103107735305799711e-03,1.993239786763811860e-01
6.849999999999983658e+00,-4.137339802193611860e+00,-7.967478091396681172e+00,8.874339171336060872e-01,-4.292874574373783947e-01,0.000000000000000000e+00,1.874012177276895841e-02,-3.168741622095747404e-03,2.155467952219877747e-01
6.899999999999983480e+00,-4.095355438185353414e+00,-7.966921856024373305e+00,8.605917840950130238e-01,-4.507984981042753581e-01,0.000000000000000000e+00,1.919657323548840111e-02,-9.910984563118560749e-04,2.333839482062520232e-01
6.949999999999983302e+00,-4.054616291524121507e+00,-7.966392373425951412e+00,8.350791491703134506e-01,-4.626893381822189122e-01,0.000000000000000000e+00,2.034485392154472549e-02,8.900468477624219176e-04,2.501862691089327129e-01
6.999999999999983125e+00,-4.015138944058781689e+00,-7.965886263188298066e+00,8.096474500629462501e-01,-4.718782669752442649e-01,0.000000000000000000e+00,2.183877130554279233e-02,2.300002297332664775e-03,2.663184543179004660e-01
7.049999999999982947e+00,-3.976827915614087772e+00,-7.965396849782105271e+00,7.853351424884739140e-01,-4.747518438780851113e-01,0.000000000000000000e+00,2.342108752041038855e-02,3.120950367622076817e-03,2.825292365320050125e-01
7.099999999999982769e+00,-3.939653783457649272e+00,-7.964918316773598406e+00,7.619667863924075579e-01,-4.732748994867338466e-01,0.000000000000000000e+00,2.744558104301830781e-02,6.507474714967778628e-03,2.981899453642433140e-01
7.149999999999982592e+00,-3.903578886370814960e+00,-7.964446475725902808e+00,7.393905403725422598e-01,-4.689249036688486472e-01,0.000000000000000000e+00,3.024419371709896609e-02,6.734063443996173362e-03,3.134011250899143008e-01
7.199999999999982414e+00,-3.868552569859863066e+00,-7.963969587692408147e+00,7.177046579551280558e-01,-4.618834526047360667e-01,0.000000000000000000e+00,3.147538809764949264e-02,4.932216378880389419e-03,3.282499199999544537e-01
7.249999999999982236e+00,-3.834542588400570828e+00,-7.963483687310613846e+00,6.968002436242681785e-01,-4.531244194072286957e-01,0.000000000000000000e+00,3.085773003324732144e-02,1.753138805952171760e-03,3.426729261605894195e-01
7.299999999999982059e+00,-3.801516864752540137e+00,-7.962991949872808561e+00,6.765906405980465221e-01,-4.433379476306698597e-01,0.000000000000000000e+00,2.966910607326056493e-02,-5.492249655125456317e-04,3.567315735408984612e-01
7.349999999999981881e+00,-3.769438085897248047e+00,-7.962502599676031245e+00,6.570908262874433081e-01,-4.326696153469490325e-01,0.000000000000000000e+00,2.773297669767771367e-02,-2.633749725502320012e-03,3.704743821534535186e-01
7.399999999999981704e+00,-3.738279489699708247e+00,-7.962015147334428278e+00,6.382100972359602276e-01,-4.216586084834918480e-01,0.000000000000000000e+00,2.575464964256113376e-02,-3.739543045305838628e-03,3.838888166079781339e-01
7.449999999999981526e+00,-3.708001976734389249e+00,-7.961543139847000461e+00,6.200428921120959558e-01,-4.099957072822508763e-01,0.000000000000000000e+00,2.441503353612972660e-02,-3.508669988750122860e-03,3.970262035518549171e-01
7.499999999999981348e+00,-3.678576682648873941e+00,-7.961082669384533794e+00,6.025144689141628263e-01,-3.981102586175334634e-01,0.000000000000000000e+00,2.235752900111531716e-02,-4.293694660000642489e-03,4.098263121639336704e-01
7.549999999999981171e+00,-3.649972435823849004e+00,-7.960634646358537125e+00,5.856122061220856434e-01,-3.860972580623357464e-01,0.000000000000000000e+00,1.996454169196049122e-02,-5.117623570615487116e-03,4.223307937348192986e-01
7.599999999999980993e+00,-3.622166635853643957e+00,-7.960206221343343103e+00,5.692251424725114362e-01,-3.744260610481656704e-01,0.000000000000000000e+00,1.865605871355580092e-02,-4.183059412078435867e-03,4.345440903731221383e-01
7.649999999999980815e+00,-3.595130643943122095e+00,-7.959799645207144003e+00,5.533966416901638929e-01,-3.628548519679229423e-01,0.000000000000000000e+00,1.820341083203480537e-02,-2.648043720720470381e-03,4.465302028385692013e-01
7.699999999999980638e+00,-3.568830651957403344e+00,-7.959410668619350204e+00,5.381993466380221580e-01,-3.510730617829055378e-01,0.000000000000000000e+00,1.833098048294967697e-02,-1.155880342753628186e-03,4.582603200775957619e-01
7.749999999999980460e+00,-3.543239197877549707e+00,-7.959040969897754891e+00,5.235799740840714200e-01,-3.393359396421276042e-01,0.000000000000000000e+00,1.921387304582999889e-02,5.406360653383828624e-04,4.696877003365785286e-01
7.799999999999980282e+00,-3.518327839602618301e+00,-7.958681098452970559e+00,5.095409277536679937e-01,-3.276249370353160328e-01,0.000000000000000000e+00,1.960811317859789682e-02,7.778412999557092868e-04,4.808414239303006044e-01
7.849999999999980105e+00,-3.494071625127428860e+00,-7.958332014715049141e+00,4.960329342695645183e-01,-3.161319235646669057e-01,0.000000000000000000e+00,1.689461002445558080e-02,-3.025255013200033646e-03,4.917171469736786316e-01
7.899999999999979927e+00,-3.470434416438019642e+00,-7.957992349466424642e+00,4.831668241771024386e-01,-3.043699792215820432e-01,0.000000000000000000e+00,1.600337261951523260e-02,-2.633810364737896453e-03,5.023417781991869058e-01
7.949999999999979750e+00,-3.447396016972346988e+00,-7.957670529744818921e+00,4.708117069312869329e-01,-2.929164523605278236e-01,0.000000000000000000e+00,1.624303901050261345e-02,-1.009663951260775499e-03,5.126456098216241042e-01
7.999999999999979572e+00,-3.424928158469331407e+00,-7.957364290881429270e+00,4.589920952964846590e-01,-2.816116084276315545e-01,0.000000000000000000e+00,1.713115245516405594e-02,6.246586445844577989e-04,5.227046211384742680e-01
8.049999999999979394e+00,-3.403008589250810623e+00,-7.957068704458388098e+00,4.476580553477939040e-01,-2.706254465368684303e-01,0.000000000000000000e+00,1.811959841541543881e-02,1.572444801185378556e-03,5.325014268740464463e-01
8.099999999999980105e+00,-3.381612599521858442e+00,-7.956779471313152996e+00,4.368182295204753318e-01,-2.598596605387691882e-01,0.000000000000000000e+00,1.898487834198725466e-02,1.893617960621574474e-03,5.420635593959562959e-01
8.149999999999980815e+00,-3.360714478252424531e+00,-7.956494372652008096e+00,4.264845071194440229e-01,-2.492226180351400089e-01,0.000000000000000000e+00,1.955834211979734505e-02,1.684922954619209358e-03,5.513833620016670434e-01
8.199999999999981526e+00,-3.340291599356548513e+00,-7.956211877458359893e+00,4.166255710142647839e-01,-2.388138388488284247e-01,0.000000000000000000e+00,1.981025262362479111e-02,1.172394775629867405e-03,5.604511703706663850e-01
8.249999999999982236e+00,-3.320321517691303459e+00,-7.955931753010190732e+00,4.072284587303172665e-01,-2.286395202148522876e-01,0.000000000000000000e+00,1.986423811927018335e-02,6.644228181588087302e-04,5.692834005576012935e-01
8.299999999999982947e+00,-3.300781468570569643e+00,-7.955654783081873127e+00,3.982897681110271759e-01,-2.186663786490417039e-01,0.000000000000000000e+00,1.970776874525981270e-02,1.412154421033258813e-04,5.778855205643632642e-01
8.349999999999983658e+00,-3.281650081996237756e+00,-7.955381881782360054e+00,3.897909862094171007e-01,-2.089282305256731920e-01,0.000000000000000000e+00,1.940119225552905391e-02,-3.130403791575930156e-04,5.862572791402802519e-01
8.399999999999984368e+00,-3.262906718198835598e+00,-7.955114129843738446e+00,3.817175299241815645e-01,-1.994364095614802324e-01,0.000000000000000000e+00,1.910304042623689469e-02,-5.301780236887050418e-04,5.944075839826805652e-01
8.449999999999985079e+00,-3.244530446814811508e+00,-7.954852505635251703e+00,3.740659612178253157e-01,-1.901554024746087701e-01,0.000000000000000000e+00,1.882824387752268791e-02,-6.099990655007780449e-04,6.023430577142881992e-01
8.499999999999985789e+00,-3.226501612326917012e+00,-7.954597243177053301e+00,3.668192932740502732e-01,-1.811109937547867865e-01,0.000000000000000000e+00,1.863039676764977060e-02,-5.520737227988430605e-04,6.100636530569291116e-01
8.549999999999986500e+00,-3.208801151459176104e+00,-7.954348099457976495e+00,3.599647193539669554e-01,-1.723070906841623062e-01,0.000000000000000000e+00,1.856675610960589751e-02,-3.511692805632165649e-04,6.175775368560110223e-01
8.599999999999987210e+00,-3.191409961180240451e+00,-7.954104779653961899e+00,3.534972604135074303e-01,-1.637155083091675900e-01,0.000000000000000000e+00,1.853351256976409900e-02,-2.119412904578113358e-04,6.248904319111776573e-01
8.649999999999987921e+00,-3.174309544329303456e+00,-7.953866914904810237e+00,3.474067290037818889e-01,-1.553345322862358935e-01,0.000000000000000000e+00,1.859080526611656126e-02,-2.610486008542713381e-05,6.320033893322039020e-01
8.699999999999988631e+00,-3.157482444364433594e+00,-7.953634322146854174e+00,3.416779056366087142e-01,-1.471829192976810974e-01,0.000000000000000000e+00,1.860359652735432689e-02,9.576544860110721834e-06,6.389206362404551420e-01
8.749999999999989342e+00,-3.140911275794046720e+00,-7.953406566559102941e+00,3.363032094504122549e-01,-1.392451201829304208e-01,0.000000000000000000e+00,1.864056050192797187e-02,5.858892694018244984e-05,6.456494951223249457e-01
8.799999999999990052e+00,-3.124579010693768311e+00,-7.953183107367183702e+00,3.312750446558244688e-01,-1.315087553246951924e-01,0.000000000000000000e+00,1.869855701784928215e-02,1.101699079445823466e-04,6.521927433696150800e-01
8.849999999999990763e+00,-3.108469378564999719e+00,-7.952963286043756241e+00,3.265816857243025728e-01,-1.239804399858434741e-01,0.000000000000000000e+00,1.876013762079864478e-02,1.406024175191037426e-04,6.585532055068108459e-01
8.899999999999991473e+00,-3.092566422176033836e+00,-7.952746733386362621e+00,3.222145274071724352e-01,-1.166529852571950854e-01,0.000000000000000000e+00,1.881082372801845537e-02,1.417582537959381707e-04,6.647362427086666026e-01
8.949999999999992184e+00,-3.076854730141964200e+00,-7.952532885464068890e+00,3.181635435412751844e-01,-1.095263236693448383e-01,0.000000000000000000e+00,1.883778296964599974e-02,1.115922712866548275e-04,6.707453873051973936e-01
8.999999999999992895e+00,-3.061319048399190557e+00,-7.952320733461543334e+00,3.144225804722006190e-01,-1.025849112117739326e-01,0.000000000000000000e+00,1.898277820875549082e-02,2.493055550649013355e-04,6.765850745692921775e-01
9.049999999999993605e+00,-3.045944694996022939e+00,-7.952110737448890632e+00,3.109826060641024958e-01,-9.582782660181145273e-02,0.000000000000000000e+00,1.904561548300964802e-02,2.116728857283236274e-04,6.822574474265956646e-01
9.099999999999994316e+00,-3.030717917257837346e+00,-7.951901653348438792e+00,3.078296199364868868e-01,-8.927420579191142069e-02,0.000000000000000000e+00,1.896957168519008974e-02,1.274265837480353524e-05,6.877664213049581310e-01
9.149999999999995026e+00,-3.015624310044268341e+00,-7.951693387667080337e+00,3.049635614901962111e-01,-8.288359841869168132e-02,0.000000000000000000e+00,1.884111993834824972e-02,-1.552877566309273922e-04,6.931189626861269382e-01
9.199999999999995737e+00,-3.000650761289399782e+00,-7.951486209469452504e+00,3.023707517739842587e-01,-7.667811759980100450e-02,0.000000000000000000e+00,1.868693198347237683e-02,-2.731474086563186968e-04,6.983136751790950392e-01
9.249999999999996447e+00,-2.985784135053445532e+00,-7.951280510961710846e+00,3.000454961392013398e-01,-7.064351661897234902e-02,0.000000000000000000e+00,1.864525224625701583e-02,-1.862174673167978577e-04,7.033574015479886476e-01
9.299999999999997158e+00,-2.971011882777095714e+00,-7.951075708139690335e+00,2.979786604072180434e-01,-6.478215622311095379e-02,0.000000000000000000e+00,1.862418711612612299e-02,-1.161143008800715696e-04,7.082522228648671092e-01
9.349999999999997868e+00,-2.956321656663203790e+00,-7.950872157123259676e+00,2.961637756309192238e-01,-5.908526408368394017e-02,0.000000000000000000e+00,1.856653164839627834e-02,-1.289126263620276897e-04,7.130023295143059769e-01
9.399999999999998579e+00,-2.941701468523515661e+00,-7.950669225421675534e+00,2.945939776544408972e-01,-5.354740317286037221e-02,0.000000000000000000e+00,1.849332540897208332e-02,-1.557930522412423013e-04,7.176103451980018200e-01
9.449999999999999289e+00,-2.927139803446983990e+00,-7.950466360357134832e+00,2.932611252953648551e-01,-4.816933197459239563e-02,0.000000000000000000e+00,1.839122300967499513e-02,-2.071767922834335987e-04,7.220791649678017787e-01
9.500000000000000000e+00,-2.912625351319967137e+00,-7.950264342094463643e+00,2.921591323358279091e-01,-4.294343741782163937e-02,0.000000000000000000e+00,1.827986351435662016e-02,-2.452354452678747149e-04,7.264124905624994577e-01
9.550000000000000711e+00,-2.898147316273377960e+00,-7.950062789000807761e+00,2.912796281522157527e-01,-3.787276666870589142e-02,0.000000000000000000e+00,1.816390115992216892e-02,-2.705428467396247855e-04,7.306128210664348810e-01
9.600000000000001421e+00,-2.883695231926000524e+00,-7.949861255690052531e+00,2.906152650986640884e-01,-3.295566554917133545e-02,0.000000000000000000e+00,1.803880940786228848e-02,-2.953791612317421692e-04,7.346840676356323208e-01
9.650000000000002132e+00,-2.869258649415715734e+00,-7.949660641024545171e+00,2.901626093793743255e-01,-2.817515531649609703e-02,0.000000000000000000e+00,1.793910152709088379e-02,-2.748850242979016304e-04,7.386295641127850198e-01
9.700000000000002842e+00,-2.854827826885736108e+00,-7.949460550046440588e+00,2.899121503045978265e-01,-2.354196055230286036e-02,0.000000000000000000e+00,1.786937838579749638e-02,-2.256540847773329857e-04,7.424503131245520082e-01
9.750000000000003553e+00,-2.840393218597801361e+00,-7.949260414178816347e+00,2.898576427931153221e-01,-1.905159848777230464e-02,0.000000000000000000e+00,1.780536789645204010e-02,-1.937027514521005465e-04,7.461510102132807853e-01
9.800000000000004263e+00,-2.825945374219076101e+00,-7.949061088472701542e+00,2.899951043309926257e-01,-1.469143263870863886e-02,0.000000000000000000e+00,1.777233258053989573e-02,-1.373384608763872979e-04,7.497344226514812693e-01
9.850000000000004974e+00,-2.811475382909797371e+00,-7.948862006139099989e+00,2.903169324538165674e-01,-1.046583361967116238e-02,0.000000000000000000e+00,1.777875872665024559e-02,-5.756767085815093132e-05,7.532019799121552062e-01
9.900000000000005684e+00,-2.796974603436805484e+00,-7.948662552526677416e+00,2.908166498029606251e-01,-6.373797499160727131e-03,0.000000000000000000e+00,1.779768469922604623e-02,-1.335421315280914541e-06,7.565573208902607316e-01
9.950000000000006395e+00,-2.782434508450240873e+00,-7.948463314703555049e+00,2.914900543654642684e-01,-2.405419749314047229e-03,0.000000000000000000e+00,1.784096116205624583e-02,5.866621145671621553e-05,7.598034416210277531e-01
1.000000000000000711e+01,-2.767846953214930572e+00,-7.948264021464764184e+00,2.923312025370036205e-01,1.440256886706122591e-03,0.000000000000000000e+00,1.791752736654572686e-02,1.323670676421298412e-04,7.629419938796696554e-01
1.005000000000000782e+01,-2.753204096872807760e+00,-7.948063965120018892e+00,2.933340707199009745e-01,5.163678240954257953e-03,0.000000000000000000e+00,1.798638521215956132e-02,1.591375064657453236e-04,7.659757038220430525e-01
1.010000000000000853e+01,-2.738498298483083460e+00,-7.947863779281060026e+00,2.944933508486321516e-01,8.768063107688049002e-03,0.000000000000000000e+00,1.806613248263921889e-02,1.868693500332318808e-04,7.689073755968106605e-01
1.015000000000000924e+01,-2.723722167198750377e+00,-7.947662904501477499e+00,2.958044141405974936e-01,1.225870365401173293e-02,0.000000000000000000e+00,1.813651682668115939e-02,1.885196944221682620e-04,7.717394105528226911e-01
1.020000000000000995e+01,-2.708868614656724905e+00,-7.947460557909583834e+00,2.972617414978547812e-01,1.563627235223845335e-02,0.000000000000000000e+00,1.820418762611097918e-02,1.858064933407465669e-04,7.744738256289024347e-01
1.025000000000001066e+01,-2.693930722644493070e+00,-7.947257628340906876e+00,2.988605895570414783e-01,1.890441011853746106e-02,0.000000000000000000e+00,1.828969287716830650e-02,2.079318537322028915e-04,7.771131995142310789e-01
1.030000000000001137e+01,-2.678901876944933758e+00,-7.947053400240713827e+00,3.005959418344861245e-01,2.206493720460845492e-02,0.000000000000000000e+00,1.835561439713728760e-02,1.932868465427458205e-04,7.796596692734063527e-01
1.035000000000001208e+01,-2.663775649873822537e+00,-7.946847269054789997e+00,3.024633901542718162e-01,2.512174304282942597e-02,0.000000000000000000e+00,1.840675259350810222e-02,1.665410150189138776e-04,7.821155609952976651e-01
1.040000000000001279e+01,-2.648545932501627842e+00,-7.946639918216547471e+00,3.044567913595045971e-01,2.807099925519455225e-02,0.000000000000000000e+00,1.853990675749273009e-02,2.610865143694798439e-04,7.844828579611344832e-01
1.045000000000001350e+01,-2.633206631667040387e+00,-7.946431155292867921e+00,3.065744424644900601e-01,3.092740382409737282e-02,0.000000000000000000e+00,1.866712903015432801e-02,3.005598554535154725e-04,7.867646152077369948e-01
1.050000000000001421e+01,-2.617751979351101710e+00,-7.946220007096883364e+00,3.088113541242184512e-01,3.368956969819134062e-02,0.000000000000000000e+00,1.874086436864885741e-02,2.499137711891655234e-04,7.889612324986261527e-01
1.055000000000001492e+01,-2.602176198968194409e+00,-7.946007065104349287e+00,3.111646085047105048e-01,3.636467328052115505e-02,0.000000000000000000e+00,1.879357395095393457e-02,1.965927000358910076e-04,7.910751063529257721e-01
1.060000000000001563e+01,-2.586474191083665275e+00,-7.945792696878586803e+00,3.136259072069366716e-01,3.893693343332145507e-02,0.000000000000000000e+00,1.881522131607304971e-02,1.288568658902117465e-04,7.931074051800097724e-01
1.065000000000001634e+01,-2.570641182134697722e+00,-7.945576386750514253e+00,3.161889738878091993e-01,4.140181347014713215e-02,0.000000000000000000e+00,1.883236464377091579e-02,8.915708868343058102e-05,7.950625671905224845e-01
1.070000000000001705e+01,-2.554672060882535067e+00,-7.945358309799871677e+00,3.188543462986276333e-01,4.378294041939129189e-02,0.000000000000000000e+00,1.884116253755774295e-02,5.825051019756111224e-05,7.969438489634290690e-01
1.075000000000001776e+01,-2.538562262787965818e+00,-7.945138631968307941e+00,3.216157994066330406e-01,4.607216476753450696e-02,0.000000000000000000e+00,1.877996440105267340e-02,-4.929177227651360544e-05,7.987504162172570643e-01
1.080000000000001847e+01,-2.522306448098787790e+00,-7.944916834500244995e+00,3.244786860314308186e-01,4.830927831321855936e-02,0.000000000000000000e+00,1.848081642374310718e-02,-4.174401928488470138e-04,8.004855233869844211e-01
1.085000000000001918e+01,-2.505901388423991349e+00,-7.944692993354669497e+00,3.274219708570398346e-01,5.042056195301074933e-02,0.000000000000000000e+00,1.813796262830802419e-02,-6.591440456043951143e-04,8.021454517463881828e-01
1.090000000000001990e+01,-2.488690806361109509e+00,-7.944634088924511062e+00,3.375339444230636698e-01,8.078434382650337420e-02,0.000000000000000000e+00,4.719065648767362120e-02,3.502230582651425644e-02,8.037424202126165484e-01
1.095000000000002061e+01,-2.472611155129693206e+00,-7.944643601310072079e+00,3.297566139578615996e-01,3.351815320039486235e-02,0.000000000000000000e+00,5.958502025729472962e-02,3.656496776803757481e-02,8.009876973952787527e-01
1.100000000000002132e+01,-2.455244612452528674e+00,-7.944076023613090065e+00,3.406566282577964122e-01,7.041457976005452424e-02,0.000000000000000000e+00,2.460404601806054359e-02,-2.851785596772817358e-02,8.090052166804330147e-01
1.105000000000002203e+01,-2.438444205083910354e+00,-7.943666317018083234e+00,3.392961623257826353e-01,5.088980007998859106e-02,0.000000000000000000e+00,2.178368503997063499e-02,-1.745856665779669040e-02,8.057620517494734624e-01
1.110000000000002274e+01,-2.421125918654468911e+00,-7.943537007000718297e+00,3.441477902772038244e-01,6.011835186967535993e-02,0.000000000000000000e+00,2.953255708017898939e-02,1.097108456630319778e-03,8.098818375220786514e-01
1.115000000000002345e+01,-2.403348680614721289e+00,-7.942976465581409684e+00,3.515330848873270408e-01,7.763585993623273174e-02,0.000000000000000000e+00,5.170194064780808674e-03,-3.015879860019653191e-02,8.102501650124245280e-01
1.120000000000002416e+01,-2.386232653070890386e+00,-7.942457052156522757e+00,3.480209192875408641e-01,4.806002554984168534e-02,0.000000000000000000e+00,6.271291748129558918e+00,-3.792378903392566031e-02,8.090613744277674879e-01
1.125000000000002487e+01,-2.367873778016508446e+00,-7.942657322747868065e+00,3.597198873058478630e-01,8.524389251310068860e-02,0.000000000000000000e+00,1.835192171171051712e-02,2.028268258397092696e-02,8.144285465424806469e-01
1.130000000000002558e+01,-2.350013932158148577e+00,-7.942462859393254249e+00,3.596161462965484779e-01,6.778014997328300761e-02,0.000000000000000000e+00,2.789513253365605294e-02,2.244501023156298888e-02,8.106106308760119283e-01
1.135000000000002629e+01,-2.331721579966424152e+00,-7.942008526620628395e+00,3.641390088790925628e-01,7.231557030880249315e-02,0.000000000000000000e+00,1.728768904654920391e-02,-2.325810627510881134e-03,8.138747943000822493e-01
1.140000000000002700e+01,-2.312935498635073195e+00,-7.941734106310808450e+00,3.716016271210944577e-01,8.770292921504915795e-02,0.000000000000000000e+00,1.971494790628458560e-02,1.748487790383033286e-03,8.143403996910951737e-01
1.145000000000002771e+01,-2.294800991927072875e+00,-7.941383638566849257e+00,3.682340996206482364e-01,5.669223337025464104e-02,0.000000000000000000e+00,1.430931951953251513e-02,-5.818376909974568023e-03,8.130048440148947009e-01
1.150000000000002842e+01,-2.275328066928724802e+00,-7.941457418703943283e+00,3.812333810784440669e-01,9.735091252738628520e-02,0.000000000000000000e+00,3.478400765328082400e-02,2.243114919500057911e-02,8.181841803148898196e-01
1.155000000000002913e+01,-2.256558467362546949e+00,-7.940762178247936731e+00,3.794403225752247533e-01,7.070849600903188203e-02,0.000000000000000000e+00,1.099665255787485307e-02,-1.838847844419528449e-02,8.134784757502988572e-01
1.160000000000002984e+01,-2.237351864561015091e+00,-7.939416037034756179e+00,3.837965394530709617e-01,7.399166431861009530e-02,0.000000000000000000e+00,6.236659071285192368e+00,-8.365107783832533006e-02,8.176571058358937938e-01
1.165000000000003055e+01,-2.217689977765264331e+00,-7.939887259712906875e+00,3.900031046591320716e-01,8.401959227913216588e-02,0.000000000000000000e+00,6.273058678182683146e+00,6.049014453862841534e-03,8.181244008756517472e-01
1.170000000000003126e+01,-2.198199004882095853e+00,-7.939973237059223088e+00,3.912278805305569040e-01,7.211477730900499317e-02,0.000000000000000000e+00,1.171215214621845746e-02,3.052337490352761973e-02,8.174504553108722371e-01
1.175000000000003197e+01,-2.178644002055251327e+00,-7.939197455074356924e+00,3.924678092176532296e-01,6.265153659558922450e-02,0.000000000000000000e+00,6.270395578027261330e+00,-1.667362285647357167e-02,8.197594519262665358e-01
1.180000000000003268e+01,-2.158344469152475131e+00,-7.939637127169869579e+00,4.009958471713672146e-01,8.423338109132684492e-02,0.000000000000000000e+00,2.240906041074453015e-02,3.703971991177108097e-02,8.220531571528576498e-01
1.185000000000003340e+01,-2.138223539057644285e+00,-7.939442621091525432e+00,4.028448565051923613e-01,7.478274220836195196e-02,0.000000000000000000e+00,3.031074402196054507e-02,2.836933746168839032e-02,8.199313635854267313e-01
1.190000000000003411e+01,-2.118539671736715757e+00,-7.938433304469024954e+00,3.997273112803277906e-01,4.735601286723145620e-02,0.000000000000000000e+00,6.275886878563854410e+00,-3.448400171858708591e-02,8.218077351828303456e-01
1.195000000000003482e+01,-2.097556197374614406e+00,-7.938762720808597351e+00,4.120093382687156636e-01,8.701291824733596580e-02,0.000000000000000000e+00,2.202544786299043267e-02,2.109487342196048401e-02,8.266796232003922329e-01
1.200000000000003553e+01,-2.076864927570258867e+00,-7.938413728342747611e+00,4.140583025891582114e-01,7.780619187963885852e-02,0.000000000000000000e+00,2.181428982905408986e-02,1.025298181238612147e-02,8.222503687948276019e-01
1.205000000000003624e+01,-2.056607709107855175e+00,-7.937368981058506634e+00,4.110770046746393680e-01,5.031976184563588528e-02,0.000000000000000000e+00,6.266207849935447882e+00,-4.585048092034756106e-02,8.239506997412990863e-01
1.210000000000003695e+01,-2.035196705125357663e+00,-7.937873120067562738e+00,4.218326308547740711e-01,8.327831419704691263e-02,0.000000000000000000e+00,2.162325674537513009e-02,2.792363809065687846e-02,8.286840919071221112e-01
1.215000000000003766e+01,-2.013777594689198924e+00,-7.937464246051905370e+00,4.265723481599685840e-01,8.558152057841532379e-02,0.000000000000000000e+00,1.927552809474519790e-02,1.084833419205243760e-02,8.251215578951938134e-01
1.220000000000003837e+01,-1.993037798007949890e+00,-7.936501067633521700e+00,4.220356151298796377e-01,5.031828434237673592e-02,0.000000000000000000e+00,6.268008551730285483e+00,-4.013976958010970209e-02,8.251448673294365932e-01
1.225000000000003908e+01,-1.970982878765507262e+00,-7.937025117902369864e+00,4.338958754547013186e-01,8.769566877318744902e-02,0.000000000000000000e+00,2.456224947090568378e-02,3.230139601663931104e-02,8.307567275866402090e-01
1.230000000000003979e+01,-1.949012363820263660e+00,-7.936579246301751489e+00,4.380590347061417700e-01,8.680917202431152890e-02,0.000000000000000000e+00,2.099066345884459395e-02,1.145474686174010812e-02,8.264710953950756833e-01
1.235000000000004050e+01,-1.927706087853140016e+00,-7.935566487924043955e+00,4.335208447937167198e-01,5.129457796974928180e-02,0.000000000000000000e+00,6.267358420229665938e+00,-4.288986375248232674e-02,8.267829055249243941e-01
1.240000000000004121e+01,-1.905045965960525223e+00,-7.936061491784879074e+00,4.457404879802338016e-01,8.991423512186705325e-02,0.000000000000000000e+00,2.203617670570956477e-02,2.860020442931839740e-02,8.323382143099993247e-01
1.245000000000004192e+01,-1.882499914453569900e+00,-7.935601802597505916e+00,4.497366691135838979e-01,8.791611263089381401e-02,0.000000000000000000e+00,1.793940682273742482e-02,9.022775359020508007e-03,8.277777281437719292e-01
1.250000000000004263e+01,-1.860616511682273044e+00,-7.934586794970345025e+00,4.451989773344148249e-01,5.218212298803901611e-02,0.000000000000000000e+00,6.265074847916202394e+00,-4.340858790460277311e-02,8.281313366304097201e-01
1.255000000000004334e+01,-1.837351493173171146e+00,-7.935068461712850407e+00,4.576845406235419134e-01,9.168795154693885896e-02,0.000000000000000000e+00,1.960018697569232415e-02,2.836060413546618100e-02,8.336279562231001528e-01
1.260000000000004405e+01,-1.814188523693153199e+00,-7.934614000724475424e+00,4.619027099369305001e-01,9.022303849110520357e-02,0.000000000000000000e+00,1.635501240862247130e-02,1.001633387248249650e-02,8.288481969394284610e-01
1.265000000000004476e+01,-1.791436570268383432e+00,-7.933752477240615164e+00,4.598004731654282695e-01,6.376948370687536560e-02,0.000000000000000000e+00,6.274179462285711217e+00,-2.791122494898403902e-02,8.290077821355725796e-01
1.270000000000004547e+01,-1.767994839594732470e+00,-7.934092883347332759e+00,4.661624734321281327e-01,7.646358803229938439e-02,0.000000000000000000e+00,1.976938777541015213e-02,2.345683848261865406e-02,8.329701216732944280e-01
1.275000000000004619e+01,-1.744084826595116100e+00,-7.933380309712980250e+00,4.742416641817779888e-01,9.348763342443847102e-02,0.000000000000000000e+00,4.274005645804379583e-03,-7.881070973413683428e-03,8.318221095900435458e-01
1.280000000000004690e+01,-1.720532920621301809e+00,-7.932599777727466162e+00,4.738888540124010507e-01,7.337886606204303830e-02,0.000000000000000000e+00,6.273069160543762735e+00,-2.266473911735007035e-02,8.296033872423743682e-01
1.285000000000004761e+01,-1.696696592748640597e+00,-7.932835215000421769e+00,4.768532076871520031e-01,7.056050754863807395e-02,0.000000000000000000e+00,2.287818938758334752e-02,3.106214823131977013e-02,8.324456290581787599e-01
1.290000000000004832e+01,-1.672089340881551367e+00,-7.932038954691893018e+00,4.868599353059475665e-01,9.647531651409216313e-02,0.000000000000000000e+00,5.371007866521892993e-03,-6.659846580850848838e-03,8.332827509406417477e-01
1.295000000000004903e+01,-1.647929959649203413e+00,-7.931261530291472184e+00,4.862599128945339633e-01,7.478016356561935363e-02,0.000000000000000000e+00,6.266658621810049290e+00,-3.167687052943833625e-02,8.298444150223249771e-01
1.300000000000004974e+01,-1.623544290642595866e+00,-7.931605404994471087e+00,4.886013509115608722e-01,6.918988292060299083e-02,0.000000000000000000e+00,1.766230249046429890e-02,2.798428235067859648e-02,8.327731288884402394e-01
1.305000000000005045e+01,-1.598249003266012380e+00,-7.930772446191241443e+00,4.997328747757417977e-01,9.987800179320546756e-02,0.000000000000000000e+00,1.400251603410396228e-03,-6.329469747419373682e-03,8.339252593849668660e-01
1.310000000000005116e+01,-1.573386753843748487e+00,-7.930180182244066955e+00,4.996601935838721475e-01,7.961167666708578172e-02,0.000000000000000000e+00,6.273849156564311969e+00,-1.708517908729774437e-02,8.297476809169346268e-01
1.315000000000005187e+01,-1.548578665042958047e+00,-7.930512999018534792e+00,4.994985471031329061e-01,6.304275541071167888e-02,0.000000000000000000e+00,2.525312646347899204e-02,3.580785298593808924e-02,8.322929886629725216e-01
1.320000000000005258e+01,-1.522622757336716370e+00,-7.929551806477940445e+00,5.120089005546371030e-01,1.004756181345854288e-01,0.000000000000000000e+00,6.279159034677851636e+00,-1.938140383586953522e-02,8.348924838132981696e-01
1.325000000000005329e+01,-1.496998799387678991e+00,-7.929135339512680680e+00,5.134638855449017436e-01,8.620043446872682757e-02,0.000000000000000000e+00,6.276397704442224779e+00,-1.322005044155496849e-02,8.298262273985909099e-01
1.330000000000005400e+01,-1.471744581950200192e+00,-7.929473391264204807e+00,5.108399777017450516e-01,5.846471620235484806e-02,0.000000000000000000e+00,3.059653677385298920e-02,4.151683217412481530e-02,8.313859169905476465e-01
1.335000000000005471e+01,-1.445130792773043016e+00,-7.928441823632168095e+00,5.244514984876520458e-01,1.012178561055110809e-01,0.000000000000000000e+00,6.277726868472821131e+00,-2.582199156965097470e-02,8.354060617823754198e-01
1.340000000000005542e+01,-1.418742834194498537e+00,-7.928222654423761284e+00,5.274100443375994152e-01,9.280846828419818395e-02,0.000000000000000000e+00,6.281601011052506678e+00,-7.827536124468990192e-03,8.296168919260871188e-01
1.345000000000005613e+01,-1.393013274782555211e+00,-7.928581619161990446e+00,5.225782980078562678e-01,5.491978930838624373e-02,0.000000000000000000e+00,3.472065450391337293e-02,4.343885539827228859e-02,8.302047142110395850e-01
1.350000000000005684e+01,-1.365777743524175136e+00,-7.927402011103731994e+00,5.366537924595899955e-01,1.002378092536431176e-01,0.000000000000000000e+00,6.279574123830922616e+00,-2.849974837069610412e-02,8.354908704906585104e-01
1.355000000000005755e+01,-1.338677134074540032e+00,-7.927122630666620928e+00,5.408755772157765040e-01,9.707738642766029769e-02,0.000000000000000000e+00,1.602862958231199286e-03,-7.426501188480619416e-03,8.293623049263718627e-01
1.360000000000005826e+01,-1.312232817189118217e+00,-7.927354025079097255e+00,5.363262062511116035e-01,5.946442528346889550e-02,0.000000000000000000e+00,3.521105003459190641e-02,4.020388475576235077e-02,8.291248562007740297e-01
1.365000000000005898e+01,-1.284453442272093238e+00,-7.926053359328840031e+00,5.488049437080151360e-01,9.748649005438854431e-02,0.000000000000000000e+00,6.277744243518821321e+00,-3.300751267781825565e-02,8.341728477329197755e-01
1.370000000000005969e+01,-1.256714925893452683e+00,-7.925807509630104164e+00,5.533200279106870179e-01,9.604952885419812403e-02,0.000000000000000000e+00,6.282174360074765929e+00,-1.043116847164543906e-02,8.289415805766040535e-01
1.375000000000006040e+01,-1.229768019683328273e+00,-7.925997276400070568e+00,5.477298838788799973e-01,5.447904695613074721e-02,0.000000000000000000e+00,2.959346868336432124e-02,3.449659752899310317e-02,8.284659299247303377e-01
1.380000000000006111e+01,-1.201228264915879196e+00,-7.924737650913639797e+00,5.624093505417299133e-01,1.023011042163034234e-01,0.000000000000000000e+00,6.271446042276064503e+00,-3.648624095394866623e-02,8.340813669126687646e-01
1.385000000000006182e+01,-1.172901519617381316e+00,-7.924583355296805465e+00,5.658503514331520989e-01,9.560488693873128718e-02,0.000000000000000000e+00,8.544496137563584170e-04,-1.927686080110419670e-03,8.274616401882963768e-01
1.390000000000006253e+01,-1.144830707129487868e+00,-7.924548857029444449e+00,5.650377877440807550e-01,7.323365479469970407e-02,0.000000000000000000e+00,2.202439739505912542e-02,2.575711681605793307e-02,8.275677879004696980e-01
1.395000000000006324e+01,-1.116460565571679719e+00,-7.923432761199642016e+00,5.681434053893055225e-01,7.100939441665865548e-02,0.000000000000000000e+00,6.272145213026455224e+00,-2.994020342893647171e-02,8.302301371742536462e-01
1.400000000000006395e+01,-1.087306279465483527e+00,-7.923548636217939034e+00,5.778408173777098700e-01,9.559716348694377586e-02,0.000000000000000000e+00,9.609330422026829410e-03,1.208057149955706587e-02,8.305260495636006546e-01
1.405000000000006466e+01,-1.058771784597535959e+00,-7.923554631438699758e+00,5.755483402105954216e-01,6.730782212109735763e-02,0.000000000000000000e+00,3.067943036743692176e-02,3.294432623527639159e-02,8.268183982920034314e-01
1.410000000000006537e+01,-1.029868002122021675e+00,-7.922445674176662678e+00,5.788185913421197704e-01,6.692726222297509797e-02,0.000000000000000000e+00,6.280570539080953196e+00,-2.668740073008841335e-02,8.303161428895302620e-01
1.415000000000006608e+01,-1.000168852555100019e+00,-7.922397183848301161e+00,5.886707898635679115e-01,9.295060386417208775e-02,0.000000000000000000e+00,1.721643923479110327e-02,1.237250129101075818e-02,8.304598992562685078e-01
1.420000000000006679e+01,-9.710545735462676742e-01,-7.922185620095781644e+00,5.867366248827994291e-01,6.662382316826385986e-02,0.000000000000000000e+00,3.197156580393922809e-02,2.522877655454639628e-02,8.266052261995900929e-01
1.425000000000006750e+01,-9.415893188175289419e-01,-7.920905127120812850e+00,5.900440329314167176e-01,6.652869072908004777e-02,0.000000000000000000e+00,6.276536184061805912e+00,-3.732211367695165150e-02,8.298320420627198768e-01
1.430000000000006821e+01,-9.114407480130573003e-01,-7.920805300728224196e+00,5.986576000591927738e-01,8.767722109436777711e-02,0.000000000000000000e+00,3.623083633444323937e-03,-4.776105343482727611e-03,8.298973770704193287e-01
1.435000000000006892e+01,-8.820666012948619183e-01,-7.920827767602624192e+00,5.945064891168885257e-01,5.353733310627746544e-02,0.000000000000000000e+00,2.010565574464706629e-02,1.862013403061279354e-02,8.267359487966037257e-01
1.440000000000006963e+01,-8.516328017162532182e-01,-7.919677221870287553e+00,6.041297788591538653e-01,8.132302545408279237e-02,0.000000000000000000e+00,6.269261406359917466e+00,-3.450161152691240407e-02,8.312540829150203425e-01
1.445000000000007034e+01,-8.210477411632247646e-01,-7.919681232008007221e+00,6.096408390338279304e-01,8.710266106196218328e-02,0.000000000000000000e+00,4.026993749466356576e-03,6.053577483606048526e-03,8.274594601782504499e-01
1.450000000000007105e+01,-7.911118577178692934e-01,-7.919896054067573132e+00,6.055757244664804473e-01,5.342167058018004039e-02,0.000000000000000000e+00,2.961075248707434326e-02,3.604683312082466312e-02,8.261046198794924633e-01
1.455000000000007176e+01,-7.602523024766318915e-01,-7.918842164102533054e+00,6.137657332751563777e-01,7.549737169884729315e-02,0.000000000000000000e+00,6.279781755866917337e+00,-2.487693321341996264e-02,8.305158099966982732e-01
1.460000000000007248e+01,-7.291310628293047325e-01,-7.918793970063354948e+00,6.199609573958499986e-01,8.517879384185196578e-02,0.000000000000000000e+00,1.276361070127052244e-02,8.291738277638552659e-03,8.275329760467370344e-01
1.465000000000007319e+01,-6.986232670635244002e-01,-7.918863703657416764e+00,6.164877307368481496e-01,5.425012843747437086e-02,0.000000000000000000e+00,3.587251397133961461e-02,3.450383343411697612e-02,8.257160367882588892e-01
1.470000000000007390e+01,-6.672287408904560291e-01,-7.917617973165784306e+00,6.246715588618262371e-01,7.613541524989138332e-02,0.000000000000000000e+00,6.282702108588727796e+00,-3.008604364319081986e-02,8.297175341294896755e-01
1.475000000000007461e+01,-6.355533779395972083e-01,-7.917343808700707086e+00,6.310281078841927238e-01,8.633452828937869528e-02,0.000000000000000000e+00,1.522319480414857651e-02,5.074023118565279544e-03,8.266838794612401120e-01
1.480000000000007532e+01,-6.045168038123691634e-01,-7.917215996369625586e+00,6.273034706100393265e-01,5.416907353488957522e-02,0.000000000000000000e+00,3.524596945827873640e-02,2.886253683308801637e-02,8.247148095090059972e-01
1.485000000000007603e+01,-5.725711905038708416e-01,-7.915813224946722571e+00,6.356567664927287309e-01,7.674844235866880304e-02,0.000000000000000000e+00,6.277645508283837827e+00,-3.846361275183107775e-02,8.288130745201112148e-01
1.490000000000007674e+01,-5.404113602191573662e-01,-7.915482155908544648e+00,6.412895154139636178e-01,8.392974957187426810e-02,0.000000000000000000e+00,7.290591462830953162e-03,-2.502194465160915982e-03,8.256228131587245445e-01
1.495000000000007745e+01,-5.088126432516684172e-01,-7.915367485189037211e+00,6.381013774698518493e-01,5.439124788105252628e-02,0.000000000000000000e+00,3.004892785623880513e-02,2.797483259908442946e-02,8.240367162292651093e-01
1.500000000000007816e+01,-4.763976382916867425e-01,-7.914015059608042968e+00,6.456814105343667842e-01,7.383313056290133347e-02,0.000000000000000000e+00,6.277555660892156553e+00,-3.213767828449526354e-02,8.277590921081938724e-01
1.505000000000007887e+01,-4.435852445745968597e-01,-7.913757078209177287e+00,6.530379725436272764e-01,8.849275248736263033e-02,0.000000000000000000e+00,7.725840552607721179e-03,1.472679519466012915e-03,8.249826652172260744e-01
1.510000000000007958e+01,-4.115200801628861593e-01,-7.913719918752860849e+00,6.485237129795137223e-01,5.273716373343613484e-02,0.000000000000000000e+00,2.967194856540533721e-02,2.883759129597532334e-02,8.223035381492489471e-01
1.515000000000008029e+01,-3.786200075482518135e-01,-7.912401395389480285e+00,6.557432246841379264e-01,7.106777780524531352e-02,0.000000000000000000e+00,6.278372442113873575e+00,-3.025495950676855561e-02,8.267694753226476623e-01
1.520000000000008100e+01,-3.452733001600638008e-01,-7.912279794655583842e+00,6.634154109426340096e-01,8.754296727818014490e-02,0.000000000000000000e+00,1.859222959589335034e-02,1.491264180732452746e-02,8.241590521767134803e-01
1.525000000000008171e+01,-3.125443362446495010e-01,-7.912018917817955632e+00,6.604689997093620146e-01,5.824872888945629990e-02,0.000000000000000000e+00,3.675778604230917068e-02,3.097988104793993058e-02,8.212386633671087122e-01
1.530000000000008242e+01,-2.792888226556667908e-01,-7.910614505066954294e+00,6.651426092844077154e-01,6.529342141174758474e-02,0.000000000000000000e+00,6.280908315620969518e+00,-3.501030498915402855e-02,8.247041651084534575e-01
1.535000000000008313e+01,-2.453198250083141740e-01,-7.910374443739269346e+00,6.745732722348974919e-01,8.995738893135664382e-02,0.000000000000000000e+00,1.895048926484932394e-02,9.917370540475138607e-03,8.235742863171140460e-01
1.540000000000008384e+01,-2.119945751646247767e-01,-7.909998151395124744e+00,6.719730326750006366e-01,6.156495290549803684e-02,0.000000000000000000e+00,3.392156588611872081e-02,2.417353060168341353e-02,8.195430221858138742e-01
1.545000000000008455e+01,-1.783016071871901254e-01,-7.908498801193073469e+00,6.752358779834926050e-01,6.230334355836612131e-02,0.000000000000000000e+00,6.275884191815895186e+00,-4.123140035467553338e-02,8.227433007583366820e-01
1.550000000000008527e+01,-1.438080094714718205e-01,-7.908176638152538018e+00,6.849772680660537461e-01,8.880823517693690883e-02,0.000000000000000000e+00,1.211393449639519559e-02,5.013081727847385621e-03,8.224094141833739879e-01
1.555000000000008598e+01,-1.101797897238819823e-01,-7.907937252070697198e+00,6.802492238218310616e-01,5.213441116465905578e-02,0.000000000000000000e+00,3.334504324958764698e-02,2.991411179058375142e-02,8.181396937936223912e-01
1.560000000000008669e+01,-7.549294899006073201e-02,-7.906433520361083822e+00,6.898035107041600167e-01,7.992467646104252366e-02,0.000000000000000000e+00,6.274694819959743874e+00,-3.898739106110883645e-02,8.225752742209964108e-01
1.565000000000008740e+01,-4.062242192915089395e-02,-7.906126187704860975e+00,6.955117011309435160e-01,8.677250287596770251e-02,0.000000000000000000e+00,6.282116455615792461e+00,-9.308638616423205170e-03,8.183936845381711844e-01
1.570000000000008811e+01,-6.744456347610568170e-03,-7.906245365413657744e+00,6.881184859476554561e-01,3.984514156762233861e-02,0.000000000000000000e+00,3.101240933233828656e-02,3.654010719226612192e-02,8.164912117764872024e-01
1.575000000000008882e+01,2.876474178323857808e-02,-7.904885840629484406e+00,7.024121309891218079e-01,8.905069341996246779e-02,0.000000000000000000e+00,6.266917485424395196e+00,-4.266240945784823685e-02,8.224865484566671325e-01
1.580000000000008953e+01,6.396723303212353828e-02,-7.904551368942636991e+00,7.047440187371777354e-01,8.056810572819354810e-02,0.000000000000000000e+00,6.275537650261287403e+00,-1.003294322963813046e-02,8.153983007769347591e-01
1.585000000000009024e+01,9.850684967549327986e-02,-7.904789794059331243e+00,6.993735897641690791e-01,4.297276869052052417e-02,0.000000000000000000e+00,3.307548089974154948e-02,4.728599895810535469e-02,8.154754480344260648e-01
1.590000000000009095e+01,1.344190899035229703e-01,-7.903441698042764862e+00,7.118345991591780164e-01,8.422225253245146925e-02,0.000000000000000000e+00,6.276173809760633659e+00,-2.825151908908388187e-02,8.202008374693839921e-01
1.595000000000009166e+01,1.702219616590376627e-01,-7.903171247959941859e+00,7.156129974832462493e-01,8.249139532223390137e-02,0.000000000000000000e+00,8.514347552361911653e-03,5.724259049580932013e-03,8.141650588366362573e-01
1.600000000000009237e+01,2.053421125889628995e-01,-7.903165880074888960e+00,7.105928935950964753e-01,4.591270070518831820e-02,0.000000000000000000e+00,3.242346121978911810e-02,3.367619858200898708e-02,8.133199548547906943e-01
1.605000000000009308e+01,2.414509737961423319e-01,-7.901847061987538723e+00,7.190740810383768888e-01,7.065491033727183678e-02,0.000000000000000000e+00,6.278640598741253243e+00,-3.102807973195518404e-02,8.177790527196893144e-01
1.610000000000009379e+01,2.778699322316363629e-01,-7.901651787557331552e+00,7.258040678888224573e-01,8.344387567159936014e-02,0.000000000000000000e+00,6.549558603041738536e-03,-9.713829261764755918e-04,8.140949698485542285e-01
1.615000000000009450e+01,3.132951821519780466e-01,-7.901805248774647517e+00,7.187363180692023512e-01,3.848410125879947463e-02,0.000000000000000000e+00,3.614490610851461838e-02,3.845774425926428569e-02,8.114279573988573135e-01
1.620000000000009521e+01,3.502558632993260090e-01,-7.900469014624919240e+00,7.321653327007873191e-01,8.450333953337868520e-02,0.000000000000000000e+00,6.273816294262417159e+00,-4.010314712967220918e-02,8.170749257002679622e-01
1.625000000000009592e+01,3.870593388876348295e-01,-7.900162707431499953e+00,7.358323976477849637e-01,8.227093141469332682e-02,0.000000000000000000e+00,6.276853876208943639e+00,-1.570543625266549587e-02,8.103566902578391851e-01
1.630000000000009663e+01,4.230552526921979029e-01,-7.900485007201491605e+00,7.294160011409842603e-01,4.015115910455220594e-02,0.000000000000000000e+00,2.725579843000502933e-02,3.520647787461317346e-02,8.094772893014066106e-01
1.635000000000009734e+01,4.605400854729586047e-01,-7.899438201475487809e+00,7.426299366924329348e-01,8.497666948943571885e-02,0.000000000000000000e+00,6.270362227170702241e+00,-3.386096179183670923e-02,8.146800471997729387e-01
1.640000000000009805e+01,4.976310798779074451e-01,-7.899161155469554885e+00,7.437377769189992271e-01,7.241269649781367779e-02,0.000000000000000000e+00,6.270947714910397153e+00,-1.613948836804987574e-02,8.080385361854584003e-01
1.645000000000009877e+01,5.342367436567704297e-01,-7.899674811459537871e+00,7.396135974262233459e-01,4.143343922714765037e-02,0.000000000000000000e+00,2.895572780700117477e-02,4.484029515476700700e-02,8.086551431649245947e-01
1.650000000000009948e+01,5.720786898113813246e-01,-7.898755961331218600e+00,7.510827608624950358e-01,7.902340512680423867e-02,0.000000000000000000e+00,8.833582736968992322e-04,-1.414857397352099755e-02,8.124315828734548495e-01
1.655000000000010019e+01,6.096169675565442647e-01,-7.898380093871026020e+00,7.525945666155945402e-01,6.926594711384133352e-02,0.000000000000000000e+00,6.498189117920105673e-03,-1.464791403617878712e-05,8.067946710073894412e-01
1.660000000000010090e+01,6.467779750978307485e-01,-7.898613163242851343e+00,7.496301566111041037e-01,4.355511767311148752e-02,0.000000000000000000e+00,4.050769725137648436e-02,4.468735543855115178e-02,8.071246147224527823e-01
1.665000000000010161e+01,6.850889129667214750e-01,-7.897435852421381242e+00,7.608222089146715605e-01,7.961230335275837344e-02,0.000000000000000000e+00,6.282454899721884090e+00,-3.141721196231229973e-02,8.101551099420896129e-01
1.670000000000010232e+01,7.231804827951362480e-01,-7.896949927110169298e+00,7.631436354880147821e-01,7.297554897557945175e-02,0.000000000000000000e+00,6.273070564304406460e+00,-2.738002713854399001e-02,8.046357675153823497e-01
1.675000000000010303e+01,7.608124977710457593e-01,-7.897323420790992365e+00,7.595506402955051195e-01,4.400845841042512474e-02,0.000000000000000000e+00,2.122336514730704948e-02,2.630437672593663109e-02,8.044271933939373120e-01
1.680000000000010374e+01,7.996903144429966526e-01,-7.896496370196372183e+00,7.714654993361407254e-01,8.286620289088185431e-02,0.000000000000000000e+00,6.279738550714753842e+00,-1.846272225211030571e-02,8.077852373079641435e-01
1.685000000000010445e+01,8.381024255984288462e-01,-7.896102719404929360e+00,7.714856055784313771e-01,6.637338728186809034e-02,0.000000000000000000e+00,6.269943772366469048e+00,-2.179222499569708274e-02,8.017789943869068070e-01
1.690000000000010516e+01,8.763892000935349369e-01,-7.896644629879598476e+00,7.704612387885380054e-01,4.900124266592104094e-02,0.000000000000000000e+00,2.467670776725316983e-02,3.780119933698480872e-02,8.029095026136402469e-01
1.695000000000010587e+01,9.157126169279715677e-01,-7.895947510402914205e+00,7.812278126937834966e-01,8.226728975371819241e-02,0.000000000000000000e+00,5.229806317862184528e-03,-6.373936605482390105e-03,8.046718164936332851e-01
1.700000000000010658e+01,9.543014417003033989e-01,-7.895291348586137126e+00,7.779003095712687665e-01,5.250381931291581844e-02,0.000000000000000000e+00,6.271383471598963588e+00,-2.513067257235571117e-02,7.993057330870197985e-01
1.705000000000010729e+01,9.932367295507187333e-01,-7.895662646882177782e+00,7.803907095769671010e-01,5.196465547312585642e-02,0.000000000000000000e+00,2.146448491719432639e-02,3.034579451676918532e-02,8.024127334126716082e-01
1.710000000000010800e+01,1.032951462849142299e+00,-7.894882559419192702e+00,7.899560422314333419e-01,7.983305499636511593e-02,0.000000000000000000e+00,6.278974346491505543e+00,-1.742804398503582444e-02,8.020165398613683383e-01
1.715000000000010871e+01,1.072107852612643741e+00,-7.894399910379227947e+00,7.879939254908177038e-01,5.601797703462965683e-02,0.000000000000000000e+00,6.265146768865557547e+00,-2.643569753775062980e-02,7.973275600575331357e-01
1.720000000000010942e+01,1.111171141810775476e+00,-7.894945439977280266e+00,7.866073874110762754e-01,3.926822930873809236e-02,0.000000000000000000e+00,1.667066798393701532e-02,3.116939530339032927e-02,7.995648604744481913e-01
1.725000000000011013e+01,1.151366752991298315e+00,-7.894425485863631131e+00,7.981106930441110858e-01,7.742780597912907181e-02,0.000000000000000000e+00,6.275973057141104761e+00,-1.493817280849241147e-02,8.014637463852374299e-01
1.730000000000011084e+01,1.190888138505647564e+00,-7.894068632958834542e+00,7.957017825122825183e-01,5.230660265598913172e-02,0.000000000000000000e+00,6.260717360315448232e+00,-2.739618998684677925e-02,7.955712095401975548e-01
1.735000000000011156e+01,1.230674373758470663e+00,-7.894883783154386769e+00,7.978591380895627694e-01,5.047470443391219308e-02,0.000000000000000000e+00,2.173320941419198959e-02,4.314057659474937467e-02,7.980380469467329707e-01
1.740000000000011227e+01,1.271138956302077627e+00,-7.894639717731642747e+00,8.060453942239843572e-01,7.312478808481565062e-02,0.000000000000000000e+00,6.311699497780765000e-03,1.404973916480770080e-03,7.977543379099172327e-01
1.745000000000011298e+01,1.310889621684199646e+00,-7.894153125309689933e+00,8.020628125888362714e-01,4.256950392726040200e-02,0.000000000000000000e+00,6.265385896699118717e+00,-3.047440801992371689e-02,7.938123572581452514e-01
1.750000000000011369e+01,1.351417766577276192e+00,-7.894966280537261127e+00,8.088018152669969041e-01,6.101161385445047491e-02,0.000000000000000000e+00,1.702203376898125953e-02,2.977753313230887752e-02,7.971915921762895429e-01
1.755000000000011440e+01,1.392164278679594469e+00,-7.894830318770051925e+00,8.140563598026648862e-01,6.982746922623200847e-02,0.000000000000000000e+00,6.531690852439098194e-03,1.280799542293426310e-03,7.941041814930587250e-01
1.760000000000011511e+01,1.432478215914956277e+00,-7.894342183651187561e+00,8.117620187550116384e-01,4.668461119037275314e-02,0.000000000000000000e+00,6.260719865839838860e+00,-3.645217340805820272e-02,7.918811729726449311e-01
1.765000000000011582e+01,1.473250881720173933e+00,-7.895204773557892963e+00,8.158622344335633159e-01,5.374855166650467642e-02,0.000000000000000000e+00,1.431867189860103196e-02,2.921107040095492074e-02,7.941989675074617727e-01
1.770000000000011653e+01,1.514556941649439104e+00,-7.895122698812814477e+00,8.234800289616938107e-01,7.347001944572528753e-02,0.000000000000000000e+00,6.272510924772220164e+00,-1.724768272805494648e-02,7.926595269281632161e-01
1.775000000000011724e+01,1.555144031752183409e+00,-7.894930363698510867e+00,8.191892800047616552e-01,4.161301972885185496e-02,0.000000000000000000e+00,6.253841532416399396e+00,-3.332396566238308988e-02,7.889714500664768426e-01
1.780000000000011795e+01,1.596392901037245071e+00,-7.896115817417493687e+00,8.244635864024566496e-01,5.438764137386116471e-02,0.000000000000000000e+00,1.315004167132372004e-02,3.830999690379937456e-02,7.924499530406121650e-01
1.785000000000011866e+01,1.637997684795086784e+00,-7.896233617267744087e+00,8.304665349303381738e-01,6.752190721061468448e-02,0.000000000000000000e+00,1.073496741205914873e-02,1.534572173371332240e-02,7.901630512699830966e-01
1.790000000000011937e+01,1.678554993857211075e+00,-7.895885662262985605e+00,8.223230466868973743e-01,2.144357279472901279e-02,0.000000000000000000e+00,6.271511681026614937e+00,-2.084262610544783401e-02,7.874089494786028487e-01
1.795000000000012008e+01,1.720643416654623170e+00,-7.896851539259920116e+00,8.351343589709688819e-01,6.840010737206851654e-02,0.000000000000000000e+00,3.904505317824025212e-02,5.418509810922076536e-02,7.931834271912324708e-01
1.800000000000012079e+01,1.762464368007014226e+00,-7.896534859261237216e+00,8.374600864715815440e-01,6.402299590010532282e-02,0.000000000000000000e+00,2.915987915762396909e-02,1.373697142179852032e-02,7.863209680259352075e-01
1.805000000000012150e+01,1.803375306530958344e+00,-7.895453520757686583e+00,8.294352468399961431e-01,1.911903819374310975e-02,0.000000000000000000e+00,6.259002326563726015e+00,-6.114750498191845463e-02,7.857382310932097269e-01
1.810000000000012221e+01,1.845642953982110201e+00,-7.895988510439162944e+00,8.402250196892404599e-01,5.845432195197114433e-02,0.000000000000000000e+00,5.501306260237370793e-03,8.527147602342702304e-03,7.914059586379607047e-01
1.815000000000012292e+01,1.887715844803695919e+00,-7.895868515376546881e+00,8.427593402014658119e-01,5.690073961047818069e-02,0.000000000000000000e+00,9.848954984572166893e-03,9.627125332238079328e-03,7.857309698299682621e-01
1.820000000000012363e+01,1.929229958318770866e+00,-7.895098785063352054e+00,8.380628962183722663e-01,2.673481575600862581e-02,0.000000000000000000e+00,6.263441242221940541e+00,-3.351721463307866938e-02,7.849965808216257113e-01
1.825000000000012434e+01,1.971739290304774128e+00,-7.895716953685186112e+00,8.467222609395896882e-01,5.602531148967609953e-02,0.000000000000000000e+00,1.738460538925945542e-02,3.115634746887189707e-02,7.886241327303900039e-01
1.830000000000012506e+01,2.014185246259969198e+00,-7.895564121795759505e+00,8.497051319703119443e-01,5.675173331462973758e-02,0.000000000000000000e+00,1.552456330411899899e-02,1.285654380125013721e-02,7.841949025929617623e-01
1.835000000000012577e+01,2.055754433034628903e+00,-7.894840470212216132e+00,8.421174078289280773e-01,1.505049008616875239e-02,0.000000000000000000e+00,6.268075247953174056e+00,-3.307977060126502528e-02,7.831566543146768478e-01
1.840000000000012648e+01,2.098769602979172255e+00,-7.895559756363726756e+00,8.542203548567711691e-01,6.045218018030668050e-02,0.000000000000000000e+00,3.319471035391607927e-02,4.552687899206657451e-02,7.884987017603624082e-01
1.845000000000012719e+01,2.141470809143690257e+00,-7.895200258378468838e+00,8.558724003940604286e-01,5.496992629340229086e-02,0.000000000000000000e+00,2.882102804307962174e-02,1.676216471409642736e-02,7.819658317693729543e-01
1.850000000000012790e+01,2.183414795516164908e+00,-7.894166499284951399e+00,8.490661349041984662e-01,1.675087907527437331e-02,0.000000000000000000e+00,6.274097736929991065e+00,-3.978430648641322759e-02,7.816952424450290815e-01
1.855000000000012861e+01,2.226781651852884014e+00,-7.894424877434855325e+00,8.611649726770100877e-01,6.179605435146529741e-02,0.000000000000000000e+00,2.233027829711975443e-02,2.050635465805132965e-02,7.865336710644252882e-01
1.860000000000012932e+01,2.269725838681313057e+00,-7.893987375859575550e+00,8.616683658732847695e-01,5.145041626627094161e-02,0.000000000000000000e+00,2.492784450198115564e-02,1.336633374957200797e-02,7.799685435373533426e-01
1.865000000000013003e+01,2.312108901450652176e+00,-7.892816209149509987e+00,8.564339065782756721e-01,2.022249583298066020e-02,0.000000000000000000e+00,6.268037911179211719e+00,-4.481815181860315106e-02,7.803581657902221025e-01
1.870000000000013074e+01,2.355714873994477543e+00,-7.893114583476159574e+00,8.670811372021576258e-01,5.876691916191173481e-02,0.000000000000000000e+00,2.116100370584916845e-02,2.446735187866274849e-02,7.842166718343361875e-01
1.875000000000013145e+01,2.398897259676324722e+00,-7.892719457111074810e+00,8.670331377521616201e-01,4.682153752954536924e-02,0.000000000000000000e+00,2.774299790234024954e-02,2.040839161401689084e-02,7.784929277739963682e-01
1.880000000000013216e+01,2.441623548752670736e+00,-7.891517513183775812e+00,8.626206659437707369e-01,1.980734279007301257e-02,0.000000000000000000e+00,6.275986566143188838e+00,-3.449604825579030004e-02,7.791865617552331535e-01
1.885000000000013287e+01,2.485560295857075275e+00,-7.891471069322190779e+00,8.735300212036462009e-01,5.948329527155964830e-02,0.000000000000000000e+00,2.285037006580559193e-02,2.137953338448863802e-02,7.825209415105486288e-01
1.890000000000013358e+01,2.528865738157866083e+00,-7.891020627246568608e+00,8.713656188401095459e-01,3.892902676310122656e-02,0.000000000000000000e+00,3.259985998678160968e-02,2.324127696573824800e-02,7.766076782486052155e-01
1.895000000000013429e+01,2.572092271112961903e+00,-7.889640150606896718e+00,8.700146337840932720e-01,2.573928118641596180e-02,0.000000000000000000e+00,6.277169862042829784e+00,-3.796264033687872519e-02,7.785494915725266196e-01
1.900000000000013500e+01,2.616255665809046338e+00,-7.889415774924607661e+00,8.792854249679457057e-01,5.767458968454197699e-02,0.000000000000000000e+00,2.109925886352126412e-02,1.592107822040020326e-02,7.800100094372159898e-01
1.905000000000013571e+01,2.659932745350157113e+00,-7.888781242803746707e+00,8.781253859882948154e-01,4.149951582903009528e-02,0.000000000000000000e+00,2.801401885400789382e-02,1.675036074432649513e-02,7.750511076020648593e-01
1.910000000000013642e+01,2.703428821391876014e+00,-7.887211413973567176e+00,8.760942025716285109e-01,2.507487899655897259e-02,0.000000000000000000e+00,6.272126303691624827e+00,-4.195460072712276639e-02,7.763565040599138545e-01
1.915000000000013713e+01,2.747857051706860343e+00,-7.886866142211795605e+00,8.849480608362230161e-01,5.547533625562469511e-02,0.000000000000000000e+00,1.841607801777200848e-02,1.730128937245447793e-02,7.781947430970556079e-01
1.920000000000013785e+01,2.791820405005915884e+00,-7.886124890084635020e+00,8.838718064829578225e-01,4.007525159143904975e-02,0.000000000000000000e+00,2.799150912150594195e-02,2.068629019320205459e-02,7.734576878341177242e-01
1.925000000000013856e+01,2.835603204144436340e+00,-7.884440717623152572e+00,8.818674684842372491e-01,2.404284927826905865e-02,0.000000000000000000e+00,6.273934913060553953e+00,-3.771103560980799962e-02,7.746840814136621844e-01
1.930000000000013927e+01,2.880304018234648211e+00,-7.883962528502609146e+00,8.905623914065649016e-01,5.401397111192536571e-02,0.000000000000000000e+00,2.135576404859396149e-02,2.087814251365395501e-02,7.764773468704732062e-01
1.935000000000013998e+01,2.924547116923768009e+00,-7.883064728829220158e+00,8.895239280422363448e-01,3.905732343222612091e-02,0.000000000000000000e+00,3.057262819542749810e-02,2.201333189458380343e-02,7.718075811600438874e-01
1.940000000000014069e+01,2.968594510338427916e+00,-7.881231392049573792e+00,8.873902182207189515e-01,2.271101945971144148e-02,0.000000000000000000e+00,6.273841733065737003e+00,-4.055098613965113508e-02,7.729830395384298392e-01
1.945000000000014140e+01,3.013601547541286951e+00,-7.880759975249896243e+00,8.964329004371747178e-01,5.433954443359170772e-02,0.000000000000000000e+00,1.533459340828535744e-02,1.222032621690304771e-02,7.748263143402367437e-01
1.950000000000014211e+01,3.057848572708281587e+00,-7.880150599602958827e+00,8.923533335389166599e-01,2.715336795384136817e-02,0.000000000000000000e+00,2.181478489924604247e-02,1.418598912124915436e-02,7.699185405081774292e-01
1.955000000000014282e+01,3.102522715796030450e+00,-7.878557315741462119e+00,8.953555318878689828e-01,3.373148775888221845e-02,0.000000000000000000e+00,6.266413198736312751e+00,-4.253562550825975425e-02,7.729045139794376018e-01
1.960000000000014353e+01,3.147676628370056129e+00,-7.878380211078183315e+00,9.014334031510744527e-01,5.129667525992731569e-02,0.000000000000000000e+00,9.903103236980292934e-03,1.344161662982472707e-02,7.716264173106268665e-01
1.965000000000014424e+01,3.192196716501830345e+00,-7.878033804738007184e+00,8.976880284408380595e-01,2.605584136699649889e-02,0.000000000000000000e+00,2.237603310844704652e-02,2.240119671764419229e-02,7.684725275369482800e-01
1.970000000000014495e+01,3.237142481729379462e+00,-7.876657380819328758e+00,9.006908367540935600e-01,3.285590634661902931e-02,0.000000000000000000e+00,6.271746819327320033e+00,-3.225573054791354421e-02,7.712313122208859228e-01
1.975000000000014566e+01,3.282546930648118977e+00,-7.876623952738580847e+00,9.065696281195075867e-01,4.979989053895099438e-02,0.000000000000000000e+00,1.727873286186110136e-02,2.069957546520064667e-02,7.699261730491621103e-01
1.980000000000014637e+01,3.327509525303308013e+00,-7.876236025983025968e+00,9.047164447233755347e-01,3.242717884663269545e-02,0.000000000000000000e+00,2.437937161731973390e-02,1.936400776307460603e-02,7.668660500893161869e-01
1.985000000000014708e+01,3.372408782563134366e+00,-7.874946067253714155e+00,9.034487591149735763e-01,2.087100064369839733e-02,0.000000000000000000e+00,6.272599501550941703e+00,-3.545122018637569122e-02,7.684543779033784494e-01
1.990000000000014779e+01,3.418120596747399986e+00,-7.874903366587409081e+00,9.113449660815786668e-01,4.828162838137863011e-02,0.000000000000000000e+00,1.080695416280441634e-02,1.023369172978354572e-02,7.696977454728448631e-01
1.995000000000014850e+01,3.463247403031760818e+00,-7.874734191535038619e+00,9.087095929793048699e-01,2.808381029600786824e-02,0.000000000000000000e+00,1.560116079571827186e-02,1.124435273277698405e-02,7.654032964624738478e-01
2.000000000000014921e+01,3.508713371490648658e+00,-7.873619557632927979e+00,9.112957853979928302e-01,3.281181791155798888e-02,0.000000000000000000e+00,6.262368432695141429e+00,-4.119592175246752919e-02,7.674409723589415977e-01
2.005000000000014992e+01,3.554620360694998649e+00,-7.873734046622725025e+00,9.169567780797251988e-01,4.889342505617554763e-02,0.000000000000000000e+00,6.281930201728876284e+00,5.001570238033395399e-03,7.663327779807388440e-01
2.010000000000015064e+01,3.599753052902147310e+00,-7.874004821214223071e+00,9.114765381995836302e-01,1.719378052437447665e-02,0.000000000000000000e+00,1.902530175958005998e-02,2.844611334722155910e-02,7.633513984813008468e-01
2.015000000000015135e+01,3.645776184886236670e+00,-7.873120436399297262e+00,9.186085001496279157e-01,4.228287221967631793e-02,0.000000000000000000e+00,6.271388507044811433e+00,-2.542736131747970821e-02,7.670821597183878904e-01
2.020000000000015206e+01,3.691940365392313961e+00,-7.873484735668938583e+00,9.229914085523199807e-01,5.135793138650906337e-02,0.000000000000000000e+00,1.227425724600372803e-02,1.764210074439102882e-02,7.632099400476132223e-01
2.025000000000015277e+01,3.737470733622774155e+00,-7.873727716687286105e+00,9.184894496629107952e-01,2.307850955157076181e-02,0.000000000000000000e+00,3.190806777184107546e-02,3.437780544035695662e-02,7.609652379632363406e-01
2.030000000000015348e+01,3.783423201654699142e+00,-7.872809209427937382e+00,9.210717612570895607e-01,2.879205401797152800e-02,0.000000000000000000e+00,6.282844954504755108e+00,-2.422984992486978961e-02,7.640739660485673657e-01
2.035000000000015419e+01,3.829984970819843682e+00,-7.872879164085523129e+00,9.285782783117713102e-01,5.305971143310379834e-02,0.000000000000000000e+00,2.022801863086254315e-02,1.352125468271821174e-02,7.629192202857746352e-01
2.040000000000015490e+01,3.875802781473515868e+00,-7.872823093390690197e+00,9.240910127835960663e-01,2.449870703378232220e-02,0.000000000000000000e+00,2.615196869731128970e-02,1.504445780616005604e-02,7.587724186614067667e-01
2.045000000000015561e+01,3.922007268360521604e+00,-7.871711239078315714e+00,9.264467515137770892e-01,2.902192054774981739e-02,0.000000000000000000e+00,6.264353822082568968e+00,-5.018674487309938981e-02,7.618443229143939677e-01
2.050000000000015632e+01,3.968737937538254101e+00,-7.872066497535878504e+00,9.328877496719609752e-01,4.898152907093503150e-02,0.000000000000000000e+00,8.806934605742888778e-03,1.026340737794492058e-02,7.607986459187164874e-01
2.055000000000015703e+01,4.014824893110080062e+00,-7.872258576455907431e+00,9.291183310875088530e-01,2.410754891893975710e-02,0.000000000000000000e+00,2.031041825140178503e-02,2.015965506755423159e-02,7.572696082754463154e-01
2.060000000000015774e+01,4.061360576502688779e+00,-7.871437835240276293e+00,9.322424677112118863e-01,3.178258562996376380e-02,0.000000000000000000e+00,6.270081792204465820e+00,-3.289616519397148275e-02,7.598856677706801177e-01
2.065000000000015845e+01,4.108404264875256118e+00,-7.871725319527756781e+00,9.388957849366048602e-01,5.203933740554253506e-02,0.000000000000000000e+00,6.668499376498715492e-03,8.763793079144873571e-03,7.583499734579022267e-01
2.070000000000015916e+01,4.154527856520276785e+00,-7.872129261236582742e+00,9.323492285157153336e-01,1.544524424087629841e-02,0.000000000000000000e+00,2.494851983065515810e-02,2.860129343035816563e-02,7.546635041979834480e-01
2.075000000000015987e+01,4.201540983443155852e+00,-7.871330890769355548e+00,9.389358350017852350e-01,3.870262133698026963e-02,0.000000000000000000e+00,6.272008998071798125e+00,-3.249077910412193765e-02,7.589296919079385750e-01
2.080000000000016058e+01,4.248737104162810141e+00,-7.871570908555137080e+00,9.435169862106511651e-01,4.928670190504767790e-02,0.000000000000000000e+00,4.722463975829427341e-03,3.873382019171082991e-03,7.552830488412878296e-01
2.085000000000016129e+01,4.295083235899271656e+00,-7.872001962097866290e+00,9.367478189733672300e-01,1.235269257490278355e-02,0.000000000000000000e+00,2.848303875825486386e-02,3.306755928853444271e-02,7.528167731849150224e-01
2.090000000000016200e+01,4.342247723241583479e+00,-7.871107345018830692e+00,9.425595617755495592e-01,3.312912526865121471e-02,0.000000000000000000e+00,6.269606679796533300e+00,-3.774122552029179206e-02,7.571945344324184646e-01
2.095000000000016271e+01,4.389494650522114405e+00,-7.871332044272897122e+00,9.457626486735275506e-01,3.931564780683275556e-02,0.000000000000000000e+00,6.279028793830335076e+00,-6.732629462864367018e-03,7.539946909422313714e-01
2.100000000000016342e+01,4.435778719807164094e+00,-7.872000853097526729e+00,9.373951592559822688e-01,-2.017439424714440044e-03,0.000000000000000000e+00,2.404572335695220886e-02,3.396810546078515153e-02,7.523440255600769566e-01
2.105000000000016414e+01,4.483490404638918569e+00,-7.871303944845623235e+00,9.488996648734863149e-01,4.440407093024398288e-02,0.000000000000000000e+00,6.268544978806556145e+00,-3.364810961012251744e-02,7.576775434143242505e-01
2.110000000000016485e+01,4.530887413672923358e+00,-7.871711981036850325e+00,9.500876586044453287e-01,4.027523166803117366e-02,0.000000000000000000e+00,3.792022388337201733e-03,6.214987013088847656e-03,7.510303417194543751e-01
2.115000000000016556e+01,4.577462544480835227e+00,-7.872320019785545853e+00,9.422006987946449641e-01,6.723460952239301847e-04,0.000000000000000000e+00,3.496757432932540155e-02,4.393648326900785606e-02,7.505671071878567968e-01
2.120000000000016627e+01,4.624851539344783546e+00,-7.871562158031538914e+00,9.474129802164199532e-01,2.138700256327880425e-02,0.000000000000000000e+00,3.706998226174818001e-03,-1.875654674840188108e-02,7.555882795797637108e-01
2.125000000000016698e+01,4.672272480862731392e+00,-7.871571018505948203e+00,9.498949703367802755e-01,2.703756253206419241e-02,0.000000000000000000e+00,1.586529858282670347e-02,5.652481974256939878e-03,7.527238458256166886e-01
2.130000000000016769e+01,4.718857176864967862e+00,-7.872001212974526929e+00,9.422725219849638068e-01,-8.859743381614090807e-03,0.000000000000000000e+00,4.441141228482514691e-02,4.175687224015768584e-02,7.514851769017166783e-01
2.135000000000016840e+01,4.766636769270609975e+00,-7.870894879334338512e+00,9.517473257473851866e-01,3.081142034439371402e-02,0.000000000000000000e+00,6.276531009978229214e+00,-4.607241952060350115e-02,7.563472833028818121e-01
2.140000000000016911e+01,4.814137214524635944e+00,-7.870741133925790223e+00,9.525916387846410371e-01,2.802638842453832740e-02,0.000000000000000000e+00,6.279920965846987002e+00,-1.862701709026800059e-02,7.509036644166919849e-01
2.145000000000016982e+01,4.861016631312981673e+00,-7.869675668718157269e+00,9.443364480968033936e-01,-1.059965201171943899e-02,0.000000000000000000e+00,6.238321495078818835e+00,-5.186313463105541449e-02,7.506341184004152733e-01
2.150000000000017053e+01,4.907407066505621529e+00,-7.869206689546134115e+00,9.344484908911663279e-01,-4.803155043192326029e-02,0.000000000000000000e+00,6.263167926773832939e+00,7.387867307427697233e-03,7.558655505726338264e-01
2.155000000000017124e+01,4.956331569345789667e+00,-7.870255571814526618e+00,9.611395400083770912e-01,6.833895612330294356e-02,0.000000000000000000e+00,1.349011517205198629e-01,1.110143891886816725e-01,7.621260824415602153e-01
2.160000000000017195e+01,5.007975860228632392e+00,-7.868552038559625039e+00,1.004524395353477484e+00,2.282105862790414774e-01,0.000000000000000000e+00,6.454494291435342035e-02,-1.159469085228052865e-02,7.463057552711919174e-01
2.165000000000017266e+01,5.060494949505568663e+00,-7.867657501535083142e+00,1.032130673759503292e+00,2.929935826473348826e-01,0.000000000000000000e+00,3.924475090810165767e+00,-4.138859652064545702e-02,7.202522200873642255e-01
2.170000000000017337e+01,5.114054103465400125e+00,-7.867689952779824303e+00,1.055591956374020368e+00,3.282399965759348892e-01,0.000000000000000000e+00,3.120247610926874859e+00,7.736984112868806884e-03,7.035277996749512708e-01
2.175000000000017408e+01,5.168304561212432091e+00,-7.867624599314599898e+00,1.073281138979558236e+00,3.333487276828984158e-01,0.000000000000000000e+00,3.101077060119057816e+00,1.847371380175221595e-02,6.891730703243709177e-01
2.180000000000017479e+01,5.222667069631907744e+00,-7.867076705761580691e+00,1.084248727434665938e+00,3.105493359667489406e-01,0.000000000000000000e+00,3.136813076271481204e+00,-6.863921901513782287e-03,6.781931550661504104e-01
2.185000000000017550e+01,5.279117765736031309e+00,-7.866361063907265638e+00,1.115064655098638724e+00,3.717031794292885438e-01,0.000000000000000000e+00,3.206903725874859834e+00,-3.153660988283341071e-02,6.711913583559124818e-01
2.190000000000017621e+01,5.339652548689360678e+00,-7.866267243670868936e+00,1.174630121304712560e+00,5.356244083677228485e-01,0.000000000000000000e+00,3.128116768954059879e+00,1.571466453177280953e-02,6.521264784820355320e-01
2.195000000000017693e+01,5.402676275297151776e+00,-7.866117224313732947e+00,1.228801576368291348e+00,6.451853469484903902e-01,0.000000000000000000e+00,3.045180539904219330e+00,4.701033704748815850e-02,6.155140481518676099e-01
2.200000000000017764e+01,5.468205098631980121e+00,-7.865242703960907633e+00,1.281424367215679982e+00,7.266394409483438732e-01,0.000000000000000000e+00,3.060608209810915525e+00,1.404401692636125798e-02,5.818671672318789234e-01
2.205000000000017835e+01,5.536749857798613839e+00,-7.864278475109593103e+00,1.338175639031250252e+00,8.083166400209529368e-01,0.000000000000000000e+00,3.092430210217623987e+00,-5.867000174080041000e-03,5.488863708873673586e-01
2.210000000000017906e+01,5.607801913582435738e+00,-7.863271865755604217e+00,1.391008538861324251e+00,8.579849113370553448e-01,0.000000000000000000e+00,3.121151750489280285e+00,-1.602254745860110310e-02,5.131447296028690541e-01
2.215000000000017977e+01,5.681352185399886068e+00,-7.862314352688329677e+00,1.442671256906381760e+00,8.930388012498714501e-01,0.000000000000000000e+00,3.157743751454196612e+00,-2.506931819350599611e-02,4.794899470105179473e-01
2.220000000000018048e+01,5.757365071114575628e+00,-7.861478064210904115e+00,1.492711555613394525e+00,9.145922358279454656e-01,0.000000000000000000e+00,3.178482460067760584e+00,-2.240343837786448744e-02,4.462789598989514994e-01
2.225000000000018119e+01,5.835752792202606898e+00,-7.860757025553664512e+00,1.541300352003731167e+00,9.260289742237002297e-01,0.000000000000000000e+00,3.165470646088923701e+00,-5.147519378770415779e-03,4.137912228966768025e-01
2.230000000000018190e+01,5.916385199033793896e+00,-7.860134906072589800e+00,1.587901446457760102e+00,9.272275571950733264e-01,0.000000000000000000e+00,3.133723302037573433e+00,1.286831702538622849e-02,3.819314433024560973e-01
2.235000000000018261e+01,5.999222789890576557e+00,-7.859493178174661310e+00,1.633073922407813239e+00,9.224719495562686555e-01,0.000000000000000000e+00,3.096904143267763310e+00,2.486665695102990153e-02,3.510312793977499179e-01
2.240000000000018332e+01,6.084170995156551243e+00,-7.858726482747373510e+00,1.676481488162987032e+00,9.116078226657077233e-01,0.000000000000000000e+00,3.070408872927053778e+00,2.598270263640082081e-02,3.207624242156789096e-01
2.245000000000018403e+01,6.171191026146597203e+00,-7.857778783773602171e+00,1.718921753615667569e+00,8.990473199432859053e-01,0.000000000000000000e+00,3.050451944946404925e+00,2.388356071051984247e-02,2.913354773217596838e-01
2.250000000000018474e+01,6.260165260378616203e+00,-7.856628676821569179e+00,1.759401220540134370e+00,8.811557236524936165e-01,0.000000000000000000e+00,3.044286790043460478e+00,1.533291634152339836e-02,2.622767092820730284e-01
