t,x,y,v,a,vref,th,w,u
0.000000000000000000e+00,-3.000000000000000000e+00,-8.000000000000000000e+00,0.000000000000000000e+00,0.000000000000000000e+00,0.000000000000000000e+00,1.570796326794791753e+00,0.000000000000000000e+00,0.000000000000000000e+00
5.000000000000000278e-02,-3.000675726201442295e+00,-7.999490173994905362e+00,1.007354029321563399e-01,0.000000000000000000e+00,0.000000000000000000e+00,6.247497539114720055e+00,-3.614502352138675156e-02,0.000000000000000000e+00
1.000000000000000056e-01,-3.000438973951856880e+00,-7.999560536273714995e+00,4.722209153847984481e-02,-2.140532455747059526e-01,0.000000000000000000e+00,3.116380537957930130e-03,-1.245833265478568652e-02,1.000000000000000000e+00
1.500000000000000222e-01,-2.995127994421116657e+00,-7.999550757135082790e+00,9.156993141930419577e-02,6.148763063532625139e-03,0.000000000000000000e+00,2.010953086139188883e-03,-6.747790845977109583e-03,1.000000000000000000e+00
2.000000000000000111e-01,-2.988230698655538475e+00,-7.999545041845372850e+00,1.202617530496546128e-01,1.196862969722277265e-01,0.000000000000000000e+00,1.110959258868504662e-03,-3.626401905236085327e-03,1.000000000000000000e+00
2.500000000000000000e-01,-2.978385948675678296e+00,-7.999529151581438846e+00,1.684430275976449010e-01,2.884741357697434005e-01,0.000000000000000000e+00,1.204717653888831563e-02,2.628261817816025629e-03,1.000000000000000000e+00
2.999999999999999889e-01,-2.966735177364268949e+00,-7.999553547603623471e+00,2.082183545169369876e-01,3.898806162929631114e-01,0.000000000000000000e+00,1.018946005763510243e-02,8.187417710260995202e-04,1.000000000000000000e+00
3.499999999999999778e-01,-2.952299199254624362e+00,-7.999385556452809354e+00,2.567341307101055903e-01,5.059675978070450331e-01,0.000000000000000000e+00,6.280091727053020101e+00,-5.182898911465286945e-03,1.000000000000000000e+00
3.999999999999999667e-01,-2.936168070457716883e+00,-7.999676237522630906e+00,2.963184406256681447e-01,5.631113179078863773e-01,0.000000000000000000e+00,4.368227333737806362e-02,1.818597754367678315e-02,1.000000000000000000e+00
4.499999999999999556e-01,-2.917396679080713984e+00,-7.999435089067423732e+00,3.438312943799868848e-01,6.405404693435841068e-01,0.000000000000000000e+00,9.118811638218815574e-03,-6.460269705682135377e-03,1.000000000000000000e+00
4.999999999999999445e-01,-2.896082561277018019e+00,-7.999619596425462831e+00,3.933621180661381889e-01,7.105556702194726348e-01,0.000000000000000000e+00,4.797638222919253792e-02,1.187788401053511793e-02,1.000000000000000000e+00
5.499999999999999334e-01,-2.873546099490701611e+00,-7.999488918904591017e+00,4.280882472965956698e-01,7.073490530974080315e-01,0.000000000000000000e+00,1.641825467655344539e-02,-4.957235736363825758e-03,1.000000000000000000e+00
5.999999999999999778e-01,-2.847456276289330290e+00,-7.999275520797425543e+00,4.846590747406739341e-01,7.921625522542394826e-01,0.000000000000000000e+00,6.264299653301822701e+00,-1.836397551006125825e-02,1.000000000000000000e+00
6.500000000000000222e-01,-2.819899878054932696e+00,-7.999774738800022433e+00,5.246201188621365530e-01,7.935742182892420171e-01,0.000000000000000000e+00,6.407133686350618973e-02,2.599478173061948311e-02,1.000000000000000000e+00
7.000000000000000666e-01,-2.790312772364110128e+00,-7.999777536091512431e+00,5.649860107116044805e-01,7.963229420292652350e-01,0.000000000000000000e+00,3.900505234889983797e-02,4.143682097909832246e-03,1.000000000000000000e+00
7.500000000000001110e-01,-2.757736306217495326e+00,-7.998932790353471489e+00,6.171579357754182205e-01,8.457460538786669701e-01,0.000000000000000000e+00,6.194614691869732681e+00,-5.329525880944062377e-02,1.000000000000000000e+00
8.000000000000001554e-01,-2.723367732726061252e+00,-7.999739272862397499e+00,6.594006264848040200e-01,8.455676059404767519e-01,0.000000000000000000e+00,8.058808179280951833e-02,4.393098725258865606e-02,1.000000000000000000e+00
8.500000000000001998e-01,-2.687188838109766387e+00,-7.999668295737434320e+00,6.980304414352307418e-01,8.309733445540882224e-01,0.000000000000000000e+00,3.523809610421491101e-02,5.155989351186142378e-03,1.000000000000000000e+00
9.000000000000002442e-01,-2.647936743399174286e+00,-7.998870663368099265e+00,7.504038161825814512e-01,8.742721746326733712e-01,0.000000000000000000e+00,6.197466183755707014e+00,-5.070374416570745668e-02,1.000000000000000000e+00
9.500000000000002887e-01,-2.606750457516263886e+00,-7.999697973065643453e+00,7.945096901440692472e-01,8.758412355520898140e-01,0.000000000000000000e+00,9.119904699215908295e-02,4.843254002694569876e-02,1.000000000000000000e+00
1.000000000000000222e+00,-2.564034722677635436e+00,-7.999597409728840702e+00,8.305768727158492348e-01,8.449417187287917574e-01,0.000000000000000000e+00,5.196053488667295994e-02,1.265326197671555637e-02,1.000000000000000000e+00
1.050000000000000266e+00,-2.518095503694271819e+00,-7.998454258726181543e+00,8.837317398191359974e-01,8.885728433961808115e-01,0.000000000000000000e+00,6.146353441762330228e+00,-7.765017654999220587e-02,9.431156364207531340e-01
1.100000000000000311e+00,-2.470443292252558543e+00,-7.999419462784912227e+00,9.254398401437815558e-01,8.776906760155268605e-01,0.000000000000000000e+00,6.563446585375576348e-02,4.245000979289620391e-02,6.773413009043198763e-01
1.150000000000000355e+00,-2.422492952679854206e+00,-7.999739243799209198e+00,9.457800554378340552e-01,7.835134019886313972e-01,0.000000000000000000e+00,1.191331110917959180e-01,4.563963279711398535e-02,4.688007992810921953e-01
1.200000000000000400e+00,-2.373365554567830493e+00,-7.999220884947286336e+00,9.678781888059160288e-01,7.152032550632329011e-01,0.000000000000000000e+00,2.866416845927055590e-02,-1.340605307003962104e-02,3.670997228108296984e-01
1.250000000000000444e+00,-2.323515213108300337e+00,-7.998772125533699651e+00,9.853998264646757210e-01,6.422491546856250455e-01,0.000000000000000000e+00,6.242382026213953772e+00,-3.192648202095953180e-02,2.566090559704198304e-01
1.300000000000000488e+00,-2.273732856290396231e+00,-7.998497306450910393e+00,9.915616268174133330e-01,5.384465251594504620e-01,0.000000000000000000e+00,6.212867174913666801e+00,-2.618709285445694826e-02,1.690008676766213969e-01
1.350000000000000533e+00,-2.223818583174610897e+00,-7.998417125919464077e+00,9.955981956686335010e-01,4.469034955324410752e-01,0.000000000000000000e+00,6.223700992875803806e+00,-9.204327113521097031e-03,1.381918659129333371e-01
1.400000000000000577e+00,-2.173818552889038802e+00,-7.998474506586513932e+00,9.982422510037827212e-01,3.680990177665497409e-01,0.000000000000000000e+00,6.251986098129331815e+00,5.411634988244909752e-03,1.180090216568324968e-01
1.450000000000000622e+00,-2.123878865064277033e+00,-7.998594640076042595e+00,9.985748945098487095e-01,2.958097882375037568e-01,0.000000000000000000e+00,6.791832093364646994e-04,1.334434639901797837e-02,1.047887449810863958e-01
1.500000000000000666e+00,-2.073947651479052912e+00,-7.998718199204470913e+00,9.986067252469282840e-01,2.367751535383213202e-01,0.000000000000000000e+00,1.929125099510997643e-02,1.291030834599245919e-02,1.031255274507564546e-01
1.550000000000000711e+00,-2.024012930691918566e+00,-7.998817634406469423e+00,9.986607288777248348e-01,1.896361373538432704e-01,0.000000000000000000e+00,2.145531972868841564e-02,7.137780088286856811e-03,1.029663737653585820e-01
1.600000000000000755e+00,-1.974110764321353129e+00,-7.998900796901172505e+00,9.982911290705698271e-01,1.502305106544545854e-01,0.000000000000000000e+00,1.178415169533231222e-02,3.566843168558873553e-04,1.026963556113758280e-01
1.650000000000000799e+00,-1.924203801135118796e+00,-7.998992134996107950e+00,9.982011534920747220e-01,1.198245062095832508e-01,0.000000000000000000e+00,6.280814250939691590e+00,-4.535152091983338241e-03,3.939684565778148184e-02
1.700000000000000844e+00,-1.874543106447044805e+00,-7.999116572966386229e+00,9.952107424256063650e-01,8.389796070179318666e-02,0.000000000000000000e+00,6.272377547300909129e+00,-4.677397505789652153e-03,-8.822981799300019801e-02
1.750000000000000888e+00,-1.825593997055720008e+00,-7.999283439306362098e+00,9.854770386122804204e-01,2.818355330813079873e-02,0.000000000000000000e+00,6.276181966683541447e+00,-1.141354099156977357e-03,-2.042032374896351754e-01
1.800000000000000933e+00,-1.777594412514981626e+00,-7.999479723932142683e+00,9.701906569996511243e-01,-3.859868380401249022e-02,0.000000000000000000e+00,6.750359522973425896e-03,2.966493293236801328e-03,-2.882750330066186084e-01
1.850000000000000977e+00,-1.730665954339850376e+00,-7.999683810148086494e+00,9.512231180714487699e-01,-1.067491027560193567e-01,0.000000000000000000e+00,2.144787931787117685e-02,4.950285886191269254e-03,-3.458875888587048530e-01
1.900000000000001021e+00,-1.684934550829396915e+00,-7.999875773637574738e+00,9.292709246572090631e-01,-1.732080558617742350e-01,0.000000000000000000e+00,3.216086191681633011e-02,4.797419290330097452e-03,-3.861655604088054528e-01
1.950000000000001066e+00,-1.640486705127710110e+00,-8.000046882490279287e+00,9.050864726058363008e-01,-2.353042528949103596e-01,0.000000000000000000e+00,4.123892157362085698e-02,4.349988072431613603e-03,-4.123159851466040582e-01
2.000000000000000888e+00,-1.597357169668756960e+00,-8.000189270932871466e+00,8.795918406262387412e-01,-2.902219302343184149e-01,0.000000000000000000e+00,4.794145014402850791e-02,3.599028466422921329e-03,-4.279116985576419951e-01
2.050000000000000711e+00,-1.555568325417284070e+00,-8.000300315692024711e+00,8.533046382810192121e-01,-3.373263535683332370e-01,0.000000000000000000e+00,5.546721569492163439e-02,3.396108597058807022e-03,-4.375149686106689084e-01
2.100000000000000533e+00,-1.515141590747662192e+00,-8.000377756625271175e+00,8.264435669274712293e-01,-3.773053682688589094e-01,0.000000000000000000e+00,5.779834886271650873e-02,2.141886308455064839e-03,-4.437003977332396043e-01
2.150000000000000355e+00,-1.476087468182115003e+00,-8.000423109340932371e+00,7.992272138606961729e-01,-4.107097068821877750e-01,0.000000000000000000e+00,5.296200075856916101e-02,-6.808174475268248538e-05,-4.475495901918560837e-01
2.200000000000000178e+00,-1.438414109247535322e+00,-8.000446787289291706e+00,7.717712871840807232e-01,-4.383914722122124186e-01,0.000000000000000000e+00,4.282688455819716467e-02,-2.317558949223543895e-03,-4.501814747395379568e-01
2.250000000000000000e+00,-1.402121604783518993e+00,-8.000466076841224350e+00,7.442186304100366634e-01,-4.609238048659465847e-01,0.000000000000000000e+00,3.145974401506013152e-02,-3.714305987756853951e-03,-4.522140917236869284e-01
2.299999999999999822e+00,-1.367224856796128485e+00,-8.000492136758220241e+00,7.164486205461915169e-01,-4.798190833481382755e-01,0.000000000000000000e+00,1.979696793131413557e-02,-4.437689730479586411e-03,-4.544402035886472846e-01
2.349999999999999645e+00,-1.333714655568151608e+00,-8.000536336236724111e+00,6.887022447482733511e-01,-4.948407698701837165e-01,0.000000000000000000e+00,1.505299971313434071e-02,-3.277501615473354078e-03,-4.562890733927570386e-01
2.399999999999999467e+00,-1.301579590814280873e+00,-8.000599098424352462e+00,6.611026233247874195e-01,-5.062711015900911438e-01,0.000000000000000000e+00,1.512230399543401660e-02,-1.676690417144793312e-03,-4.591091760335712091e-01
2.449999999999999289e+00,-1.270869939962600892e+00,-8.000675805388626216e+00,6.329580130778085234e-01,-5.175953222599889436e-01,0.000000000000000000e+00,2.024345668735971771e-02,2.876217446777244897e-04,-4.636999819853895310e-01
2.499999999999999112e+00,-1.241582970322815616e+00,-8.000755942094503581e+00,6.046283546287826161e-01,-5.273948916040952506e-01,0.000000000000000000e+00,2.847622183455200684e-02,2.001361970244997738e-03,-4.665317194412526569e-01
2.549999999999998934e+00,-1.213697559307014506e+00,-8.000828395540546367e+00,5.764774532436103271e-01,-5.345195188239657558e-01,0.000000000000000000e+00,3.602552902123612455e-02,2.605473087185284243e-03,-4.695872451545978765e-01
2.599999999999998757e+00,-1.187248695417875588e+00,-8.000886852742542743e+00,5.479781401195289448e-01,-5.416128675554985339e-01,0.000000000000000000e+00,3.721638294663875968e-02,1.507361663790270827e-03,-4.750155993090907636e-01
2.649999999999998579e+00,-1.162253559250356227e+00,-8.000933099292424799e+00,5.191334935721696464e-01,-5.486688802338364201e-01,0.000000000000000000e+00,3.282298466143451776e-02,-2.091381416347309506e-04,-4.802785853617342893e-01
2.699999999999998401e+00,-1.138702590411437177e+00,-8.000974724300670360e+00,4.902654890016181488e-01,-5.544071224692755928e-01,0.000000000000000000e+00,2.568806760107467113e-02,-1.726585908403101971e-03,-4.856319715208803900e-01
2.749999999999998224e+00,-1.116621900630153652e+00,-8.001020864751801298e+00,4.610751723726013163e-01,-5.602869644914882929e-01,0.000000000000000000e+00,1.850465407671286755e-02,-2.480250166383968918e-03,-4.931876118831918232e-01
2.799999999999998046e+00,-1.096041834172275076e+00,-8.001077237435824330e+00,4.313917954306918379e-01,-5.669630793608290142e-01,0.000000000000000000e+00,1.716121340667875472e-02,-1.563221971392483433e-03,-5.018784213548758144e-01
2.849999999999997868e+00,-1.076944054067418444e+00,-8.001141340667917490e+00,4.017315458509435055e-01,-5.722114618076570292e-01,0.000000000000000000e+00,2.712408719901304721e-02,4.470328034592253516e-04,-6.203314707247596926e-01
2.899999999999997691e+00,-1.059801529957320465e+00,-8.001202939737257935e+00,3.664042675358453183e-01,-5.990782827065189720e-01,0.000000000000000000e+00,4.827829945284101143e-02,2.188409741881117837e-03,-7.584969384043188656e-01
2.949999999999997513e+00,-1.045077444199795647e+00,-8.001251067067814304e+00,3.232517696918621453e-01,-6.518726175411485579e-01,0.000000000000000000e+00,6.157986563560413629e-02,2.348212239352668457e-03,-8.389984711531042194e-01
2.999999999999997335e+00,-1.032781349315503361e+00,-8.001281737505490099e+00,2.768543252922919251e-01,-7.070878716312004597e-01,0.000000000000000000e+00,6.165829371023789918e-02,1.500483429967769443e-03,-8.440976508788828880e-01
3.049999999999997158e+00,-1.022775140288691542e+00,-8.001298036961461690e+00,2.308164154388206712e-01,-7.498219367188461160e-01,0.000000000000000000e+00,5.533246710687578229e-02,3.782963838492689099e-04,-7.965543641637309324e-01
3.099999999999996980e+00,-1.014874889021950555e+00,-8.001305727261840417e+00,1.871297361368885748e-01,-7.746042665828060114e-01,0.000000000000000000e+00,4.657571696506579428e-02,-4.713420246003385047e-04,-7.164737473013804703e-01
3.149999999999996803e+00,-1.008768697935457315e+00,-8.001310505817697205e+00,1.481262638332679904e-01,-7.756973024807277683e-01,0.000000000000000000e+00,4.000264635972961003e-02,-8.337627363466477634e-04,-6.166330615590116526e-01
3.199999999999996625e+00,-1.004098143607235372e+00,-8.001315618901436721e+00,1.152971991916026118e-01,-7.518741005512442621e-01,0.000000000000000000e+00,3.742992936355804545e-02,-7.760483752610280832e-04,-5.136124444649236009e-01
3.249999999999996447e+00,-1.000549954355553384e+00,-8.001321512636710764e+00,8.869721577864073114e-02,-7.078992140928432875e-01,0.000000000000000000e+00,3.822947876113325094e-02,-5.173283470142263319e-04,-4.209022294914522844e-01
3.299999999999996270e+00,-9.978723313322263033e-01,-8.001327386577889555e+00,6.761044268519922351e-02,-6.506664636480410380e-01,0.000000000000000000e+00,4.161990375732305125e-02,-2.495261267834044359e-04,-3.446089119674016210e-01
3.349999999999996092e+00,-9.958808152208862285e-01,-8.001332606963842409e+00,5.094251174718001512e-02,-5.872048946705099581e-01,0.000000000000000000e+00,4.719551419002065984e-02,-4.876679512763341310e-05,-2.860081739991501837e-01
3.399999999999995914e+00,-9.944475769746254912e-01,-8.001336932357176579e+00,3.757605405790143821e-02,-5.232297464935224962e-01,0.000000000000000000e+00,5.480821839844907117e-02,7.815497638755588704e-05,-2.426381401279146810e-01
3.449999999999995737e+00,-9.934813563003890291e-01,-8.001340352991476834e+00,2.662533128142912514e-02,-4.623866883007074491e-01,0.000000000000000000e+00,6.454639058982003519e-02,1.519244601799236310e-04,-2.101052846689248355e-01
3.499999999999995559e+00,-9.929124178184041138e-01,-8.001342950416375999e+00,1.747782800605683293e-02,-4.064993637420552530e-01,0.000000000000000000e+00,7.653854313263330766e-02,1.936063537897099603e-04,-1.841260076587065142e-01
3.549999999999995381e+00,-9.926823531776298726e-01,-8.001344772643145475e+00,4.229519418437044723e-03,-3.781927253441235703e-01,0.000000000000000000e+00,9.066042259678219750e-02,2.124206236893334712e-04,-1.614485795982904537e-01
3.599999999999995204e+00,-9.927346892699911995e-01,-8.001345937402104980e+00,1.059673940859875594e-03,-3.152335621856076076e-01,0.000000000000000000e+00,1.106123721149145922e-01,2.193904443493004358e-04,-1.228109361257541943e-01
3.649999999999995026e+00,-9.930643787182200644e-01,-8.001346305429001049e+00,-3.532636594994720616e-03,-2.705560918919045488e-01,0.000000000000000000e+00,1.250204849959164477e-01,2.095658126260845772e-04,-1.122437612520789246e-01
3.699999999999994849e+00,-9.935787351446754290e-01,-8.001345811834244870e+00,-7.585461928315936214e-03,-2.326561748468085611e-01,0.000000000000000000e+00,1.185815706992841001e-01,1.721571742810571273e-04,-9.314253508642954260e-02
3.749999999999994671e+00,-9.940990431934508820e-01,-8.001344734891219446e+00,-9.278405116547965709e-03,-1.928967126303750002e-01,0.000000000000000000e+00,1.046945321742400736e-01,1.157049727089148547e-04,-7.284503506760847680e-02
3.799999999999994493e+00,-9.945070024593702929e-01,-8.001343388985649341e+00,-8.607106505483651249e-03,-1.516321756600427506e-01,0.000000000000000000e+00,9.625193371972251555e-02,5.257946029607297810e-05,-5.973515793563016762e-02
3.849999999999994316e+00,-9.948018111244874007e-01,-8.001342032808993920e+00,-6.980587768950782292e-03,-1.147996655819027156e-01,0.000000000000000000e+00,9.354569124575995431e-02,3.241031626215970664e-06,-5.572375265607688866e-02
3.899999999999994138e+00,-9.950368868155289315e-01,-8.001340803401124191e+00,-5.613186134270066463e-03,-8.637012592679929601e-02,0.000000000000000000e+00,9.410996753286404726e-02,-2.338436038096261224e-05,-5.638621690914120965e-02
3.949999999999993960e+00,-9.952628510762100422e-01,-8.001339730769787550e+00,-4.956878992584063184e-03,-6.647087217469542508e-02,0.000000000000000000e+00,9.536915566607362393e-02,-2.854052895056578322e-05,-5.711303553760062324e-02
3.999999999999993783e+00,-9.955001722223594252e-01,-8.001338768798225587e+00,-4.830629096264407382e-03,-5.267169815447771825e-02,0.000000000000000000e+00,9.576978638705746505e-02,-2.241471527199311638e-05,-5.575898945259563644e-02
4.049999999999993605e+00,-9.957448461421091190e-01,-8.001337859022788379e+00,-4.868373720664708956e-03,-4.228833702118338367e-02,0.000000000000000000e+00,9.504160130802574713e-02,-1.461126908703618987e-05,-5.259032939195458500e-02
4.099999999999993427e+00,-9.959834390644488611e-01,-8.001336976270184920e+00,-4.810511028759078406e-03,-3.359921884932418751e-02,0.000000000000000000e+00,9.377673214823545322e-02,-9.307568140036561846e-06,-4.880328967491000258e-02
4.149999999999993250e+00,-9.962061365082099940e-01,-8.001336088228674370e+00,-4.596615433849044439e-03,-2.602379269981921345e-02,0.000000000000000000e+00,9.254389225802128749e-02,-9.625024732509519643e-06,-4.540364723699176486e-02
4.199999999999993072e+00,-9.964105043837255815e-01,-8.001335233370191702e+00,-4.291096213712727522e-03,-1.959695727931010101e-02,0.000000000000000000e+00,9.165986249988744561e-02,-9.959618547850718334e-06,-4.272559755229547035e-02
4.249999999999992895e+00,-9.965995007985692933e-01,-8.001334403503845394e+00,-3.984427809120422159e-03,-1.445089220507885658e-02,0.000000000000000000e+00,9.106230869545761664e-02,-1.156589976156925693e-05,-4.060568970555396284e-02
4.299999999999992717e+00,-9.967772864618489326e-01,-8.001333608984955603e+00,-3.727229379565948856e-03,-1.053192004584518893e-02,0.000000000000000000e+00,9.061590486732384875e-02,-1.108384755383207826e-05,-3.871929800396534810e-02
4.349999999999992539e+00,-9.969466304850668203e-01,-8.001332847644041735e+00,-3.523050699316718909e-03,-7.608821315679227537e-03,0.000000000000000000e+00,9.017537151954790886e-02,-1.062668045764134707e-05,-3.684761041344250532e-02
4.399999999999992362e+00,-9.971082138068425582e-01,-8.001332119266631793e+00,-3.348252083531652861e-03,-5.387862589403115930e-03,0.000000000000000000e+00,8.971558194419504417e-02,-8.850365422617534594e-06,-3.493837446394113672e-02
4.449999999999992184e+00,-9.972619331760264050e-01,-8.001331415837045213e+00,-3.183965895183587386e-03,-3.653145318130228761e-03,0.000000000000000000e+00,8.923216890924656752e-02,-7.772989057736291393e-06,-3.305458432664196144e-02
4.499999999999992006e+00,-9.974072731383966106e-01,-8.001330728850494012e+00,-3.017699081862100854e-03,-2.257449001218234629e-03,0.000000000000000000e+00,8.876060882570602217e-02,-7.581523073000014730e-06,-3.125613764203066802e-02
4.549999999999991829e+00,-9.975443765234197624e-01,-8.001330060953716128e+00,-2.852353197975323815e-03,-1.144575665427477332e-03,0.000000000000000000e+00,8.833336532546098852e-02,-7.144044193465947982e-06,-2.958936492797777096e-02
4.599999999999991651e+00,-9.976736796159672016e-01,-8.001329410553477572e+00,-2.692611376524727766e-03,-2.766932465395954355e-04,0.000000000000000000e+00,8.794500748430245096e-02,-7.130813855674955187e-06,-2.804317115471147842e-02
4.649999999999991473e+00,-9.977957902420075964e-01,-8.001328778485394366e+00,-2.542405017086660397e-03,3.794708405205953145e-04,0.000000000000000000e+00,8.759138566558277716e-02,-7.223703618780522406e-06,-2.659657091706861543e-02
4.699999999999991296e+00,-9.979113099014460531e-01,-8.001328163962607931e+00,-2.403231147169760350e-03,8.602721520840785454e-04,0.000000000000000000e+00,8.726474899041924971e-02,-6.838903826327827985e-06,-2.522833624753726897e-02
4.749999999999991118e+00,-9.980206677368134160e-01,-8.001327574567245193e+00,-2.273619861619431779e-03,1.206662863868578940e-03,0.000000000000000000e+00,8.695827718792514816e-02,-5.897380058480603890e-06,-2.392484956865042339e-02
4.799999999999990941e+00,-9.981241656733180756e-01,-8.001327007016765691e+00,-2.151456672166105703e-03,1.453983048908169236e-03,0.000000000000000000e+00,8.667159046531480726e-02,-4.961443362504364084e-06,-2.268422845905327875e-02
4.849999999999990763e+00,-9.982220569182892467e-01,-8.001326447669164565e+00,-2.035311850811550270e-03,1.627765724544758810e-03,0.000000000000000000e+00,8.639858351103679723e-02,-5.016812686430999630e-06,-2.150848083782736994e-02
4.899999999999990585e+00,-9.983145714038371699e-01,-8.001325899932190566e+00,-1.924333543931437945e-03,1.746125807156257911e-03,0.000000000000000000e+00,8.614022589594583224e-02,-5.008834937400800117e-06,-2.039822875023418816e-02
4.949999999999990408e+00,-9.984020460431901611e-01,-8.001325371481902593e+00,-1.819464082804172610e-03,1.816378490234069271e-03,0.000000000000000000e+00,8.590929251281842483e-02,-4.224872397154997413e-06,-1.935265847135080389e-02
4.999999999999990230e+00,-9.984848270430696227e-01,-8.001324852326920478e+00,-1.721193445682888149e-03,1.846185340672394561e-03,0.000000000000000000e+00,8.568924788078469135e-02,-4.224963651840853588e-06,-1.836381884292388050e-02
5.049999999999990052e+00,-9.985631222995786649e-01,-8.001324335092071749e+00,-1.628058029060245031e-03,1.849489939028489465e-03,0.000000000000000000e+00,8.546672115998177333e-02,-5.080333608456498483e-06,-1.742501380355638424e-02
5.099999999999989875e+00,-9.986371472919545189e-01,-8.001323832925654855e+00,-1.539561085838196198e-03,1.833579724110988296e-03,0.000000000000000000e+00,8.526501513692696932e-02,-4.988638623267163512e-06,-1.653764253175226198e-02
5.149999999999989697e+00,-9.987070858393080064e-01,-8.001323348552931591e+00,-1.455125108468499845e-03,1.804607688767577434e-03,0.000000000000000000e+00,8.508680735947571350e-02,-4.088379054514597227e-06,-1.570000865006450017e-02
5.199999999999989519e+00,-9.987732531233420863e-01,-8.001322875034173165e+00,-1.376096259191302365e-03,1.759801548122852952e-03,0.000000000000000000e+00,8.492248562655557720e-02,-3.555669341423969385e-06,-1.491113859052058989e-02
5.249999999999989342e+00,-9.988358600553525202e-01,-8.001322415243034669e+00,-1.301761370746402132e-03,1.705180792277884508e-03,0.000000000000000000e+00,8.476143371307465202e-02,-3.422930471508007984e-06,-1.416215978057732555e-02
5.299999999999989164e+00,-9.988950779246851264e-01,-8.001321971368266617e+00,-1.231359056148792009e-03,1.645753892212749227e-03,0.000000000000000000e+00,8.462532785494047971e-02,-2.358585144252880482e-06,-1.345210957966878548e-02
5.349999999999988987e+00,-9.989510431772666843e-01,-8.001321521846129770e+00,-1.164169093994707038e-03,1.585362962386540134e-03,0.000000000000000000e+00,8.448167042095988677e-02,-3.042078272269658463e-06,-1.278076738991522007e-02
5.399999999999988809e+00,-9.990039876421470399e-01,-8.001321079603309627e+00,-1.101044927548866514e-03,1.520787035692595154e-03,0.000000000000000000e+00,8.434912930222271399e-02,-3.297214475154301930e-06,-1.214830770575625260e-02
5.449999999999988631e+00,-9.990540191164415385e-01,-8.001320655947065319e+00,-1.040839594736629519e-03,1.457450959803025144e-03,0.000000000000000000e+00,8.423574852056958662e-02,-2.429841206720863352e-06,-1.154862534925830964e-02
5.499999999999988454e+00,-9.991013911895079147e-01,-8.001320227382088035e+00,-9.848469987844322721e-04,1.389931151651210102e-03,0.000000000000000000e+00,8.412035471039835954e-02,-2.928527960961265284e-06,-1.098363868844257768e-02
5.549999999999988276e+00,-9.991461834516147666e-01,-8.001319809868633115e+00,-9.314935132238246927e-04,1.325358863563399180e-03,0.000000000000000000e+00,8.401429571132279506e-02,-2.872018907586840378e-06,-1.044555890112108636e-02
5.599999999999988098e+00,-9.991885540510316854e-01,-8.001319408852644699e+00,-8.810927097292963698e-04,1.261890304828833503e-03,0.000000000000000000e+00,8.392142644868805235e-02,-2.172228623463928307e-06,-9.938041324727997852e-03
5.649999999999987921e+00,-9.992285473072044510e-01,-8.001319011374507184e+00,-8.324061990599820925e-04,1.204258286540324605e-03,0.000000000000000000e+00,8.383150763983326925e-02,-2.026774770394934592e-06,-9.457748602789582335e-03
5.699999999999987743e+00,-9.992663411057384204e-01,-8.001318623539770414e+00,-7.865392822404739925e-04,1.146874296510292865e-03,0.000000000000000000e+00,8.375593824828087008e-02,-1.372906723885841404e-06,-9.007831660969731202e-03
5.749999999999987566e+00,-9.993021207770110825e-01,-8.001318234306697974e+00,-7.440256318266198245e-04,1.087554038863651571e-03,0.000000000000000000e+00,8.367763442640896443e-02,-1.895401256579715697e-06,-8.582217870464432796e-03
5.799999999999987388e+00,-9.993360070734282896e-01,-8.001317855785860189e+00,-7.043008079700498495e-04,1.028942526517201720e-03,0.000000000000000000e+00,8.361628867316461822e-02,-1.243529552789883086e-06,-8.176483968568345334e-03
5.849999999999987210e+00,-9.993680741293797798e-01,-8.001317475608756169e+00,-6.665832465528920324e-04,9.740242668823932302e-04,0.000000000000000000e+00,8.354677679530020384e-02,-1.566981342995954327e-06,-7.790557980681194275e-03
5.899999999999987033e+00,-9.993982848085527504e-01,-8.001317101868909987e+00,-6.292219098892915278e-04,9.286647601603172314e-04,0.000000000000000000e+00,8.348585691612875337e-02,-1.602479999749566014e-06,-7.425735841929194912e-03
5.949999999999986855e+00,-9.994269288095452008e-01,-8.001316741081634376e+00,-5.954778657686187610e-04,8.779079846109453297e-04,0.000000000000000000e+00,8.343216992276669686e-02,-1.255234900070983728e-06,-7.087660618141443380e-03
5.999999999999986677e+00,-9.994539359359422281e-01,-8.001316377286023851e+00,-5.623418103675892777e-04,8.348706092928747605e-04,0.000000000000000000e+00,8.337937854594734688e-02,-1.551214842643542513e-06,-6.761941978201409242e-03
6.049999999999986500e+00,-9.994795863401313429e-01,-8.001316026734702547e+00,-5.328069861731084874e-04,7.860357842122234033e-04,0.000000000000000000e+00,8.335064355948773596e-02,-2.666883742956926298e-07,-6.458902663166916219e-03
6.099999999999986322e+00,-9.995038195913983348e-01,-8.001315665896258977e+00,-5.039930597446214654e-04,7.440843330837272661e-04,0.000000000000000000e+00,8.330096118608487643e-02,-1.297664334156674718e-06,-6.165120661096076815e-03
6.149999999999986144e+00,-9.995267671659225917e-01,-8.001315317522932347e+00,-4.770408102937673863e-04,7.030764642703985629e-04,0.000000000000000000e+00,8.326144063901796954e-02,-1.155002671544570194e-06,-5.890374733536955440e-03
6.199999999999985967e+00,-9.995484433832961813e-01,-8.001314967326312200e+00,-4.510078355717486330e-04,6.665930703043942973e-04,0.000000000000000000e+00,8.322013527333993466e-02,-1.436550154469784760e-06,-5.629179025315042377e-03
6.249999999999985789e+00,-9.995689193377396142e-01,-8.001314620127738308e+00,-4.261945116413980508e-04,6.325277519649180917e-04,0.000000000000000000e+00,8.319292487691853921e-02,-9.876902058028413602e-07,-5.384221632670712493e-03
6.299999999999985612e+00,-9.995882748271902596e-01,-8.001314272213395640e+00,-4.028282699014315398e-04,5.994871685318008212e-04,0.000000000000000000e+00,8.315402812652017417e-02,-1.880895364827982944e-06,-5.153511020457414785e-03
6.349999999999985434e+00,-9.996065941036015312e-01,-8.001313942711602678e+00,-3.810474661575603871e-04,5.667129498009256579e-04,0.000000000000000000e+00,8.313673368169371969e-02,-8.019441796394508592e-07,-4.935149787283231448e-03
6.399999999999985256e+00,-9.996238851961924965e-01,-8.001313609690599904e+00,-3.600023453708119190e-04,5.375508429877347673e-04,0.000000000000000000e+00,8.311465358187675179e-02,-6.342118665204251477e-07,-4.727448086825127363e-03
6.449999999999985079e+00,-9.996401891209550916e-01,-8.001313277438674376e+00,-3.397435398845663501e-04,5.110758963351704149e-04,0.000000000000000000e+00,8.309798254853895116e-02,-3.986592837418284285e-07,-4.532902889448681485e-03
6.499999999999984901e+00,-9.996556084217047555e-01,-8.001312944785206938e+00,-3.210288109963061387e-04,4.837196326211774702e-04,0.000000000000000000e+00,8.308157200882781979e-02,-7.461600315977480927e-07,-4.350743043942124910e-03
6.549999999999984723e+00,-9.996702563559729526e-01,-8.001312617320554210e+00,-3.042902540330920088e-04,4.539299339497987343e-04,0.000000000000000000e+00,8.306400703569138955e-02,-1.053318009629926268e-06,-4.177096466922311513e-03
6.599999999999984546e+00,-9.996841937601615991e-01,-8.001312296676815095e+00,-2.890724714108433850e-04,4.240150776488337317e-04,0.000000000000000000e+00,8.305223755740964720e-02,-7.322404806338549162e-07,-4.008933465287260224e-03
6.649999999999984368e+00,-9.996973095677527121e-01,-8.001311972921495652e+00,-2.731336784859457597e-04,4.029672338186577468e-04,0.000000000000000000e+00,8.303651398102829262e-02,-8.309136410054928958e-07,-3.846744201845849528e-03
6.699999999999984190e+00,-9.997096546954775675e-01,-8.001311661696217215e+00,-2.575110812150153798e-04,3.848641761386479448e-04,0.000000000000000000e+00,8.304301200152153228e-02,4.484163826008492725e-07,-3.699099537696843177e-03
6.749999999999984013e+00,-9.997213424212576527e-01,-8.001311338502450354e+00,-2.433837993547795361e-04,3.644004683518619800e-04,0.000000000000000000e+00,8.302858142888869253e-02,-7.246913107048808607e-07,-3.562041066268304811e-03
6.799999999999983835e+00,-9.997324513488422548e-01,-8.001311021865511464e+00,-2.307915375155684522e-04,3.418894220383341363e-04,0.000000000000000000e+00,8.302580130704839689e-02,-6.256431644345021456e-07,-3.430237888404612072e-03
6.849999999999983658e+00,-9.997430215839890888e-01,-8.001310707516786636e+00,-2.192951901231517532e-04,3.194969272003342570e-04,0.000000000000000000e+00,8.302448181740551547e-02,-6.267368850511888898e-07,-3.302388684824296081e-03
6.899999999999983480e+00,-9.997529984580783013e-01,-8.001310390565111064e+00,-2.075862198126794526e-04,3.024334230021568032e-04,0.000000000000000000e+00,8.301689160137293300e-02,-6.740474721863211679e-07,-3.179244354831919830e-03
6.949999999999983302e+00,-9.997623447031316335e-01,-8.001310084224616759e+00,-1.953406240058493896e-04,2.909291216290458572e-04,0.000000000000000000e+00,8.302156126184101481e-02,-1.413631538450046135e-07,-3.065655281817983475e-03
6.999999999999983125e+00,-9.997710792544500791e-01,-8.001309771295687767e+00,-1.831127759654810837e-04,2.816546894647100935e-04,0.000000000000000000e+00,8.301603587365136150e-02,-9.201314263203317199e-07,-2.963178422926434664e-03
7.049999999999982947e+00,-9.997793496935075686e-01,-8.001309464891205536e+00,-1.726579578925799231e-04,2.671430238633728800e-04,0.000000000000000000e+00,8.302416936809819958e-02,-2.608685009359509631e-07,-2.869822261488557107e-03
7.099999999999982769e+00,-9.997872678195294238e-01,-8.001309168022000762e+00,-1.642524714343544302e-04,2.473363649236004166e-04,0.000000000000000000e+00,8.303889153977372928e-02,4.749666423803201945e-07,-2.777966769434523676e-03
7.149999999999982592e+00,-9.997948172905983810e-01,-8.001308861884496082e+00,-1.564774353378920097e-04,2.289692363247301397e-04,0.000000000000000000e+00,8.304291736108382338e-02,-4.057674404635931404e-07,-2.685083960620949107e-03
7.199999999999982414e+00,-9.998020472410177328e-01,-8.001308560933349412e+00,-1.495392412993069441e-04,2.109281652141244828e-04,0.000000000000000000e+00,8.305507540677403711e-02,9.643663024878086878e-08,-2.595789159354296941e-03
7.249999999999982236e+00,-9.998087733762988094e-01,-8.001308255434050665e+00,-1.407367553242039554e-04,2.039524760717116765e-04,0.000000000000000000e+00,8.305116719364313838e-02,-5.927465641116246360e-07,-2.508709665472683495e-03
7.299999999999982059e+00,-9.998150369044033203e-01,-8.001307957379417246e+00,-1.316727534702899808e-04,1.994179882730253914e-04,0.000000000000000000e+00,8.305926625875326152e-02,-2.535903706837928124e-07,-2.434929435508876531e-03
7.349999999999981881e+00,-9.998209161296653935e-01,-8.001307658412777357e+00,-1.234459910670618267e-04,1.924414402313330595e-04,0.000000000000000000e+00,8.307777104174363103e-02,6.588473858868865261e-08,-2.368893768839760473e-03
7.399999999999981704e+00,-9.998266257446394301e-01,-8.001307370798146579e+00,-1.181210350244299196e-04,1.752529763555941739e-04,0.000000000000000000e+00,8.309855988553760398e-02,6.471002425328791691e-07,-2.306043920950954628e-03
7.449999999999981526e+00,-9.998320444843665777e-01,-8.001307076349075231e+00,-1.125192686689628077e-04,1.626094465063438626e-04,0.000000000000000000e+00,8.311461205771752958e-02,5.568288275439840112e-07,-2.236800620622422971e-03
7.499999999999981348e+00,-9.998371276960827947e-01,-8.001306771641196747e+00,-1.062751058163634380e-04,1.550642086154726661e-04,0.000000000000000000e+00,8.311464524210521176e-02,-6.087367717661007192e-07,-2.172773022314343754e-03
7.549999999999981171e+00,-9.998419442344342878e-01,-8.001306472989481833e+00,-1.005841248942192863e-04,1.468152905809548157e-04,0.000000000000000000e+00,8.312959973737221731e-02,-4.255433906933300835e-07,-2.115756925564016809e-03
7.599999999999980993e+00,-9.998465527031473732e-01,-8.001306176694980010e+00,-9.582158742637196600e-05,1.365023823361532042e-04,0.000000000000000000e+00,8.314132113602124008e-02,-5.025974809445546345e-07,-2.061037118299574936e-03
7.649999999999980815e+00,-9.998508677208033379e-01,-8.001305879172738500e+00,-9.041909318306478281e-05,1.308118828421513721e-04,0.000000000000000000e+00,8.314950649018193474e-02,-6.761535454365020426e-07,-2.006578738284530046e-03
7.699999999999980638e+00,-9.998548923634347219e-01,-8.001305593488471146e+00,-8.478355828145169872e-05,1.271916458801735316e-04,0.000000000000000000e+00,8.317021413585479195e-02,3.156852773699966536e-07,-1.958493191703084783e-03
7.749999999999980460e+00,-9.998586113419692945e-01,-8.001305302315584456e+00,-7.888722724831893646e-05,1.253386408366699556e-04,0.000000000000000000e+00,8.319012059558339445e-02,7.195925657803369780e-08,-1.915481032954416451e-03
7.799999999999980282e+00,-9.998622100721364925e-01,-8.001305013292988377e+00,-7.509437996403646757e-05,1.154423018064658970e-04,0.000000000000000000e+00,8.321033359468543722e-02,8.243590645377659425e-08,-1.877857084857660532e-03
7.849999999999980105e+00,-9.998656344336931401e-01,-8.001304721536632414e+00,-7.151040328272324038e-05,1.066897481704256860e-04,0.000000000000000000e+00,8.322287419318641355e-02,-4.030826375167131964e-07,-1.835558119255243422e-03
7.899999999999979927e+00,-9.998688788116936177e-01,-8.001304430960335168e+00,-6.793410572945721626e-05,9.965698874940470762e-05,0.000000000000000000e+00,8.323986867241650600e-02,-1.882611234303478641e-07,-1.795231358876712415e-03
7.949999999999979750e+00,-9.998719156196378410e-01,-8.001304144642622518e+00,-6.403299719944916771e-05,9.533002511955602262e-05,0.000000000000000000e+00,8.326111706687200353e-02,1.053604006758474102e-07,-1.757580698688252776e-03
7.999999999999979572e+00,-9.998748199188927099e-01,-8.001303856602918430e+00,-6.090022855922625611e-05,8.879509465653650786e-05,0.000000000000000000e+00,8.328249242848606571e-02,-3.372408420116254789e-10,-1.724044006845407368e-03
8.049999999999979394e+00,-9.998776125136388249e-01,-8.001303576225158309e+00,-5.831987048614518346e-05,8.135750801755353484e-05,0.000000000000000000e+00,8.330801285064382000e-02,6.838367558449399773e-07,-1.690128454824485959e-03
8.099999999999980105e+00,-9.998802257885193168e-01,-8.001303288524923119e+00,-5.517397138475615579e-05,7.766960281959898462e-05,0.000000000000000000e+00,8.332359521493515331e-02,2.472453681956765483e-08,-1.656187043540687485e-03
8.149999999999980815e+00,-9.998826987878326467e-01,-8.001303007616790808e+00,-5.224701628304473985e-05,7.384350266252468614e-05,0.000000000000000000e+00,8.334859422163809484e-02,3.711118078100865177e-07,-1.626677297347770305e-03
8.199999999999981526e+00,-9.998849864198111614e-01,-8.001302717873372217e+00,7.108071394352469854e-06,2.964951528396052023e-04,0.000000000000000000e+00,8.336343362577913751e-02,-2.899989142377989486e-07,-1.598597335847477645e-03
8.249999999999982236e+00,-9.998870383769069559e-01,-8.001302424318057049e+00,-2.230101402137341993e-05,1.195597806087822561e-04,0.000000000000000000e+00,8.347479167555782453e-02,-8.455771170300915894e-07,-1.747096562819122102e-03
8.299999999999982947e+00,-9.998906178320174920e-01,-8.001302138082863280e+00,-5.222783566137272120e-05,-2.405946207296968443e-05,0.000000000000000000e+00,8.345906320927198863e-02,-2.666437213247665229e-07,-1.625737220370515601e-03
8.349999999999983658e+00,-9.998937701162509128e-01,-8.001301853064743952e+00,-5.921872013148137101e-05,-4.721110753880995513e-05,0.000000000000000000e+00,8.342460817313490651e-02,5.075524345091559551e-08,-1.479870749429743840e-03
8.399999999999984368e+00,-9.998960367519773573e-01,-8.001301568368081263e+00,4.081142160448059493e-06,2.154305631366661936e-04,0.000000000000000000e+00,8.341243579726587143e-02,2.254920446962662104e-07,-1.411054545067452022e-03
8.449999999999985079e+00,-9.998972829156865805e-01,-8.001301286745354346e+00,-1.407751372376924421e-05,9.970982697246478089e-05,0.000000000000000000e+00,8.354049224034465482e-02,-1.109653754979730504e-08,-1.572018638211221397e-03
8.499999999999985789e+00,-9.999000295669537852e-01,-8.001301013010614582e+00,2.776652034906602881e-05,2.471439978693105804e-04,0.000000000000000000e+00,8.354231789927091256e-02,8.385366346219791607e-07,-1.497397521717887129e-03
8.549999999999986500e+00,-9.999023533317215051e-01,-8.001300729803087819e+00,-1.736900251875121497e-05,1.717310682418203430e-05,0.000000000000000000e+00,8.358803374847667556e-02,2.410326075736260798e-07,-1.585077383848644333e-03
8.599999999999987210e+00,-9.999050774561666355e-01,-8.001300451473946751e+00,2.618019903961422095e-05,1.879352916928049154e-04,0.000000000000000000e+00,8.357998808558342319e-02,6.730350480826665311e-07,-1.411203495078250294e-03
8.649999999999987921e+00,-9.999071355911460790e-01,-8.001300167707981359e+00,-1.481682026236196532e-05,-1.363984385365846815e-05,0.000000000000000000e+00,8.362482455763853295e-02,1.923594166556127217e-07,-1.504473175136138543e-03
8.699999999999988631e+00,-9.999095065220620082e-01,-8.001299882905403393e+00,2.306869996892321317e-05,1.406302058422118063e-04,0.000000000000000000e+00,8.361392422020230697e-02,2.024868328285085001e-07,-1.347330325568008632e-03
8.749999999999989342e+00,-9.999112410870985013e-01,-8.001299602792759202e+00,-1.228971785862985161e-05,-2.892950663644080155e-05,0.000000000000000000e+00,8.366048328526698441e-02,-2.223279468192936969e-08,-1.428453768116906336e-03
8.799999999999990052e+00,-9.999132627166288367e-01,-8.001299323385820728e+00,1.994244046680049092e-05,1.057850279925669006e-04,0.000000000000000000e+00,8.365107420003248251e-02,2.936256396302568466e-09,-1.293531362042712541e-03
8.849999999999990763e+00,-9.999146420083839804e-01,-8.001299045150421563e+00,-9.463691961921380074e-06,-3.299650732083229650e-05,0.000000000000000000e+00,8.369544687318786202e-02,5.389063690247987525e-07,-1.362481969235562924e-03
8.899999999999991473e+00,-9.999161831373342135e-01,-8.001298761780157420e+00,1.549997128967019213e-05,7.345744714969904758e-05,0.000000000000000000e+00,8.369100923463523856e-02,-6.274984871151220923e-08,-1.251221702780595932e-03
8.949999999999992184e+00,-9.999172564808626040e-01,-8.001298481714806954e+00,2.018028458784820083e-05,7.748721091247101264e-05,0.000000000000000000e+00,8.372850961896194377e-02,-1.331022474065059798e-07,-1.304992852512288021e-03
8.999999999999992895e+00,-9.999184706968786696e-01,-8.001298196185929967e+00,2.362998016306257123e-05,7.578855103083410741e-05,0.000000000000000000e+00,8.373336224484972945e-02,-6.719991636827475356e-07,-1.303308065695395939e-03
9.049999999999993605e+00,-9.999194295119548936e-01,-8.001297919269765302e+00,-3.289974892272415778e-06,-4.704897939667113203e-05,0.000000000000000000e+00,8.376096451630488104e-02,1.627666311345162195e-07,-1.295719889099958885e-03
9.099999999999994316e+00,-9.999202674650031764e-01,-8.001297637074740621e+00,1.010982916017877400e-05,1.596003269246709048e-05,0.000000000000000000e+00,8.377247411752719586e-02,-6.686108448072791439e-07,-1.198424197999280183e-03
9.149999999999995026e+00,-9.999209362978846993e-01,-8.001297366564621427e+00,1.368377461793822949e-05,2.706380798501129310e-05,0.000000000000000000e+00,8.380442614916994160e-02,1.731040261969391583e-07,-1.227126299030233125e-03
9.199999999999995737e+00,-9.999216794266294617e-01,-8.001297102705930087e+00,1.585991245900887517e-05,3.035559775229149522e-05,0.000000000000000000e+00,8.383737798446500022e-02,1.384139138482800417e-06,-1.228101558208690098e-03
9.249999999999996447e+00,-9.999222517672434751e-01,-8.001296826319993727e+00,1.508625609745530580e-05,2.118985275561896341e-05,0.000000000000000000e+00,8.386112858376115753e-02,4.399832931980560832e-07,-1.223657131953096409e-03
9.299999999999997158e+00,-9.999227614725206825e-01,-8.001296548590676849e+00,1.417832952355447020e-05,1.332017590889187850e-05,0.000000000000000000e+00,8.388302008763215412e-02,2.669541635084186673e-07,-1.212689161007026372e-03
9.349999999999997868e+00,-9.999230667648678628e-01,-8.001296268513771182e+00,1.222355031371897662e-05,2.837023887771638592e-06,0.000000000000000000e+00,8.390054879398434196e-02,-3.037463152952708448e-07,-1.202247167851960884e-03
9.399999999999998579e+00,-9.999233715324002958e-01,-8.001296002688221165e+00,1.133255931665856975e-05,-1.294344878024265795e-06,0.000000000000000000e+00,8.393449406216202391e-02,7.203269104716195870e-07,-1.191647062415867285e-03
9.449999999999999289e+00,-9.999235881261565595e-01,-8.001295725523103641e+00,1.051717882517067081e-05,-4.296997868370962313e-06,0.000000000000000000e+00,8.395492060009779323e-02,3.528045674759736270e-08,-1.184331297063455270e-03
9.500000000000000000e+00,-9.999238549308374635e-01,-8.001295449555296813e+00,1.045117116179248475e-05,-3.701628948209510458e-06,0.000000000000000000e+00,8.397966001631651523e-02,-2.057173094789945882e-07,-1.178571018730942147e-03
9.550000000000000711e+00,-9.999240378395419793e-01,-8.001295179203239627e+00,9.950836471454504680e-06,-4.962641919919499845e-06,0.000000000000000000e+00,8.400751249282834010e-02,6.440851297428210591e-08,-1.174365644908604948e-03
9.600000000000001421e+00,-9.999242319628642850e-01,-8.001294905678598468e+00,9.809107113985955347e-06,-4.537030965809790096e-06,0.000000000000000000e+00,8.403271055283489943e-02,1.141084660010158189e-07,-1.170080983454633477e-03
9.650000000000002132e+00,-9.999243812363026729e-01,-8.001294639899832362e+00,9.518153285264033337e-06,-4.793440087535503512e-06,0.000000000000000000e+00,8.406645056496486745e-02,7.768687905365338553e-07,-1.166732607188419304e-03
9.700000000000002842e+00,-9.999244684998849220e-01,-8.001294367269034424e+00,9.247162889134048587e-06,-4.918713654548326564e-06,0.000000000000000000e+00,8.409151361737876584e-02,3.289055714630339217e-07,-1.163597367799268627e-03
9.750000000000003553e+00,-9.999245588261060913e-01,-8.001294097374202607e+00,9.118148934970987587e-06,-4.451026740290897630e-06,0.000000000000000000e+00,8.412352753697405205e-02,6.624477607629177382e-07,-1.161453763627128986e-03
9.800000000000004263e+00,-9.999246285541453227e-01,-8.001293823092586521e+00,9.048142483509281819e-06,-3.840847198079537279e-06,0.000000000000000000e+00,8.414889345139453525e-02,4.908829535014857809e-09,-1.159701507322411689e-03
9.850000000000004974e+00,-9.999246766105208684e-01,-8.001293545913345184e+00,9.019166508391958601e-06,-3.188581658932921255e-06,0.000000000000000000e+00,8.416932718020930793e-02,-3.287100718115421901e-07,-1.158439966859002189e-03
9.900000000000005684e+00,-9.999246171826807750e-01,-8.001293273224000302e+00,8.997333269415699742e-06,-2.638198283051371507e-06,0.000000000000000000e+00,8.419526565515056404e-02,2.869487820615237492e-08,-1.157629875220640833e-03
9.950000000000006395e+00,-9.999245401929502952e-01,-8.001292999905723846e+00,9.007593784142696526e-06,-2.069516567533110579e-06,0.000000000000000000e+00,8.422409724140589304e-02,1.397024780870668899e-07,-1.158454046444633897e-03
1.000000000000000711e+01,-9.999245191889581941e-01,-8.001292723690566433e+00,8.943255836061696909e-06,-1.912965046350483373e-06,0.000000000000000000e+00,8.424559589858482411e-02,-5.259463288615813093e-07,-1.159640494787828090e-03
1.005000000000000782e+01,-9.999244961390466591e-01,-8.001292453146477968e+00,8.887708942836190166e-06,-1.752559609982410493e-06,0.000000000000000000e+00,8.427135944278063562e-02,-2.656809643550395081e-07,-1.159757393785275197e-03
1.010000000000000853e+01,-9.999244938010928285e-01,-8.001292184936058760e+00,8.853806927030699093e-06,-1.537655751207890908e-06,0.000000000000000000e+00,8.429870532633376712e-02,7.253218177352800915e-08,-1.159932058023775041e-03
1.015000000000000924e+01,-9.999244679970760163e-01,-8.001291921384630967e+00,8.800061909545976716e-06,-1.445104670905199272e-06,0.000000000000000000e+00,8.433657405832661880e-02,9.248384238036943595e-07,-1.159862709120503205e-03
1.020000000000000995e+01,-9.999245219667072249e-01,-8.001291650045466497e+00,8.839766133996136493e-06,-9.972668389235227226e-07,0.000000000000000000e+00,8.436258771928262234e-02,1.354833272646312423e-07,-1.160084234715616979e-03
1.025000000000001066e+01,-9.999245269816757764e-01,-8.001291377872432165e+00,8.865212506416190165e-06,-6.960279814586049735e-07,0.000000000000000000e+00,8.438272123511580958e-02,-9.860516043344105270e-08,-1.159396979261167636e-03
1.030000000000001137e+01,-9.999245495020639973e-01,-8.001291109993434958e+00,8.826594527694658137e-06,-7.112943000530099088e-07,0.000000000000000000e+00,8.441888641796868598e-02,4.479388866447806520e-07,-1.159400129561479918e-03
1.035000000000001208e+01,-9.999245808314908279e-01,-8.001290837665903766e+00,8.841510063754818742e-06,-5.093732958017663974e-07,0.000000000000000000e+00,8.444325403700325694e-02,4.265925673045004612e-08,-1.158943380361382967e-03
1.040000000000001279e+01,-9.999245066788077230e-01,-8.001290569940618269e+00,8.886454281870953184e-06,-2.277217641768779198e-07,0.000000000000000000e+00,8.447075083680744001e-02,1.368337175808417515e-07,-1.158519378810883267e-03
1.045000000000001350e+01,-9.999245032330843497e-01,-8.001290302125998011e+00,8.843171394772010057e-06,-3.553089597372724118e-07,0.000000000000000000e+00,8.449854727000349897e-02,4.066920944378830755e-07,-1.159770097251967185e-03
1.050000000000001421e+01,-9.999244842007268819e-01,-8.001290034580629040e+00,8.807344107432808802e-06,-4.275563171466209588e-07,0.000000000000000000e+00,8.452748547609623131e-02,2.761994035134411473e-07,-1.159688471807689787e-03
1.055000000000001492e+01,-9.999244992697831069e-01,-8.001289771829574349e+00,8.749100934632028046e-06,-5.750177449204164859e-07,0.000000000000000000e+00,8.455909493250501896e-02,5.230096431856753906e-07,-1.159863609122559159e-03
1.060000000000001563e+01,-9.999245102607272617e-01,-8.001289515347682624e+00,8.694714431287426542e-06,-6.775602093147361126e-07,0.000000000000000000e+00,8.459687676914917631e-02,1.282230762764393844e-06,-1.159458184303509883e-03
1.065000000000001634e+01,-9.999245544276392783e-01,-8.001289253006790503e+00,8.708746461513368060e-06,-4.859200465480237070e-07,0.000000000000000000e+00,8.463233312862783464e-02,1.011622741075649352e-06,-1.159125809707709084e-03
1.070000000000001705e+01,-9.999245541301673423e-01,-8.001288984371884183e+00,8.753969715007476655e-06,-2.078430232619871262e-07,0.000000000000000000e+00,8.465754652488577392e-02,5.936591434247908859e-07,-1.158506524681372253e-03
1.075000000000001776e+01,-9.999246073932468448e-01,-8.001288711038871071e+00,8.841055605930866064e-06,1.820691450839629984e-07,0.000000000000000000e+00,8.468394846790339159e-02,2.022284697946042912e-07,-1.158650274383821437e-03
1.080000000000001847e+01,-9.999246473224884246e-01,-8.001288436089707190e+00,8.866734690903030726e-06,2.483716559558275677e-07,0.000000000000000000e+00,8.470356710469317818e-02,-4.075989311439640064e-07,-1.158119552740504614e-03
1.085000000000001918e+01,-9.999246988622356724e-01,-8.001288167351216174e+00,8.855505547103831063e-06,1.537807495678640517e-07,0.000000000000000000e+00,8.472445854806576193e-02,-5.375562905362950916e-07,-1.157599705700067868e-03
1.090000000000001990e+01,-9.999247186590520808e-01,-8.001287901742013986e+00,8.770117247743597192e-06,-2.185285977866393705e-07,0.000000000000000000e+00,8.475767674597101120e-02,-6.757605515816226354e-08,-1.156792023727771937e-03
1.095000000000002061e+01,-9.999246503457156487e-01,-8.001287638317526429e+00,8.795969024589299048e-06,-7.141577084650553212e-08,0.000000000000000000e+00,8.478767525641295322e-02,5.426014194543418692e-07,-1.156232075514523330e-03
1.100000000000002132e+01,-9.999246216290919032e-01,-8.001287376703022147e+00,8.743684299823735874e-06,-2.662715157394541559e-07,0.000000000000000000e+00,8.482066221875061984e-02,8.147292655983173637e-07,-1.157336399035221010e-03
1.105000000000002203e+01,-9.999246217287307559e-01,-8.001287115250768522e+00,8.685958406058776919e-06,-4.439207876513958816e-07,0.000000000000000000e+00,8.485500600256656867e-02,7.233265581570497689e-07,-1.157606111436038825e-03
1.110000000000002274e+01,-9.999246395644604268e-01,-8.001286840106949683e+00,8.781439157835113456e-06,2.678637698422404131e-08,0.000000000000000000e+00,8.486776691434450015e-02,-5.784882707124638287e-07,-1.157426821097084883e-03
1.115000000000002345e+01,-9.999246179992340444e-01,-8.001286580803267157e+00,8.706457098418377106e-06,-2.784991360795619122e-07,0.000000000000000000e+00,8.490845530734247859e-02,8.900772162151406506e-07,-1.157453365873084995e-03
1.120000000000002416e+01,-9.999246141610973471e-01,-8.001286309101498517e+00,8.754056411266548698e-06,-3.240205747096587914e-08,0.000000000000000000e+00,8.492582246465918416e-02,-2.334211119267492711e-07,-1.157545899521414661e-03
1.125000000000002487e+01,-9.999237676693392141e-01,-8.001286024050077827e+00,1.504700278769005163e-05,2.514586385971688418e-05,0.000000000000000000e+00,8.487226019995830484e-02,-3.836711834658919197e-06,-1.157750077458233546e-03
1.130000000000002558e+01,-9.999199724929883626e-01,-8.001285760667165903e+00,5.191026310026030380e-05,1.675697323380524045e-04,0.000000000000000000e+00,8.476066022568673475e-02,-5.693255738152436640e-06,-1.189829729370022165e-03
1.135000000000002629e+01,-9.999135227423423533e-01,-8.001285526437126094e+00,9.834830349198868903e-05,3.198079474373528245e-04,0.000000000000000000e+00,8.472819323569691363e-02,-1.103062226986028573e-06,-1.360296251332962676e-03
1.140000000000002700e+01,-9.999050481739946150e-01,-8.001285277964838016e+00,1.411694126625396813e-04,4.271307946320837784e-04,0.000000000000000000e+00,8.471523342273101775e-02,-6.297781216925989673e-08,-1.600071883142984309e-03
1.145000000000002771e+01,-9.998952919266093087e-01,-8.001285026490689845e+00,1.736562230881018981e-04,4.716518774079140794e-04,0.000000000000000000e+00,8.471719105256791948e-02,-5.196318887567164922e-07,-1.859079901293481281e-03
1.150000000000002842e+01,-9.998848206027546315e-01,-8.001284779886505660e+00,1.952204020181287658e-04,4.635782176464375197e-04,0.000000000000000000e+00,8.474269381794208300e-02,-5.374998975039948597e-07,-2.105483608601692487e-03
1.155000000000002913e+01,-9.998741158704417265e-01,-8.001284536189109176e+00,2.066390974697875560e-04,4.165373559237845586e-04,0.000000000000000000e+00,8.479180233964100921e-02,-1.347024767547609006e-07,-2.328971701536472136e-03
1.160000000000002984e+01,-9.998636029336998021e-01,-8.001284283905407690e+00,2.089068361549857675e-04,3.423008394798204282e-04,0.000000000000000000e+00,8.484268001429295936e-02,-9.788741661219997975e-07,-2.524712622363927891e-03
1.165000000000003055e+01,-9.998535619195191293e-01,-8.001284042613502123e+00,2.041511608601511449e-04,2.548179704045181447e-04,0.000000000000000000e+00,8.491742361463039401e-02,-1.252957341194074790e-07,-2.689391383828275330e-03
1.170000000000003126e+01,-9.998443252236987044e-01,-8.001283797040191104e+00,1.926042654424198360e-04,1.576667946526899415e-04,0.000000000000000000e+00,8.499535282003289893e-02,-4.709876925039532663e-07,-2.825358960836631215e-03
1.175000000000003197e+01,-9.998359590536882724e-01,-8.001283559339475104e+00,1.775466010675914755e-04,6.590277822283938114e-05,0.000000000000000000e+00,8.508900266592522854e-02,5.750911044223797863e-07,-2.928344611172148740e-03
1.180000000000003268e+01,-9.998286531718910686e-01,-8.001283323174039452e+00,1.588160818992465453e-04,-2.219985409510715461e-05,0.000000000000000000e+00,8.518982150347476079e-02,1.735415264256249738e-06,-3.007459158728762426e-03
1.185000000000003340e+01,-9.998224130595501080e-01,-8.001283082057693008e+00,1.385587115897481689e-04,-9.878936451407809352e-05,0.000000000000000000e+00,8.528661765972422870e-02,1.693611683034732057e-06,-3.059356979350546461e-03
1.190000000000003411e+01,-9.998174211101747977e-01,-8.001282837043820706e+00,1.155171144547271751e-04,-1.711978801513451380e-04,0.000000000000000000e+00,8.537487383930475460e-02,1.147479213270261856e-06,-3.090565619433872230e-03
1.195000000000003482e+01,-9.998134683656720867e-01,-8.001282593444962288e+00,9.388131147010749574e-05,-2.235015160595536245e-04,0.000000000000000000e+00,8.546715216186484554e-02,1.455273868116001092e-06,-3.094476454517632816e-03
1.200000000000003553e+01,-9.998106829672444018e-01,-8.001282347926213845e+00,7.132683780062659120e-05,-2.690191075255652818e-04,0.000000000000000000e+00,8.554937032400289354e-02,1.615754887148892290e-06,-3.087129166071426664e-03
1.205000000000003624e+01,-9.998088064650103579e-01,-8.001282090851619344e+00,5.158514274914554069e-05,-2.941820662263753324e-04,0.000000000000000000e+00,8.562610594401931507e-02,1.073388669848772800e-06,-3.059442244656225725e-03
1.210000000000003695e+01,-9.998077779952512234e-01,-8.001281835822686261e+00,3.393537774720423682e-05,-3.059447129888645056e-04,0.000000000000000000e+00,8.569652124348436928e-02,1.537713606090393796e-06,-3.026785299652965354e-03
1.215000000000003766e+01,-9.998075233428774800e-01,-8.001281572098914552e+00,1.949051897501533797e-05,-3.025352054798463976e-04,0.000000000000000000e+00,8.574953112462324611e-02,4.439684028291962842e-07,-2.987851044697596888e-03
1.220000000000003837e+01,-9.998078678174466827e-01,-8.001281306310282559e+00,1.436134171414561042e-05,-2.625448734273557491e-04,0.000000000000000000e+00,8.579875846464446454e-02,2.102554235598274459e-07,-2.947180657176288413e-03
1.225000000000003908e+01,-9.998087718223503950e-01,-8.001281046527028096e+00,1.772833026079647379e-05,-1.965679445552813518e-04,0.000000000000000000e+00,8.584582301023147011e-02,5.661014292727123845e-07,-2.926215671537600507e-03
1.230000000000003979e+01,-9.998100251720378751e-01,-8.001280779265641740e+00,2.300768235413281742e-05,-1.361369472708800349e-04,0.000000000000000000e+00,8.587408201021062837e-02,1.529927875105789607e-07,-2.923025923373734781e-03
1.235000000000004050e+01,-9.998114253345727898e-01,-8.001280520483350145e+00,2.678092006604275340e-05,-9.381660696906451167e-05,0.000000000000000000e+00,8.590731278638408241e-02,6.781696099415318620e-07,-2.920486084200477235e-03
1.240000000000004121e+01,-9.998128785624038617e-01,-8.001280256145061998e+00,2.891038325445179449e-05,-6.653543282161556967e-05,0.000000000000000000e+00,8.592858388142410320e-02,2.762184582184983817e-07,-2.911105220128748765e-03
1.245000000000004192e+01,-9.998142076542471113e-01,-8.001280000887255994e+00,-5.196901021624888769e-06,-1.896574833615972521e-04,0.000000000000000000e+00,8.596108959329384902e-02,1.293690675813290913e-06,-2.895865550551665526e-03
1.250000000000004263e+01,-9.998154680445150433e-01,-8.001279734543652822e+00,1.391829002241873055e-05,-7.526522251310443709e-05,0.000000000000000000e+00,8.598359257265641986e-02,6.199129616706025401e-07,-2.770878731110794791e-03
1.255000000000004334e+01,-9.998165828551419665e-01,-8.001279464656317231e+00,-8.794337315937323868e-06,-1.510626873639065002e-04,0.000000000000000000e+00,8.600565654628500312e-02,1.001061986020489035e-07,-2.810847666233636400e-03
1.260000000000004405e+01,-9.998177457778052446e-01,-8.001279198753973532e+00,1.140192775885382292e-05,-4.006508959196176901e-05,0.000000000000000000e+00,8.600591794732093121e-02,-4.414088440066006320e-07,-2.724170613763295546e-03
1.265000000000004476e+01,-9.998185589156175501e-01,-8.001278942201022204e+00,-6.447365313702885886e-06,-1.034492439637952428e-04,0.000000000000000000e+00,8.605387957418919598e-02,4.258684490581146920e-07,-2.768931270798068948e-03
1.270000000000004547e+01,-9.998195437778483186e-01,-8.001278684120858742e+00,1.030163042690000789e-05,-1.576341220862558206e-05,0.000000000000000000e+00,8.607041435188822476e-02,9.274088782827843025e-07,-2.701758380501933197e-03
1.275000000000004619e+01,-9.998201414206050464e-01,-8.001278418175900242e+00,1.299409686936301990e-05,-1.840863997048570750e-06,0.000000000000000000e+00,8.610105315636928935e-02,2.070898638929364845e-07,-2.738572354269944425e-03
1.280000000000004690e+01,-9.998208658989231612e-01,-8.001278160746100099e+00,1.527698536316951159e-05,7.658862777586979037e-06,0.000000000000000000e+00,8.612618243904801574e-02,7.278743665327085771e-07,-2.737900509843608880e-03
1.285000000000004761e+01,-9.998214424437688042e-01,-8.001277896062209294e+00,1.476565289154224533e-05,4.081760335560548022e-06,0.000000000000000000e+00,8.614732338598685146e-02,-4.946323445399817127e-08,-2.734064631983896231e-03
1.290000000000004832e+01,-9.998219049355613341e-01,-8.001277629708738459e+00,1.351929028268844085e-05,-1.720042166966708020e-06,0.000000000000000000e+00,8.616013894711205268e-02,-2.346579287476523842e-07,-2.723841555198022388e-03
1.295000000000004903e+01,-9.998222836511159173e-01,-8.001277365310103917e+00,1.229167261963667261e-05,-6.286504385780369756e-06,0.000000000000000000e+00,8.619085763433531611e-02,5.138621123530676401e-08,-2.713065381283228262e-03
1.300000000000004974e+01,-9.998226975496693480e-01,-8.001277104876939106e+00,1.204813058697637624e-05,-6.003371639265467874e-06,0.000000000000000000e+00,8.621461152379872317e-02,-9.765517275572491166e-08,-2.703603585405136428e-03
1.305000000000005045e+01,-9.998229106517921849e-01,-8.001276849142616499e+00,1.054584232612652080e-05,-1.081185035481171071e-05,0.000000000000000000e+00,8.624425230909604778e-02,4.255298597239154287e-07,-2.696644997615378972e-03
1.310000000000005116e+01,-9.998231342961136914e-01,-8.001276588729938410e+00,1.001563341444242792e-05,-1.077031593058571059e-05,0.000000000000000000e+00,8.626686766369573434e-02,2.098335143461633954e-07,-2.688821417781946718e-03
1.315000000000005187e+01,-9.998233551503311611e-01,-8.001276331475910553e+00,9.762849509008882689e-06,-9.627388366202733815e-06,0.000000000000000000e+00,8.629425081238384365e-02,2.634256552324939591e-07,-2.683833709468314444e-03
1.320000000000005258e+01,-9.998235214068129650e-01,-8.001276070396013296e+00,9.398247733499323707e-06,-9.160317795000403671e-06,0.000000000000000000e+00,8.632298811008354278e-02,1.837697027981168622e-07,-2.679742321758546170e-03
1.325000000000005329e+01,-9.998236042701368342e-01,-8.001275806065926588e+00,9.010801715779392874e-06,-8.878038306880024243e-06,0.000000000000000000e+00,8.634528992025991556e-02,-8.392615085132029194e-08,-2.676125501037212705e-03
1.330000000000005400e+01,-9.998236875608318419e-01,-8.001275546065024002e+00,8.808175877188302474e-06,-7.912933999868369136e-06,0.000000000000000000e+00,8.637707480719214459e-02,1.463409967946340452e-07,-2.673689217419384073e-03
1.335000000000005471e+01,-9.998237940526373269e-01,-8.001275288765270943e+00,8.785932828809086818e-06,-6.419319393411557255e-06,0.000000000000000000e+00,8.639643242279682056e-02,-1.723094035204439269e-07,-2.671815769399054578e-03
1.340000000000005542e+01,-9.998238611091123662e-01,-8.001275037579116400e+00,8.646934675338762208e-06,-5.691448128610536622e-06,0.000000000000000000e+00,8.642969457462434946e-02,4.584357277559782078e-07,-2.670149883726450225e-03
1.345000000000005613e+01,-9.998238746122352083e-01,-8.001274779104072365e+00,8.535859375881653301e-06,-4.997459700716859164e-06,0.000000000000000000e+00,8.646269134534811940e-02,5.039618140677114268e-07,-2.668715922280060805e-03
1.350000000000005684e+01,-9.998239754847508820e-01,-8.001274524231122953e+00,8.634275903263349328e-06,-3.604301651046708899e-06,0.000000000000000000e+00,8.649146794087414492e-02,8.008915603638344407e-07,-2.668171263508805485e-03
1.355000000000005755e+01,-9.998240273690930380e-01,-8.001274257928546518e+00,8.658679141498332600e-06,-2.785828367897435389e-06,0.000000000000000000e+00,8.650908241291332956e-02,-6.203641412387245539e-07,-2.666961298683605871e-03
1.360000000000005826e+01,-9.998240263781447146e-01,-8.001274001710433126e+00,8.535617699022623404e-06,-2.720908464220778149e-06,0.000000000000000000e+00,8.653963721990187707e-02,1.317795451543558959e-07,-2.666258195526430893e-03
1.365000000000005898e+01,-9.998240630390025085e-01,-8.001273749137530089e+00,8.474955387796700784e-06,-2.419376016280309781e-06,0.000000000000000000e+00,8.657316857758345918e-02,5.868629072469829083e-07,-2.665894030501471824e-03
1.370000000000005969e+01,-9.998242017572730456e-01,-8.001273499125165500e+00,8.686431756933946110e-06,-1.089595336475278377e-06,0.000000000000000000e+00,8.661316619355741153e-02,1.179007273314801570e-06,-2.665157277712615954e-03
1.375000000000006040e+01,-9.998242122337256399e-01,-8.001273234561226744e+00,8.631975238224792239e-06,-1.089502344016835138e-06,0.000000000000000000e+00,8.662652850799368309e-02,-2.783465765369640644e-07,-2.663727850883462495e-03
1.380000000000006111e+01,-9.998242187715942197e-01,-8.001272980495253151e+00,8.507429963902076131e-06,-1.369782972504325596e-06,0.000000000000000000e+00,8.665882545862757524e-02,3.584697130801173766e-07,-2.663402978013786754e-03
1.385000000000006182e+01,-9.998242013283379359e-01,-8.001272720972727015e+00,8.483441664432135354e-06,-1.191779575883222313e-06,0.000000000000000000e+00,8.668471291477963803e-02,-2.414807063848513609e-07,-2.662921310533151228e-03
1.390000000000006253e+01,-9.998242049776333573e-01,-8.001272468623408685e+00,8.448194670389931829e-06,-1.094411636875389833e-06,0.000000000000000000e+00,8.671575487383620384e-02,6.636630386665654415e-07,-2.663109075413711176e-03
1.395000000000006324e+01,-9.998241558076180757e-01,-8.001272209390664969e+00,8.511222443937302225e-06,-6.234182153108339237e-07,0.000000000000000000e+00,8.674331785641875570e-02,1.947119099039859248e-07,-2.662945775238800133e-03
1.400000000000006395e+01,-9.998241704509089889e-01,-8.001271951343396083e+00,8.459867555139960582e-06,-7.041541274380309168e-07,0.000000000000000000e+00,8.676523495761045979e-02,-4.855093161435753319e-07,-2.663877451014030635e-03
1.405000000000006466e+01,-9.998241414645361314e-01,-8.001271708435691465e+00,8.365112465943645918e-06,-9.423436587356780133e-07,0.000000000000000000e+00,8.680833113563313219e-02,1.123618233817294356e-06,-2.663499628589997489e-03
1.410000000000006537e+01,-9.998241367795485113e-01,-8.001271455128728505e+00,8.391961454947498267e-06,-6.464789709731345787e-07,0.000000000000000000e+00,8.683479718138364944e-02,6.954788289824547897e-07,-2.663642578502985452e-03
1.415000000000006608e+01,-9.998241166088307486e-01,-8.001271206577078132e+00,8.376879626354132404e-06,-5.775104911519703323e-07,0.000000000000000000e+00,8.686721708779643336e-02,1.009520355589900287e-06,-2.663795548204866536e-03
1.420000000000006679e+01,-9.998240261788540195e-01,-8.001270950071518229e+00,8.520721245906331492e-06,1.133580852872119241e-07,0.000000000000000000e+00,8.689909093592795841e-02,6.140662925533319902e-07,-2.664051656938424845e-03
1.425000000000006750e+01,-9.998240438192244062e-01,-8.001270695668482702e+00,8.450718484022706376e-06,-1.893245793047269496e-07,0.000000000000000000e+00,8.692440947480939428e-02,2.385667132605267271e-07,-2.665851138785467391e-03
1.430000000000006821e+01,-9.998240612065043553e-01,-8.001270445761633709e+00,8.406528365244701236e-06,-3.282201385557996021e-07,0.000000000000000000e+00,8.695443696741378403e-02,3.262543634714737827e-07,-2.665370924719194685e-03
1.435000000000006892e+01,-9.998241002621185425e-01,-8.001270192496161116e+00,8.409797907494630465e-06,-2.494979418449229348e-07,0.000000000000000000e+00,8.698551834415457762e-02,5.327508351784097696e-07,-2.664974009951709671e-03
1.440000000000006963e+01,-9.998241452042876398e-01,-8.001269935708142711e+00,8.446578039702885100e-06,-5.247782464292190781e-08,0.000000000000000000e+00,8.700977089274886112e-02,7.306091170027529385e-08,-2.664398245929209836e-03
1.445000000000007034e+01,-9.998242009892408522e-01,-8.001269684939508409e+00,8.420947093241042461e-06,-1.445060455617066315e-07,0.000000000000000000e+00,8.704496101096559357e-02,5.516987425306147235e-07,-2.663837396201958023e-03
1.450000000000007105e+01,-9.998242751106889425e-01,-8.001269430726788201e+00,8.471366478438583134e-06,8.607270434079452543e-08,0.000000000000000000e+00,8.707095374986639769e-02,9.703354695465064190e-08,-2.662921678587270094e-03
1.455000000000007176e+01,-9.998242859972121810e-01,-8.001269179159352873e+00,8.409317939157188204e-06,-1.793359936529406013e-07,0.000000000000000000e+00,8.710307010824003271e-02,5.239744273352774164e-07,-2.661965148575085038e-03
1.460000000000007248e+01,-9.998243106929468604e-01,-8.001268925244200858e+00,8.391727411670169148e-06,-2.138309048704277325e-07,0.000000000000000000e+00,8.712966732090876576e-02,1.678349215481724580e-07,-2.661610741222127097e-03
1.465000000000007319e+01,-9.998243704091924755e-01,-8.001268681270953920e+00,8.364809285016401580e-06,-2.787372305114109421e-07,0.000000000000000000e+00,8.716635832835173403e-02,1.037347719197503723e-06,-2.661186126376321581e-03
1.470000000000007390e+01,-9.998243452849837620e-01,-8.001268434114612305e+00,8.333735192129839252e-06,-3.472861559553763063e-07,0.000000000000000000e+00,8.719691818094155167e-02,8.394667904296754501e-07,-2.660207474860550991e-03
1.475000000000007461e+01,-9.998243515898955769e-01,-8.001268185894909735e+00,8.318237481906475336e-06,-3.398197656577558411e-07,0.000000000000000000e+00,8.723081680047251041e-02,1.213840237957139695e-06,-2.660488629783499138e-03
1.480000000000007532e+01,-9.998242904039953416e-01,-8.001267927697350402e+00,8.427349152357124524e-06,1.645908692763859466e-07,0.000000000000000000e+00,8.725563550889781084e-02,2.054850874320209372e-07,-2.660346323157962694e-03
1.485000000000007603e+01,-9.998243270264263183e-01,-8.001267670069657001e+00,8.426120606868681511e-06,1.267585134673367808e-07,0.000000000000000000e+00,8.727427799512010864e-02,-4.093048204921155084e-07,-2.661600175612355030e-03
1.490000000000007674e+01,-9.998242344626803169e-01,-8.001267421469902885e+00,8.487944406943419385e-06,3.487020110728174453e-07,0.000000000000000000e+00,8.730681177246069069e-02,3.247838058908623089e-07,-2.661047055227533636e-03
1.495000000000007745e+01,-9.998242169865176887e-01,-8.001267169739481488e+00,8.378905958047842280e-06,-1.571921867240482983e-07,0.000000000000000000e+00,8.733777464707692673e-02,3.663625712531891216e-07,-2.662625928725181022e-03
1.500000000000007816e+01,-9.998241783630490431e-01,-8.001266915847349281e+00,8.382051083098119744e-06,-1.131732491781289711e-07,0.000000000000000000e+00,8.736551437958084421e-02,1.662211332760210344e-07,-2.662552232736048637e-03
1.505000000000007887e+01,-9.998241519085558915e-01,-8.001266667033593905e+00,8.340380558587211311e-06,-2.572206973861345375e-07,0.000000000000000000e+00,8.739446924022598040e-02,3.672822800491674066e-07,-2.663141271751056933e-03
1.510000000000007958e+01,-9.998241344861600322e-01,-8.001266413989668536e+00,8.331519324177059517e-06,-2.412214955495142744e-07,0.000000000000000000e+00,8.742480629465809727e-02,3.384544072871877005e-07,-2.663409743930600544e-03
1.515000000000008029e+01,-9.998241358184035699e-01,-8.001266152094274275e+00,8.400575830674590036e-06,8.324882955050671856e-08,0.000000000000000000e+00,8.743956400428132270e-02,-8.314295105073136519e-07,-2.663643787266034308e-03
1.520000000000008100e+01,-9.998241274917830657e-01,-8.001265907918957865e+00,8.287859949047483152e-06,-3.842644628680157672e-07,0.000000000000000000e+00,8.747842389011850628e-02,3.822408807277470206e-07,-2.663836497656692920e-03
1.525000000000008171e+01,-9.998240994004058413e-01,-8.001265657678406029e+00,8.293229455821581595e-06,-2.859335431980191585e-07,0.000000000000000000e+00,8.750806469911065477e-02,3.984306922768106026e-07,-2.663614232042817165e-03
1.530000000000008242e+01,-9.998241003903046709e-01,-8.001265400994965304e+00,8.354050478804938288e-06,1.453725737500798095e-08,0.000000000000000000e+00,8.752664441648150273e-02,-3.614248905480090551e-07,-2.664052140782330325e-03
1.535000000000008313e+01,-9.998241577145415837e-01,-8.001265151375083207e+00,8.358331190519731731e-06,2.875265275917991521e-08,0.000000000000000000e+00,8.755642178549383203e-02,6.497545754362132633e-08,-2.664224621053912483e-03
1.540000000000008384e+01,-9.998241774667713244e-01,-8.001264903387340865e+00,8.291175359185152507e-06,-2.456212031309691555e-07,0.000000000000000000e+00,8.758549194006448602e-02,1.787114810890812266e-07,-2.663377942092530915e-03
1.545000000000008455e+01,-9.998241895435958648e-01,-8.001264658256769025e+00,8.248418288630437242e-06,-3.675252447236339736e-07,0.000000000000000000e+00,8.761967094794709254e-02,6.636263142278683173e-07,-2.662874818682335436e-03
1.550000000000008527e+01,-9.998241707472331763e-01,-8.001264413943529163e+00,8.236925952233769215e-06,-3.399895413655786706e-07,0.000000000000000000e+00,8.765386148852449821e-02,8.741561522754297082e-07,-2.662561974534675101e-03
1.555000000000008598e+01,-9.998241993610876843e-01,-8.001264163162314702e+00,8.269530188521010821e-06,-1.415746879434983780e-07,0.000000000000000000e+00,8.768114536614568522e-02,4.973665466191994845e-07,-2.662808523578300956e-03
1.560000000000008669e+01,-9.998242674401762731e-01,-8.001263912252035482e+00,8.340594282748498066e-06,1.709966265551462662e-07,0.000000000000000000e+00,8.770608604995189239e-02,8.385644127726910654e-08,-2.662479736810151234e-03
1.565000000000008740e+01,-9.998243095712728845e-01,-8.001263669754138164e+00,8.257012344234093422e-06,-1.975304528134968427e-07,0.000000000000000000e+00,8.774685650866409503e-02,1.015163922225924683e-06,-2.661677427895304572e-03
1.570000000000008811e+01,-9.998243442355988497e-01,-8.001263429304099617e+00,8.216387671520191386e-06,-3.205230531064033503e-07,0.000000000000000000e+00,8.778188137859288531e-02,1.272249812478879957e-06,-2.660788029071087853e-03
1.575000000000008882e+01,-9.998243119800307444e-01,-8.001263178982927826e+00,8.263753960411609139e-06,-6.695328691945435282e-08,0.000000000000000000e+00,8.780654895934070225e-02,3.771786729784128330e-07,-2.660142940187534485e-03
1.580000000000008953e+01,-9.998243479695775315e-01,-8.001262928035917099e+00,8.281183530435180736e-06,1.615565055872190768e-08,0.000000000000000000e+00,8.783124141257214745e-02,1.033571311293320073e-07,-2.660772661881370509e-03
1.585000000000009024e+01,-9.998242995585078230e-01,-8.001262679279442125e+00,8.292575887331929668e-06,5.849394803397261631e-08,0.000000000000000000e+00,8.786117251699554487e-02,1.832018334355390786e-07,-2.660286501756151806e-03
1.590000000000009095e+01,-9.998243106657579427e-01,-8.001262432797835444e+00,8.246449608010952880e-06,-1.377099588567264321e-07,0.000000000000000000e+00,8.788924422784560875e-02,3.393548528152406272e-07,-2.661047756261622488e-03
1.595000000000009166e+01,-9.998242784485540380e-01,-8.001262184204417593e+00,8.256087840668966684e-06,-7.161503645332648260e-08,0.000000000000000000e+00,8.791767568546760003e-02,2.129821910539167959e-07,-2.660739078567096478e-03
1.600000000000009237e+01,-9.998243483533928444e-01,-8.001261934554026567e+00,8.310162951089818142e-06,1.590084125207415647e-07,0.000000000000000000e+00,8.794785604230881404e-02,4.048920616023698426e-07,-2.661252022382757342e-03
1.605000000000009308e+01,-9.998243304982896706e-01,-8.001261682754776672e+00,8.290518701216805327e-06,4.862973052454310504e-08,0.000000000000000000e+00,8.797066230682304422e-02,-3.039411668519511398e-07,-2.660370001143606052e-03
1.610000000000009379e+01,-9.998243145175411684e-01,-8.001261438315472319e+00,8.223385320687372335e-06,-2.296297376980936626e-07,0.000000000000000000e+00,8.799930233646335864e-02,2.938511972147980811e-07,-2.660577323400564482e-03
1.615000000000009450e+01,-9.998242343082225370e-01,-8.001261190854465966e+00,8.303617856375147479e-06,1.372263525926210896e-07,0.000000000000000000e+00,8.803427416519227222e-02,5.198142833591230365e-07,-2.660610263812553285e-03
1.620000000000009521e+01,-9.998242273136164204e-01,-8.001260939418735063e+00,8.274198713883288716e-06,-7.895487893336504870e-09,0.000000000000000000e+00,8.805339817007329373e-02,-2.460361962027255469e-07,-2.662060519806150327e-03
1.625000000000009592e+01,-9.998242104961549970e-01,-8.001260691540924341e+00,8.240882166559664369e-06,-1.395825796091647028e-07,0.000000000000000000e+00,8.807908653195894999e-02,-2.716132644973950742e-07,-2.662074827937470703e-03
1.630000000000009663e+01,-9.998242406127453297e-01,-8.001260449539422837e+00,8.173761845341222107e-06,-3.801473485610970055e-07,0.000000000000000000e+00,8.811569693067511366e-02,4.698747667746545000e-07,-2.662224474891321507e-03
1.635000000000009734e+01,-9.998241723747927079e-01,-8.001260207148943593e+00,8.222331072064874345e-06,-1.098409719542714060e-07,0.000000000000000000e+00,8.814798426124337283e-02,6.900958439488680397e-07,-2.661565995443505687e-03
1.640000000000009805e+01,-9.998242473834972888e-01,-8.001259969285749563e+00,8.228182934789828981e-06,-6.446532666359891638e-08,0.000000000000000000e+00,8.817779336305164861e-02,9.511351144199523607e-07,-2.662739157953647896e-03
1.645000000000009877e+01,-9.998241641618355047e-01,-8.001259723782492728e+00,8.289464446890597535e-06,1.935537870721916475e-07,0.000000000000000000e+00,8.820898297561363677e-02,5.255271533369228302e-07,-2.661632051122431522e-03
1.650000000000009948e+01,-9.998242137667985308e-01,-8.001259476026566730e+00,8.246573943573404865e-06,-1.671898361101491613e-08,0.000000000000000000e+00,8.823712801418981400e-02,5.582514184971784504e-07,-2.663069123109674044e-03
1.655000000000010019e+01,-9.998242159581888222e-01,-8.001259225704654199e+00,8.237384212762753182e-06,-5.013411013141814061e-08,0.000000000000000000e+00,8.826484851438642920e-02,1.674493169362513917e-08,-2.662192945911813578e-03
1.660000000000010090e+01,-9.998242533021267642e-01,-8.001258986573201781e+00,8.159261955629887704e-06,-3.525963166365919503e-07,0.000000000000000000e+00,8.829854641234469170e-02,6.329805480212653678e-07,-2.662131770686065619e-03
1.665000000000010161e+01,-9.998242042201933577e-01,-8.001258741143924880e+00,8.190440141066281381e-06,-1.573643115637006600e-07,0.000000000000000000e+00,8.832767766761406847e-02,4.028009740747963641e-07,-2.661330995060934203e-03
1.670000000000010232e+01,-9.998242537584104417e-01,-8.001258497911086565e+00,8.180964054709668288e-06,-1.637957946774123631e-07,0.000000000000000000e+00,8.835601562824280109e-02,3.454800378884986205e-07,-2.662163252874775749e-03
1.675000000000010303e+01,-9.998242267170838193e-01,-8.001258258705300719e+00,8.138752726242955035e-06,-2.998819496087805110e-07,0.000000000000000000e+00,8.839143861431875138e-02,7.548452617920262316e-07,-2.661390993272050136e-03
1.680000000000010374e+01,-9.998242223171336374e-01,-8.001258012586166757e+00,8.136178444160762057e-06,-2.502026880157961722e-07,0.000000000000000000e+00,8.841672028042157905e-02,3.708352198079209084e-07,-2.661666602277549046e-03
1.685000000000010445e+01,-9.998242280434229690e-01,-8.001257768551550242e+00,8.134421284916044232e-06,-2.071907873915081446e-07,0.000000000000000000e+00,8.844655892707020683e-02,4.206244983064955119e-07,-2.661724672741334723e-03
1.690000000000010516e+01,-9.998242319618528828e-01,-8.001257529229198084e+00,8.098829553424341716e-06,-3.081195558800145666e-07,0.000000000000000000e+00,8.847750388050723558e-02,6.804479370273854380e-07,-2.661633366350797843e-03
1.695000000000010587e+01,-9.998242217979076418e-01,-8.001257290854761450e+00,8.061701667953770584e-06,-3.950071865862940751e-07,0.000000000000000000e+00,8.851885944238091497e-02,1.174905785765978340e-06,-2.661464967367294446e-03
1.700000000000010658e+01,-9.998241989177311106e-01,-8.001257043641269107e+00,8.121001328534791609e-06,-7.880710694495454803e-08,0.000000000000000000e+00,8.853974801733599520e-02,2.288143639456486456e-07,-2.661503072656798505e-03
1.705000000000010729e+01,-9.998242412604915197e-01,-8.001256794554633345e+00,8.179816805857682577e-06,1.722162237355968957e-07,0.000000000000000000e+00,8.856712631366825406e-02,8.083572926998345995e-08,-2.662028918262337139e-03
1.710000000000010800e+01,-9.998242329196849187e-01,-8.001256545543455445e+00,8.186193872167196972e-06,1.632812442265347562e-07,0.000000000000000000e+00,8.858635870111264410e-02,-5.636409350152900434e-07,-2.661574928529356586e-03
1.715000000000010871e+01,-9.998242481550703165e-01,-8.001256305501243560e+00,8.105093818499560482e-06,-1.937752192893135529e-07,0.000000000000000000e+00,8.861815519791704787e-02,7.983838095189134331e-09,-2.661719681992932504e-03
1.720000000000010942e+01,-9.998242520946598599e-01,-8.001256066694994118e+00,8.075189763268720802e-06,-2.746363963548078928e-07,0.000000000000000000e+00,8.864969081168272425e-02,5.951279729375379526e-07,-2.661241363042537392e-03
1.725000000000011013e+01,-9.998242248633026907e-01,-8.001255829923991314e+00,8.048512631373541397e-06,-3.264176446645624205e-07,0.000000000000000000e+00,8.868700476711488534e-02,1.008616334337178330e-06,-2.661090164707771363e-03
1.730000000000011084e+01,-9.998242522062961157e-01,-8.001255590699459574e+00,8.054643783693527745e-06,-2.366095064517049167e-07,0.000000000000000000e+00,8.871894324613549543e-02,9.893236402987406752e-07,-2.661416469497740380e-03
1.735000000000011156e+01,-9.998242855522425643e-01,-8.001255347452262967e+00,8.081051838728174326e-06,-8.365538502277912202e-08,0.000000000000000000e+00,8.874874261538767684e-02,5.111845954375164404e-07,-2.661025208545816055e-03
1.740000000000011227e+01,-9.998242812280002667e-01,-8.001255105581105198e+00,8.082083717186742174e-06,-6.279679418395195530e-08,0.000000000000000000e+00,8.877690472247934395e-02,5.839637306875865922e-07,-2.660606356159914750e-03
1.745000000000011298e+01,-9.998242284390356227e-01,-8.001254856694558271e+00,8.174489326168060517e-06,3.193850005781065750e-07,0.000000000000000000e+00,8.879589406417842667e-02,-3.929028984182978061e-07,-2.660674397980082942e-03
1.750000000000011369e+01,-9.998241967993933832e-01,-8.001254621480907048e+00,8.067912427225595951e-06,-1.707995953073669028e-07,0.000000000000000000e+00,8.883170239777271604e-02,4.618749327493583386e-07,-2.661750841730093665e-03
1.755000000000011440e+01,-9.998241649230674710e-01,-8.001254377641592086e+00,8.093777415161151656e-06,-3.317972450367216891e-08,0.000000000000000000e+00,8.885874234002422156e-02,3.270360470219625612e-07,-2.661897179509545124e-03
1.760000000000011511e+01,-9.998241504006382119e-01,-8.001254136201039202e+00,8.060883584848698994e-06,-1.581191008527465353e-07,0.000000000000000000e+00,8.888765656547370497e-02,2.071694863185187028e-07,-2.662454988562366377e-03
1.765000000000011582e+01,-9.998241077505835017e-01,-8.001253891474386037e+00,8.093179867690266413e-06,2.689850684070602428e-09,0.000000000000000000e+00,8.891601040989094429e-02,7.262135928008350517e-08,-2.662571512002243415e-03
1.770000000000011653e+01,-9.998240676575769204e-01,-8.001253648720263456e+00,8.109101993976813565e-06,6.584038569344418814e-08,0.000000000000000000e+00,8.894137767300236419e-02,1.682533261544394735e-07,-2.663310735375665206e-03
1.775000000000011724e+01,-9.998241439515366258e-01,-8.001253415640871225e+00,8.088718081077919407e-06,-2.886334304082013099e-08,0.000000000000000000e+00,8.897736187826410514e-02,5.406470583901340407e-07,-2.663961170624151373e-03
1.780000000000011795e+01,-9.998241459723852254e-01,-8.001253180694423150e+00,7.992943918962900723e-06,-4.061873228927254377e-07,0.000000000000000000e+00,8.901426823241997965e-02,8.697281834460179764e-07,-2.662753978775814646e-03
1.785000000000011866e+01,-9.998241890108063856e-01,-8.001252938454305408e+00,8.068310757079433330e-06,-2.348250584805418140e-08,0.000000000000000000e+00,8.903963283439964016e-02,7.246489575798189825e-07,-2.662428681622750967e-03
1.790000000000011937e+01,-9.998241688092456281e-01,-8.001252691830783803e+00,8.098888297431879103e-06,1.035241567313380317e-07,0.000000000000000000e+00,8.906418831873885722e-02,-1.490589322423280030e-07,-2.662015235170478358e-03
1.795000000000012008e+01,-9.998241500820382877e-01,-8.001252453061384884e+00,8.023146399061729817e-06,-2.201482680955224331e-07,0.000000000000000000e+00,8.909287530068521477e-02,5.455572666708967918e-08,-2.662412437407662025e-03
1.800000000000012079e+01,-9.998241604413686812e-01,-8.001252228202886840e+00,7.915603073692261920e-06,-6.062919159542834349e-07,0.000000000000000000e+00,8.913864110315738998e-02,1.672951200924089355e-06,-2.662460060467007877e-03
1.805000000000012150e+01,-9.998241180616030954e-01,-8.001251989787416363e+00,8.003834335608967627e-06,-1.321084850966089184e-07,0.000000000000000000e+00,8.916329398032907250e-02,8.260248835826774178e-07,-2.661973437063722223e-03
1.810000000000012221e+01,-9.998241551024055207e-01,-8.001251753821581048e+00,7.987203419453907342e-06,-1.722104526975273208e-07,0.000000000000000000e+00,8.919541887876114572e-02,7.111528879314575177e-07,-2.662880885838504828e-03
1.815000000000012292e+01,-9.998242135347078507e-01,-8.001251514432931700e+00,8.025892491164751793e-06,1.698792468535374202e-08,0.000000000000000000e+00,8.922760139992291784e-02,4.964782917402149497e-07,-2.662274050579551896e-03
1.820000000000012363e+01,-9.998242396344861893e-01,-8.001251278340054895e+00,7.989576376623992637e-06,-1.316741184147515847e-07,0.000000000000000000e+00,8.925781844577418411e-02,5.289368168936075446e-07,-2.661516728387375210e-03
1.825000000000012434e+01,-9.998242916404176395e-01,-8.001251039690769673e+00,8.039753371347455486e-06,9.536868416204729296e-08,0.000000000000000000e+00,8.928422961909809885e-02,5.515811966065358526e-07,-2.661013378077722175e-03
1.830000000000012506e+01,-9.998242543634250357e-01,-8.001250803324829519e+00,8.007678910533056838e-06,-5.200289592795492359e-08,0.000000000000000000e+00,8.931969331736056006e-02,7.424817134336769866e-07,-2.660387834252193971e-03
1.835000000000012577e+01,-9.998242284944179881e-01,-8.001250559358709324e+00,8.024432141222350603e-06,2.541060601481016777e-08,0.000000000000000000e+00,8.933920099963721384e-02,-3.156710232780125440e-09,-2.660848199800356327e-03
1.840000000000012648e+01,-9.998241753739817161e-01,-8.001250316160113840e+00,8.064925241925386079e-06,1.823008876239877311e-07,0.000000000000000000e+00,8.936986089619569640e-02,1.023672049433632299e-07,-2.661287834857420202e-03
1.845000000000012719e+01,-9.998242048089267531e-01,-8.001250076394281763e+00,8.021457503562245950e-06,-2.803024335336785347e-08,0.000000000000000000e+00,8.939679819788359794e-02,-5.223620397310560960e-08,-2.662209360153677297e-03
1.850000000000012790e+01,-9.998241753776108132e-01,-8.001249836355590617e+00,8.019587954718632470e-06,-2.990239005714809262e-08,0.000000000000000000e+00,8.941801166838025949e-02,-3.559793621878602118e-07,-2.661633955341805285e-03
1.855000000000012861e+01,-9.998242503848333573e-01,-8.001249603090554885e+00,8.023339012604360093e-06,-8.917680502808201991e-09,0.000000000000000000e+00,8.945225269357415243e-02,3.452312223593669238e-07,-2.662069666870372706e-03
1.860000000000012932e+01,-9.998242472763217981e-01,-8.001249374140067872e+00,7.923365544292160906e-06,-4.070280176510376419e-07,0.000000000000000000e+00,8.949083029794735467e-02,1.210627995946263824e-06,-2.660956111790683826e-03
1.865000000000013003e+01,-9.998243200090339844e-01,-8.001249136269453999e+00,8.010583946013362800e-06,2.325119276397250854e-08,0.000000000000000000e+00,8.951784476898616560e-02,4.903632603848200102e-07,-2.660694821176790101e-03
1.870000000000013074e+01,-9.998243286859160861e-01,-8.001248903185510741e+00,7.944428919025809191e-06,-2.460191537390326731e-07,0.000000000000000000e+00,8.955320712406056316e-02,8.409514569261108419e-07,-2.659872463175548020e-03
1.875000000000013145e+01,-9.998243436873524015e-01,-8.001248670086017256e+00,7.908673509054035323e-06,-3.398369628783195869e-07,0.000000000000000000e+00,8.958583803028918879e-02,9.763463664711327789e-07,-2.659538552457667640e-03
1.880000000000013216e+01,-9.998243426314521454e-01,-8.001248423778507757e+00,7.992582030058393357e-06,6.376451371477171302e-08,0.000000000000000000e+00,8.960281458270102917e-02,-4.099368591861978179e-07,-2.659203404248498132e-03
1.885000000000013287e+01,-9.998243986009377471e-01,-8.001248188133358141e+00,7.992203934638069477e-06,4.949922929052187407e-08,0.000000000000000000e+00,8.963108979492595552e-02,6.698235963220253763e-08,-2.659477681001107003e-03
1.890000000000013358e+01,-9.998244060383403298e-01,-8.001247952632990490e+00,7.928653389732802302e-06,-2.146027961886475852e-07,0.000000000000000000e+00,8.966729646765081441e-02,4.320037851398733259e-07,-2.658636974183167974e-03
1.895000000000013429e+01,-9.998244225786363515e-01,-8.001247721852379868e+00,7.879060628769496809e-06,-3.700532808041371821e-07,0.000000000000000000e+00,8.969915655788440745e-02,7.791072325041112987e-07,-2.658329677463026723e-03
1.900000000000013500e+01,-9.998244227484842650e-01,-8.001247485622432265e+00,7.908482946763443011e-06,-1.783533526675266169e-07,0.000000000000000000e+00,8.972682336651871537e-02,5.673480050346688707e-07,-2.657928827316554613e-03
1.905000000000013571e+01,-9.998244318136239039e-01,-8.001247250037593517e+00,7.886700576297554831e-06,-2.298121639975728067e-07,0.000000000000000000e+00,8.976066047581454654e-02,5.367165860343710168e-07,-2.658016900338681238e-03
1.910000000000013642e+01,-9.998244394118728229e-01,-8.001247012787199964e+00,7.909018876574187829e-06,-9.457653009152752437e-08,0.000000000000000000e+00,8.978511808760103463e-02,3.692295218552840418e-07,-2.657813833542018583e-03
1.915000000000013713e+01,-9.998244524864638993e-01,-8.001246782753240083e+00,7.860974878623905332e-06,-2.678372158743493401e-07,0.000000000000000000e+00,8.982143864366598507e-02,7.109523099833503618e-07,-2.657768600174156056e-03
1.920000000000013785e+01,-9.998244520293274595e-01,-8.001246548639938894e+00,7.877391267132716446e-06,-1.486042186642359532e-07,0.000000000000000000e+00,8.984348504533468116e-02,2.961628115453424753e-07,-2.657424505792028730e-03
1.925000000000013856e+01,-9.998244470669854778e-01,-8.001246318728929552e+00,7.843410275967707454e-06,-2.548073395914227812e-07,0.000000000000000000e+00,8.988124517565410088e-02,8.889749366316506905e-07,-2.657481925316013214e-03
1.930000000000013927e+01,-9.998244571336686315e-01,-8.001246082426154871e+00,7.850068945559657459e-06,-1.772111933053385921e-07,0.000000000000000000e+00,8.991243502972245949e-02,4.592406965651246180e-07,-2.657451698991339113e-03
1.935000000000013998e+01,-9.998244505973341578e-01,-8.001245844182403033e+00,7.890711482268869900e-06,2.080119219257657728e-08,0.000000000000000000e+00,8.993701307091850339e-02,2.459204804905950396e-07,-2.657321207446691150e-03
1.940000000000014069e+01,-9.998244495827803835e-01,-8.001245611777759947e+00,7.872705739258166100e-06,-5.538201828875292125e-08,0.000000000000000000e+00,8.996578888809292351e-02,3.412936773278769826e-07,-2.657544431478794499e-03
1.945000000000014140e+01,-9.998244066943053898e-01,-8.001245375840746021e+00,7.904792961745061496e-06,8.404327531657742439e-08,0.000000000000000000e+00,8.999514633926963825e-02,2.944560393035552561e-07,-2.657504192096077095e-03
1.950000000000014211e+01,-9.998244276311361034e-01,-8.001245133057587111e+00,7.926793163253978531e-06,1.552354262889288512e-07,0.000000000000000000e+00,9.001751799836554824e-02,-3.063331184789828367e-07,-2.658246347867775777e-03
1.955000000000014282e+01,-9.998243934611170669e-01,-8.001244900356828893e+00,7.894618956260705226e-06,-4.508486941948301951e-09,0.000000000000000000e+00,9.004860433936556774e-02,1.765491606021736683e-07,-2.658000056028777744e-03
1.960000000000014353e+01,-9.998243550755695486e-01,-8.001244671264947428e+00,7.858451800748761753e-06,-1.482754116013305049e-07,0.000000000000000000e+00,9.007700717753408526e-02,4.125031986445774895e-07,-2.658413509755239851e-03
1.965000000000014424e+01,-9.998242972384339122e-01,-8.001244439356112181e+00,7.873153413277237007e-06,-5.981387916716422185e-08,0.000000000000000000e+00,9.011221930908597244e-02,6.164621161066469028e-07,-2.658877898127314302e-03
1.970000000000014495e+01,-9.998243285052114127e-01,-8.001244209082738479e+00,7.837484288034853391e-06,-1.905276043032638050e-07,0.000000000000000000e+00,9.014289235368622144e-02,6.810232508210894695e-07,-2.659790736129145905e-03
1.975000000000014566e+01,-9.998243520659897410e-01,-8.001243977790778672e+00,7.834638663438523869e-06,-1.638045818279289848e-07,0.000000000000000000e+00,9.017489766010200469e-02,6.671949266877407346e-07,-2.659211873559202272e-03
1.980000000000014637e+01,-9.998243390489445215e-01,-8.001243741770387885e+00,7.846763853490024702e-06,-8.254290525634054496e-08,0.000000000000000000e+00,9.019961516498931076e-02,2.191884898888642690e-07,-2.658849697360386906e-03
1.985000000000014708e+01,-9.998243704780976904e-01,-8.001243512674239611e+00,7.813602068562393790e-06,-1.986814639155942188e-07,0.000000000000000000e+00,9.023384226423747378e-02,5.728019678559151289e-07,-2.659082298624610829e-03
1.990000000000014779e+01,-9.998243607924166554e-01,-8.001243280414499282e+00,7.814396494470041745e-06,-1.557674675018836123e-07,0.000000000000000000e+00,9.026282142529673536e-02,4.280237057544211544e-07,-2.658508723027938267e-03
1.995000000000014850e+01,-9.998243755887731288e-01,-8.001243047980887368e+00,7.808073553698942717e-06,-1.499057370859026318e-07,0.000000000000000000e+00,9.029361863765217322e-02,5.405406188256212382e-07,-2.658656455075296150e-03
2.000000000000014921e+01,-9.998243723151551965e-01,-8.001242812330540133e+00,7.831595116618944949e-06,-2.583833798871450825e-08,0.000000000000000000e+00,9.031770753138790297e-02,5.671957632938553495e-08,-2.658415035070324159e-03
2.005000000000014992e+01,-9.998243792120584672e-01,-8.001242581077148586e+00,7.812900326825173461e-06,-9.544982956605650096e-08,0.000000000000000000e+00,9.035005405790030863e-02,5.118140578551818025e-07,-2.658536585754206830e-03
2.010000000000015064e+01,-9.998243814068358271e-01,-8.001242336922684828e+00,7.877455991841415941e-06,1.818627964121210679e-07,0.000000000000000000e+00,9.036580560371021420e-02,-9.802420894162275986e-07,-2.658375552251702415e-03
2.015000000000015135e+01,-9.998243778155536665e-01,-8.001242106070217019e+00,7.807373086447515440e-06,-1.348413844459011717e-07,0.000000000000000000e+00,9.039903812527150251e-02,1.547770647218491050e-07,-2.658541462042605941e-03
2.020000000000015206e+01,-9.998243451543192828e-01,-8.001241877710480566e+00,7.793903172746269168e-06,-1.617527623617052662e-07,0.000000000000000000e+00,9.043204343769417619e-02,6.172339640035141892e-07,-2.658379475923091078e-03
2.025000000000015277e+01,-9.998243418361869583e-01,-8.001241651021341994e+00,7.741706092098063970e-06,-3.381905324821820388e-07,0.000000000000000000e+00,9.046662362510637934e-02,7.749542241116613465e-07,-2.658827907104017660e-03
2.030000000000015348e+01,-9.998243354024110019e-01,-8.001241425294256970e+00,7.733730436428381871e-06,-3.024550486644735834e-07,0.000000000000000000e+00,9.049227097894707583e-02,6.674608648216375032e-07,-2.658716912078069525e-03
2.035000000000015419e+01,-9.998243015715839732e-01,-8.001241198686644296e+00,7.732870454641766243e-06,-2.454039660780413284e-07,0.000000000000000000e+00,9.052953917552031271e-02,9.042315272977622282e-07,-2.658788853697586184e-03
2.040000000000015490e+01,-9.998242488724727872e-01,-8.001240969014350668e+00,7.774323875875502297e-06,-3.050948792749119590e-08,0.000000000000000000e+00,9.056197111062935790e-02,9.560150869875583823e-07,-2.659293667359073892e-03
2.045000000000015561e+01,-9.998242038177460600e-01,-8.001240743013992684e+00,7.761019174487964871e-06,-7.762639589214191178e-08,0.000000000000000000e+00,9.059504807643214974e-02,8.997883437688115824e-07,-2.660211830566178333e-03
2.050000000000015632e+01,-9.998242430357857646e-01,-8.001240510232085157e+00,7.788017303624076508e-06,4.589139983073149569e-08,0.000000000000000000e+00,9.062385187980481760e-02,3.720225502759994962e-07,-2.660846672986195548e-03
2.055000000000015703e+01,-9.998243195449594278e-01,-8.001240276285807695e+00,7.874439942171364707e-06,3.824036740537331459e-07,0.000000000000000000e+00,9.064924372323446278e-02,-1.226874756511758958e-08,-2.660341556629618794e-03
2.060000000000015774e+01,-9.998243709905404453e-01,-8.001240053455132895e+00,7.793014914302057313e-06,-1.977717223423843258e-08,0.000000000000000000e+00,9.068593113756318047e-02,1.025807006855590088e-06,-2.659460100755467547e-03
2.065000000000015845e+01,-9.998243774016331020e-01,-8.001239822313808148e+00,7.781335486296728048e-06,-6.253944980870714415e-08,0.000000000000000000e+00,9.071128887880952618e-02,4.927451729613871842e-07,-2.658437627950531023e-03
2.070000000000015916e+01,-9.998243509495896575e-01,-8.001239593624047686e+00,7.734515307575233587e-06,-2.373122747329409071e-07,0.000000000000000000e+00,9.074645734544439790e-02,5.661829569698846811e-07,-2.658305488921878807e-03
2.075000000000015987e+01,-9.998243657584222621e-01,-8.001239371477563367e+00,7.684436615766607179e-06,-3.901645870208554971e-07,0.000000000000000000e+00,9.078114883125820711e-02,1.103279944891296532e-06,-2.658558063420920960e-03
2.080000000000016058e+01,-9.998243336763511513e-01,-8.001239143256132280e+00,7.724724585156255189e-06,-1.509797920580946340e-07,0.000000000000000000e+00,9.081040400776263510e-02,5.479362541547734455e-07,-2.658181688558794529e-03
2.085000000000016129e+01,-9.998243072319759062e-01,-8.001238912499770706e+00,7.732611635287513736e-06,-8.923563312144198358e-08,0.000000000000000000e+00,9.083836863718097732e-02,4.149758782881950232e-07,-2.658787006573013964e-03
2.090000000000016200e+01,-9.998243549962081422e-01,-8.001238681521652296e+00,7.759618897025492772e-06,3.664054045476103349e-08,0.000000000000000000e+00,9.086714406069518191e-02,2.691299702499473249e-07,-2.659207964316456785e-03
2.095000000000016271e+01,-9.998243868203020579e-01,-8.001238453557336427e+00,7.734509516320945465e-06,-7.112509045437898481e-08,0.000000000000000000e+00,9.090051751372918432e-02,5.685268733798108526e-07,-2.658574683200313517e-03
2.100000000000016342e+01,-9.998244741302488858e-01,-8.001238220279180524e+00,7.864912407031178943e-06,4.647114904774232803e-07,0.000000000000000000e+00,9.092216033434041833e-02,-2.999778850779455808e-08,-2.658019984897851389e-03
2.105000000000016414e+01,-9.998245167669853606e-01,-8.001237995069441666e+00,7.787870799137316813e-06,6.360276080649444680e-08,0.000000000000000000e+00,9.095309990913857945e-02,5.046567497143503512e-07,-2.657111976604912586e-03
2.110000000000016485e+01,-9.998245362339428510e-01,-8.001237768825873786e+00,7.708865385401440369e-06,-2.651394462983057929e-07,0.000000000000000000e+00,9.098642700927506155e-02,5.702133331687522985e-07,-2.656235137401853630e-03
2.115000000000016556e+01,-9.998245486433902096e-01,-8.001237538581062125e+00,7.714524534466172899e-06,-1.894749607797148530e-07,0.000000000000000000e+00,9.101432268994180674e-02,5.610866139972424342e-07,-2.655699796361547533e-03
2.120000000000016627e+01,-9.998244685025159395e-01,-8.001237308953367489e+00,7.825555666835876668e-06,2.925445608550367953e-07,0.000000000000000000e+00,9.104153847226914564e-02,3.918392154253750274e-07,-2.655531084830546271e-03
2.125000000000016698e+01,-9.998244859879571456e-01,-8.001237076128358439e+00,7.752699241930937924e-06,-5.739005093572140869e-08,0.000000000000000000e+00,9.106988124536474771e-02,-4.983760355231843622e-09,-2.657075173837444935e-03
2.130000000000016769e+01,-9.998245138678834021e-01,-8.001236848401662272e+00,7.713525863754331372e-06,-2.026055534550011128e-07,0.000000000000000000e+00,9.109622948834328326e-02,-5.620263608588083614e-08,-2.656588494427252704e-03
2.135000000000016840e+01,-9.998244516821639394e-01,-8.001236626400034524e+00,7.724851489202066524e-06,-1.167819409730609286e-07,0.000000000000000000e+00,9.112888906932159472e-02,5.996943706717718400e-07,-2.656049641526821419e-03
2.140000000000016911e+01,-9.998244375765639180e-01,-8.001236399749931394e+00,7.672190053305143851e-06,-3.040712963661364354e-07,0.000000000000000000e+00,9.116265961042824273e-02,7.294700422983884522e-07,-2.657017310245658823e-03
2.145000000000016982e+01,-9.998244291328901578e-01,-8.001236164900811687e+00,7.711628714879931464e-06,-8.550239079376093308e-08,0.000000000000000000e+00,9.118587404626676829e-02,-1.494625787997576008e-07,-2.657066697021019924e-03
2.150000000000017053e+01,-9.998244383036822835e-01,-8.001235937027049161e+00,7.696984494578582831e-06,-1.269787938404024315e-07,0.000000000000000000e+00,9.121216802529197309e-02,2.147478838055747450e-07,-2.657314823206865552e-03
2.155000000000017124e+01,-9.998244266198834662e-01,-8.001235710325408590e+00,7.670855399941478180e-06,-2.060994136207390567e-07,0.000000000000000000e+00,9.124293592487475735e-02,1.497008935729824059e-07,-2.657132157125784155e-03
2.160000000000017195e+01,-9.998244069393524835e-01,-8.001235489148257329e+00,7.606302719043306823e-06,-4.230902544892730511e-07,0.000000000000000000e+00,9.127967316388385655e-02,6.495403081618912735e-07,-2.657226936495376852e-03
2.165000000000017266e+01,-9.998244040947474875e-01,-8.001235269841110664e+00,7.574880521244757007e-06,-4.641609947856159658e-07,0.000000000000000000e+00,9.131795752227844787e-02,1.267828652081180615e-06,-2.657323322200057496e-03
2.170000000000017337e+01,-9.998243741541749108e-01,-8.001235040786845332e+00,7.660394657934931203e-06,-2.927224906780086042e-08,0.000000000000000000e+00,9.133993726056210960e-02,4.511650280411357838e-07,-2.657269210904388002e-03
2.175000000000017408e+01,-9.998243098682879637e-01,-8.001234810174885581e+00,7.744571694211731510e-06,3.132903458529557745e-07,0.000000000000000000e+00,9.136462408192436158e-02,-3.465325794085692587e-08,-2.657981703037856028e-03
2.180000000000017479e+01,-9.998243271342458494e-01,-8.001234582409306739e+00,7.672427700960579106e-06,-3.794369632224092092e-08,0.000000000000000000e+00,9.139461652631108990e-02,-3.671810427561193635e-09,-2.659205256617630346e-03
2.185000000000017550e+01,-9.998243309638423781e-01,-8.001234364814504119e+00,7.593892683861079373e-06,-3.444950254557872114e-07,0.000000000000000000e+00,9.142619981249033856e-02,6.772957228707581311e-07,-2.658724063746840168e-03
2.190000000000017621e+01,-9.998242451638557071e-01,-8.001234145137289033e+00,7.694224998503042072e-06,1.257332382032153749e-07,0.000000000000000000e+00,9.146124541719391488e-02,1.103632357494305628e-06,-2.658424731942726858e-03
2.195000000000017693e+01,-9.998242238828469741e-01,-8.001233929120909139e+00,7.556237984163302344e-06,-4.513614667963787993e-07,0.000000000000000000e+00,9.150899294060899081e-02,1.770753742786997124e-06,-2.660020755276392562e-03
2.200000000000017764e+01,-9.998242441645011080e-01,-8.001233701839234769e+00,7.612241167363386962e-06,-1.370764406367677754e-07,0.000000000000000000e+00,9.153073974326453310e-02,5.858078200190171164e-07,-2.659914970397058917e-03
2.205000000000017835e+01,-9.998242679461671889e-01,-8.001233473777597638e+00,7.640899034702772720e-06,4.970316848127173846e-09,0.000000000000000000e+00,9.155504314041262859e-02,-9.566429325100503821e-08,-2.659783235391780486e-03
2.210000000000017906e+01,-9.998242753045614162e-01,-8.001233258593575925e+00,7.533507155064443717e-06,-4.255912650748081740e-07,0.000000000000000000e+00,9.159999548420305615e-02,1.356671710457951480e-06,-2.659514776633252909e-03
2.215000000000017977e+01,-9.998242860630546236e-01,-8.001233030901735432e+00,7.593887784967026165e-06,-9.895049244952023354e-08,0.000000000000000000e+00,9.162366663905707753e-02,4.989672219574839308e-07,-2.659073633725810189e-03
2.220000000000018048e+01,-9.998242825299697989e-01,-8.001232805932662728e+00,7.616009394910613353e-06,9.326045814731297552e-09,0.000000000000000000e+00,9.164659999685653702e-02,1.340715275825422400e-07,-2.659098228670451862e-03
2.225000000000018119e+01,-9.998243567226223760e-01,-8.001232586396357149e+00,7.624661804275745610e-06,4.207047411231358209e-08,0.000000000000000000e+00,9.168769615419591901e-02,8.105044452223797544e-07,-2.659219359502430855e-03
2.230000000000018190e+01,-9.998244402229164995e-01,-8.001232358112847720e+00,7.724912691353262627e-06,4.346599275999132577e-07,0.000000000000000000e+00,9.171483009863123925e-02,3.595951537808045106e-07,-2.658133119135004403e-03
2.235000000000018261e+01,-9.998244307044904522e-01,-8.001232130211489491e+00,7.678010257798757417e-06,1.601182078619124455e-07,0.000000000000000000e+00,9.173299593919814754e-02,-2.770700868691632445e-07,-2.657189387459885262e-03
2.240000000000018332e+01,-9.998244191311860263e-01,-8.001231914877468654e+00,7.560730334797918179e-06,-3.410251257138203154e-07,0.000000000000000000e+00,9.177055296035341314e-02,9.045881611251827099e-07,-2.657187704353111083e-03
2.245000000000018403e+01,-9.998243861093711882e-01,-8.001231687628184375e+00,7.581607245243468071e-06,-1.893124587888578395e-07,0.000000000000000000e+00,9.180358364261564930e-02,4.632448561293021176e-07,-2.657000081751428617e-03
2.250000000000018474e+01,-9.998244484850384861e-01,-8.001231459556425563e+00,7.664636173660837413e-06,1.806657466383864346e-07,0.000000000000000000e+00,9.182440172692629687e-02,7.773619688671498335e-08,-2.657559709859091089e-03
2.255000000000018545e+01,-9.998244922787469235e-01,-8.001231237598030788e+00,7.640703477025644955e-06,4.880181076994068180e-08,0.000000000000000000e+00,9.185364727593992029e-02,1.130304223106230977e-07,-2.656879803952853086e-03
2.260000000000018616e+01,-9.998245281664532857e-01,-8.001231027630790749e+00,7.491056984612981621e-06,-5.595445210346922807e-07,0.000000000000000000e+00,9.189965896250473776e-02,1.364910333955546286e-06,-2.656149185619578745e-03
2.265000000000018687e+01,-9.998245700907633093e-01,-8.001230807215183205e+00,7.533445865343039435e-06,-2.780800939075250021e-07,0.000000000000000000e+00,9.192692384930456484e-02,9.206533532524105396e-07,-2.655149958820935720e-03
2.270000000000018758e+01,-9.998245553421056808e-01,-8.001230588256269982e+00,7.519375813738957250e-06,-2.787442815423479282e-07,0.000000000000000000e+00,9.196406112737420813e-02,1.062452753189733708e-06,-2.654651651925067808e-03
2.275000000000018829e+01,-9.998245323221481851e-01,-8.001230360525248386e+00,7.577786228658065949e-06,1.064623444255317183e-08,0.000000000000000000e+00,9.198146565014830855e-02,2.104360944134941045e-07,-2.654829546029942658e-03
2.280000000000018900e+01,-9.998244469221949648e-01,-8.001230142885953356e+00,7.623735538239676774e-06,1.923142258804832375e-07,0.000000000000000000e+00,9.202087796784041984e-02,8.344250950573673011e-07,-2.655354749472886491e-03
2.285000000000018971e+01,-9.998244754117180388e-01,-8.001229915763580891e+00,7.595058552481217124e-06,3.914343767054964123e-08,0.000000000000000000e+00,9.204627604272630492e-02,6.848713806745854507e-08,-2.656777272646739744e-03
2.290000000000019043e+01,-9.998245055604678688e-01,-8.001229690656153082e+00,7.602160635232842013e-06,5.972308114293887533e-08,0.000000000000000000e+00,9.206844395276725379e-02,-1.701018258210880077e-07,-2.656261604683218466e-03
2.295000000000019114e+01,-9.998244450965030339e-01,-8.001229471783361191e+00,7.587518522893757663e-06,-1.078998444198546542e-08,0.000000000000000000e+00,9.210463188643380761e-02,5.625786034471770821e-07,-2.655831247850958497e-03
2.300000000000019185e+01,-9.998244632494971418e-01,-8.001229250423993022e+00,7.523485601704588915e-06,-2.647636723102597270e-07,0.000000000000000000e+00,9.213250798340943959e-02,3.003119205167235527e-07,-2.656693109616829838e-03
2.305000000000019256e+01,-9.998244820351889217e-01,-8.001229032933112606e+00,7.497713712439402571e-06,-3.148984949089516749e-07,0.000000000000000000e+00,9.216412770415871591e-02,4.633200517904756793e-07,-2.656223593305141219e-03
2.310000000000019327e+01,-9.998244972716587853e-01,-8.001228816032888602e+00,7.456592825917773346e-06,-4.164023420136758980e-07,0.000000000000000000e+00,9.219985242005357406e-02,7.852196023193787210e-07,-2.655862430508388640e-03
2.315000000000019398e+01,-9.998245819653280853e-01,-8.001228595840316871e+00,7.579212145307856358e-06,1.573554039493844129e-07,0.000000000000000000e+00,9.223277185009415291e-02,9.666094715449771184e-07,-2.655507231128183526e-03
2.320000000000019469e+01,-9.998245963628352717e-01,-8.001228367977235578e+00,7.587310665603373134e-06,1.582784043415741814e-07,0.000000000000000000e+00,9.225623256507731185e-02,1.352043065820965485e-07,-2.654614493597727814e-03
2.325000000000019540e+01,-9.998246218361149795e-01,-8.001228148763704695e+00,7.523741158043139464e-06,-1.276553067676717426e-07,0.000000000000000000e+00,9.228436982774113062e-02,3.190477429894370293e-07,-2.654423474432798542e-03
2.330000000000019611e+01,-9.998246021061512057e-01,-8.001227928182633065e+00,7.504633726803098040e-06,-1.785539703743020022e-07,0.000000000000000000e+00,9.231372901195289415e-02,3.329299601792493947e-07,-2.653845581151108735e-03
2.335000000000019682e+01,-9.998245812994952519e-01,-8.001227704146362640e+00,7.510098751350769596e-06,-1.209830781087557057e-07,0.000000000000000000e+00,9.234193609197838271e-02,2.019141538344513215e-07,-2.654082679718668819e-03
2.340000000000019753e+01,-9.998245393409164183e-01,-8.001227478277790794e+00,7.568790651340411033e-06,1.379811374715578437e-07,0.000000000000000000e+00,9.236332866732421820e-02,-1.011429507433647024e-07,-2.654411611833818602e-03
2.345000000000019824e+01,-9.998245261911515858e-01,-8.001227258399069342e+00,7.492283989752682454e-06,-1.956417363736636822e-07,0.000000000000000000e+00,9.239594877458934263e-02,1.251570641810158717e-07,-2.655221761570852532e-03
2.350000000000019895e+01,-9.998244909186919660e-01,-8.001227034422630169e+00,7.510957754040064258e-06,-8.181833194940480145e-08,0.000000000000000000e+00,9.242044939965587957e-02,-7.048520523900434992e-08,-2.655183367522319197e-03
2.355000000000019966e+01,-9.998244882151110513e-01,-8.001226816545582210e+00,7.484438149649420239e-06,-1.715330831220984376e-07,0.000000000000000000e+00,9.244565903880364033e-02,2.372872125629843930e-07,-2.655769969611427705e-03
2.360000000000020037e+01,-9.998244946868121152e-01,-8.001226603676085958e+00,7.402934342489569953e-06,-4.632416951370752544e-07,0.000000000000000000e+00,9.249007328049607679e-02,9.066801001537836577e-07,-2.655728842942480135e-03
2.365000000000020108e+01,-9.998244898463564123e-01,-8.001226383706669054e+00,7.413850722626175925e-06,-3.269278355632369518e-07,0.000000000000000000e+00,9.251847234107568596e-02,6.200797468120904124e-07,-2.655380735697000002e-03
2.370000000000020179e+01,-9.998245489327649560e-01,-8.001226170135158355e+00,7.448242965418938266e-06,-1.239732972795421409e-07,0.000000000000000000e+00,9.255336271285941052e-02,8.253775914709917103e-07,-2.655486964983824923e-03
2.375000000000020250e+01,-9.998245622059249715e-01,-8.001225954152808129e+00,7.425182632620146033e-06,-1.914199690188013219e-07,0.000000000000000000e+00,9.258751589732838738e-02,1.057669116714672869e-06,-2.654706596964929478e-03
2.380000000000020322e+01,-9.998245374362119131e-01,-8.001225730899893307e+00,7.467945842260158716e-06,1.791686334500723329e-08,0.000000000000000000e+00,9.261259260271348381e-02,3.761894499550148733e-07,-2.654436473738696744e-03
2.385000000000020393e+01,-9.998245201348485711e-01,-8.001225509379210621e+00,7.469537297868374257e-06,2.069931310886786368e-08,0.000000000000000000e+00,9.263646778388334724e-02,6.662087421208910012e-08,-2.654939730122085877e-03
2.390000000000020464e+01,-9.998245432198273885e-01,-8.001225295325431475e+00,7.423198628929218044e-06,-1.687952252695279412e-07,0.000000000000000000e+00,9.266851157611721845e-02,4.746756021690097483e-07,-2.655204152255557105e-03
2.395000000000020535e+01,-9.998245147981068559e-01,-8.001225083285749662e+00,7.375838472107528688e-06,-3.244768075023771095e-07,0.000000000000000000e+00,9.270743415239479646e-02,8.526734346588879649e-07,-2.654715154470989585e-03
2.400000000000020606e+01,-9.998245485788339604e-01,-8.001224872830075441e+00,7.345683172166574298e-06,-3.802026457657175089e-07,0.000000000000000000e+00,9.274416776485772118e-02,1.272242717183417915e-06,-2.654995610993976605e-03
2.405000000000020677e+01,-9.998245302277819491e-01,-8.001224657200307178e+00,7.380239624402906292e-06,-1.659363076672479936e-07,0.000000000000000000e+00,9.277535540657666502e-02,1.071838285217360004e-06,-2.654396021762336997e-03
2.410000000000020748e+01,-9.998245477510477874e-01,-8.001224440833723861e+00,7.382124318154772749e-06,-1.252102711263326856e-07,0.000000000000000000e+00,9.280842782445652972e-02,9.702800295314976396e-07,-2.654777721416833047e-03
2.415000000000020819e+01,-9.998245243457928311e-01,-8.001224222462642643e+00,7.400529298810752722e-06,-2.654829427714730262e-08,0.000000000000000000e+00,9.283428549187355827e-02,3.086194893214012182e-07,-2.654520677286092718e-03
2.420000000000020890e+01,-9.998245318033578410e-01,-8.001224002895950704e+00,7.414174565890812744e-06,3.334243289852147329e-08,0.000000000000000000e+00,9.286175914035865731e-02,4.010647812484305793e-07,-2.654928443451630860e-03
2.425000000000020961e+01,-9.998244769842902224e-01,-8.001223783896159958e+00,7.453873256147489063e-06,1.854687073455201981e-07,0.000000000000000000e+00,9.289587342940208714e-02,3.971606356352381471e-07,-2.654858607399662642e-03
2.430000000000021032e+01,-9.998245055885137678e-01,-8.001223561200932366e+00,7.454723169434407246e-06,1.517746190240888380e-07,0.000000000000000000e+00,9.291194770850808027e-02,-4.315595863211130108e-07,-2.655803165381616805e-03
2.435000000000021103e+01,-9.998244713062142131e-01,-8.001223355361634759e+00,7.353829610561945640e-06,-2.821545402705696136e-07,0.000000000000000000e+00,9.295659529887334571e-02,1.074910957460455698e-06,-2.655376719761397709e-03
2.440000000000021174e+01,-9.998244597907101072e-01,-8.001223142333882876e+00,7.332432129602028946e-06,-3.113135560561212615e-07,0.000000000000000000e+00,9.298961042808429056e-02,1.275118251058989182e-06,-2.655580202089142996e-03
2.445000000000021245e+01,-9.998244858331748475e-01,-8.001222921610255057e+00,7.392872376578688397e-06,-7.289856938262645581e-09,0.000000000000000000e+00,9.301609187371440157e-02,3.084176313130471654e-07,-2.655687030408487685e-03
2.450000000000021316e+01,-9.998245021855114434e-01,-8.001222699842230668e+00,7.412297092633589320e-06,7.186697866899247539e-08,0.000000000000000000e+00,9.303647081172528033e-02,-3.684685078629493321e-07,-2.655482549400588199e-03
2.455000000000021387e+01,-9.998245030571581982e-01,-8.001222488889947471e+00,7.331288340872544797e-06,-2.665414241089795043e-07,0.000000000000000000e+00,9.307802853571267576e-02,9.516461872771115539e-07,-2.655297092477915989e-03
2.460000000000021458e+01,-9.998245277681157006e-01,-8.001222265796275934e+00,7.407654646983934059e-06,9.223208515836913366e-08,0.000000000000000000e+00,9.309755021101917549e-02,-9.467553422556338879e-08,-2.655034510817789236e-03
2.465000000000021529e+01,-9.998245316945701955e-01,-8.001222054376199821e+00,7.336252069904602440e-06,-2.118246401906270911e-07,0.000000000000000000e+00,9.313545831404290709e-02,6.139332560194630151e-07,-2.654899054681260882e-03
2.470000000000021600e+01,-9.998245784797008540e-01,-8.001221843804149358e+00,7.339388972669639473e-06,-1.569121010923537409e-07,0.000000000000000000e+00,9.316465859810918460e-02,8.292906328535554709e-07,-2.654620237923453405e-03
2.475000000000021672e+01,-9.998246154403694907e-01,-8.001221635267636856e+00,7.320437069436950349e-06,-2.013372938046384211e-07,0.000000000000000000e+00,9.320202657308929162e-02,1.213311425228210725e-06,-2.653928122624221817e-03
2.480000000000021743e+01,-9.998246684891366476e-01,-8.001221417156454407e+00,7.368014090409646824e-06,2.923824884707245320e-08,0.000000000000000000e+00,9.323469700967912388e-02,6.202825365949813340e-07,-2.653315340731931659e-03
2.485000000000021814e+01,-9.998247595595228798e-01,-8.001221199447524413e+00,7.494621570402808526e-06,5.298205190502975498e-07,0.000000000000000000e+00,9.325770577600689393e-02,1.013602612905822191e-07,-2.652666146451145620e-03
2.490000000000021885e+01,-9.998247937852100531e-01,-8.001220981759342266e+00,7.444764808428010505e-06,2.244293673410488284e-07,0.000000000000000000e+00,9.328577209977151341e-02,1.546812601429243400e-07,-2.651690041701411371e-03
2.495000000000021956e+01,-9.998247836556304335e-01,-8.001220769158592816e+00,7.352394293548459396e-06,-1.899385656453601213e-07,0.000000000000000000e+00,9.331839973739519678e-02,6.322956674226458520e-07,-2.651023097564793232e-03
2.500000000000022027e+01,-9.998247124112810136e-01,-8.001220552000791741e+00,7.425061629364493421e-06,1.387184907478438696e-07,0.000000000000000000e+00,9.334168834491496369e-02,1.993045423464831713e-07,-2.650890540069373701e-03
2.505000000000022098e+01,-9.998247085919922394e-01,-8.001220343754965825e+00,7.305650544398712334e-06,-3.666695472648424649e-07,0.000000000000000000e+00,9.338315508229300121e-02,1.036939366503302368e-06,-2.652183020708034043e-03
2.510000000000022169e+01,-9.998246446499787776e-01,-8.001220131441989736e+00,7.357681482486101449e-06,-8.521188546232049757e-08,0.000000000000000000e+00,9.341431486477880242e-02,8.324464226831454232e-07,-2.651872523892976306e-03
2.515000000000022240e+01,-9.998245888631556166e-01,-8.001219914670080868e+00,7.400065039981840371e-06,1.013647216130968751e-07,0.000000000000000000e+00,9.343495790846834126e-02,1.713986585382177729e-07,-2.652991909386360429e-03
2.520000000000022311e+01,-9.998245567070078721e-01,-8.001219706210568106e+00,7.310187247483919154e-06,-2.784193927012022947e-07,0.000000000000000000e+00,9.347605425099736465e-02,9.121349316329994700e-07,-2.653959253092634529e-03
2.525000000000022382e+01,-9.998246142690797589e-01,-8.001219490777597088e+00,7.340040549479709116e-06,-1.033223061778037054e-07,0.000000000000000000e+00,9.350678525087641191e-02,4.977941121459713581e-07,-2.654164771704175044e-03
2.530000000000022453e+01,-9.998246410184739030e-01,-8.001219281716270615e+00,7.300827168920604455e-06,-2.395113671786594063e-07,0.000000000000000000e+00,9.353536463547751367e-02,5.445849024089970758e-07,-2.653393288797250421e-03
2.535000000000022524e+01,-9.998246369735921402e-01,-8.001219079588663519e+00,7.217012767360230343e-06,-5.268666999844192516e-07,0.000000000000000000e+00,9.357823079736071747e-02,1.666061268219411310e-06,-2.652871270671352307e-03
2.540000000000022595e+01,-9.998246200235382242e-01,-8.001218864470184045e+00,7.264333007343569310e-06,-2.322124000541822461e-07,0.000000000000000000e+00,9.360559709114468774e-02,8.222742920374433781e-07,-2.652673795537597527e-03
2.545000000000022666e+01,-9.998245902625623183e-01,-8.001218646061115436e+00,7.311802496356921660e-06,4.108036010060922702e-09,0.000000000000000000e+00,9.363158015543149304e-02,2.563255970407407320e-07,-2.653073792687391571e-03
2.550000000000022737e+01,-9.998246007128110957e-01,-8.001218428907659330e+00,7.314980321049020688e-06,1.599772757644467009e-08,0.000000000000000000e+00,9.365623537257672382e-02,-2.431517773790119241e-08,-2.653666413354077366e-03
2.555000000000022808e+01,-9.998246107451931319e-01,-8.001218213472141016e+00,7.298064131453045803e-06,-5.486657632274283446e-08,0.000000000000000000e+00,9.368695347791700101e-02,5.638902996842370280e-08,-2.653519447322598684e-03
2.560000000000022879e+01,-9.998245599231987413e-01,-8.001218001154438042e+00,7.313036545929723709e-06,1.599639684851650588e-08,0.000000000000000000e+00,9.371569430543758017e-02,3.758399140612736370e-07,-2.653316859727405334e-03
2.565000000000022951e+01,-9.998246014690852501e-01,-8.001217790932521723e+00,7.285469168741878811e-06,-9.747239127256482939e-08,0.000000000000000000e+00,9.374713885698238158e-02,5.798625019854512322e-07,-2.654125304680466854e-03
2.570000000000023022e+01,-9.998245558947237432e-01,-8.001217575029212270e+00,7.330650160918120623e-06,1.027460556869128300e-07,0.000000000000000000e+00,9.377206605348664681e-02,8.530628964381327817e-08,-2.653417208859967878e-03
2.575000000000023093e+01,-9.998246155902531518e-01,-8.001217367360057509e+00,7.275375314528596699e-06,-1.389025410085622978e-07,0.000000000000000000e+00,9.381044831806750750e-02,6.450757743718548484e-07,-2.654239981740327131e-03
2.580000000000023164e+01,-9.998246052452950394e-01,-8.001217160291650643e+00,7.230268408978103467e-06,-2.915496550088202129e-07,0.000000000000000000e+00,9.384197509398717330e-02,9.415435998217638152e-07,-2.653174302270055671e-03
2.585000000000023235e+01,-9.998246147308094134e-01,-8.001216949585639782e+00,7.240042119049754009e-06,-1.941448837204545619e-07,0.000000000000000000e+00,9.387449587195639822e-02,9.508002076860834263e-07,-2.653190547370822862e-03
2.590000000000023306e+01,-9.998246425179921903e-01,-8.001216740949146811e+00,7.216145203308906990e-06,-2.509035699397503710e-07,0.000000000000000000e+00,9.390558618637090404e-02,5.760063214059444867e-07,-2.653078367682627087e-03
2.595000000000023377e+01,-9.998246473583192184e-01,-8.001216531840837476e+00,7.189352332448439175e-06,-3.078943393936700530e-07,0.000000000000000000e+00,9.394363022613028136e-02,9.540304490436477281e-07,-2.652587957439531824e-03
2.600000000000023448e+01,-9.998246345401874402e-01,-8.001216312892740490e+00,7.270407135162881082e-06,7.790373934282699026e-08,0.000000000000000000e+00,9.396398884065426671e-02,5.411683703968044801e-08,-2.652432830490793030e-03
2.605000000000023519e+01,-9.998246583903886986e-01,-8.001216096466896133e+00,7.288815259614463081e-06,1.359554892805885601e-07,0.000000000000000000e+00,9.398641180322186983e-02,-1.649947982576154206e-07,-2.652874751263081202e-03
2.610000000000023590e+01,-9.998246501593091029e-01,-8.001215888389317854e+00,7.221927910471183325e-06,-1.587850051486443763e-07,0.000000000000000000e+00,9.401964861791167749e-02,2.896651495145373152e-07,-2.652573695268264919e-03
2.615000000000023661e+01,-9.998246400304960924e-01,-8.001215683757557429e+00,7.149881381890351956e-06,-4.152141184422368872e-07,0.000000000000000000e+00,9.406020674172665963e-02,1.018393452647751748e-06,-2.652491148424134838e-03
2.620000000000023732e+01,-9.998246319416763672e-01,-8.001215472791573191e+00,7.179246469020925655e-06,-2.147109462314963928e-07,0.000000000000000000e+00,9.409047124215774716e-02,7.609457636427024256e-07,-2.652421177308406965e-03
2.625000000000023803e+01,-9.998245624771880946e-01,-8.001215257778756751e+00,7.322436660561908928e-06,4.009920091787279500e-07,0.000000000000000000e+00,9.411113476970456304e-02,4.704493106054821454e-08,-2.652632954073803721e-03
2.630000000000023874e+01,-9.998245245958937710e-01,-8.001215050592680456e+00,7.235401236838683785e-06,-2.734808754991325694e-08,0.000000000000000000e+00,9.414510612711257664e-02,5.205578113047091949e-07,-2.654115947193621140e-03
2.635000000000023945e+01,-9.998244488612861858e-01,-8.001214841444776127e+00,7.279885912775932256e-06,1.560602337090607636e-07,0.000000000000000000e+00,9.418011383273494630e-02,7.434075768212950100e-07,-2.654416097499865106e-03
2.640000000000024016e+01,-9.998244664472476506e-01,-8.001214631283087186e+00,7.235079751717370317e-06,-5.437645726699659059e-08,0.000000000000000000e+00,9.420579697852016210e-02,5.006574924525423794e-07,-2.655689129417331158e-03
2.645000000000024087e+01,-9.998244578569934760e-01,-8.001214422931161252e+00,7.201550786866444184e-06,-1.776170252172999031e-07,0.000000000000000000e+00,9.423515658505898784e-02,3.772713439470960635e-07,-2.655287337017485198e-03
2.650000000000024158e+01,-9.998244286903890110e-01,-8.001214217550742802e+00,7.155516542016952950e-06,-3.262305995718022760e-07,0.000000000000000000e+00,9.427119794702853994e-02,8.547355289429835357e-07,-2.655312921617022232e-03
2.655000000000024230e+01,-9.998244322802548600e-01,-8.001214014518646778e+00,7.111179561115002156e-06,-4.383324032652424547e-07,0.000000000000000000e+00,9.430874473834016669e-02,1.144118882766363936e-06,-2.655608635208038786e-03
2.660000000000024301e+01,-9.998244787559821267e-01,-8.001213804237877980e+00,7.189126077001896465e-06,-3.887985906462120842e-08,0.000000000000000000e+00,9.433637847123854669e-02,5.887798677669349734e-07,-2.655418229317392000e-03
2.665000000000024372e+01,-9.998244417814700080e-01,-8.001213588883988592e+00,7.235216719017711428e-06,1.532586808115602530e-07,0.000000000000000000e+00,9.436068101044980949e-02,1.479213597655867558e-07,-2.654961168680384283e-03
2.670000000000024443e+01,-9.998244402205622716e-01,-8.001213378147189914e+00,7.189902686651843710e-06,-5.864918481422009893e-08,0.000000000000000000e+00,9.439219486753458455e-02,3.231089283733831497e-07,-2.655657745541414698e-03
2.675000000000024514e+01,-9.998244212291325095e-01,-8.001213171645089162e+00,7.161475759997431068e-06,-1.606270544690250495e-07,0.000000000000000000e+00,9.441749142167310538e-02,1.761573438907230991e-07,-2.655541591935963765e-03
2.680000000000024585e+01,-9.998244333292511943e-01,-8.001212970176910133e+00,7.086561346186638008e-06,-4.281592988183880251e-07,0.000000000000000000e+00,9.446011324766434569e-02,1.083219189601294400e-06,-2.655738908447176361e-03
2.685000000000024656e+01,-9.998244175845856230e-01,-8.001212770858973755e+00,7.060653808803792075e-06,-4.461575885860927001e-07,0.000000000000000000e+00,9.450199856344010385e-02,1.801737691295184286e-06,-2.655326670269446670e-03
2.690000000000024727e+01,-9.998244461206071687e-01,-8.001212556603118031e+00,7.164825846878620865e-06,5.976208143043507057e-08,0.000000000000000000e+00,9.451975897300002316e-02,2.032637869856847803e-07,-2.655483045036881058e-03
2.695000000000024798e+01,-9.998244444789430307e-01,-8.001212352946055262e+00,7.111913735411538579e-06,-1.638387807239781033e-07,0.000000000000000000e+00,9.455503852836866230e-02,7.633670847937873934e-07,-2.655375854595013862e-03
2.700000000000024869e+01,-9.998244969268845761e-01,-8.001212152050799276e+00,7.099453365229176290e-06,-1.809125053086309377e-07,0.000000000000000000e+00,9.459704763433496311e-02,1.323020410180404256e-06,-2.655237510251693724e-03
2.705000000000024940e+01,-9.998245477006768578e-01,-8.001211939471875922e+00,7.194290098406823321e-06,2.346169284636780041e-07,0.000000000000000000e+00,9.461658576300457923e-02,2.605976470031094896e-07,-2.654412413187868126e-03
2.710000000000025011e+01,-9.998245798684349817e-01,-8.001211730835327884e+00,7.181996125059651701e-06,1.385176493822566192e-07,0.000000000000000000e+00,9.464770361000951482e-02,5.618720865046055164e-07,-2.653942903445550856e-03
2.715000000000025082e+01,-9.998246210553899394e-01,-8.001211523953880800e+00,7.147992034356918202e-06,-2.520224330512676890e-08,0.000000000000000000e+00,9.468164962738079282e-02,5.229191422972305161e-07,-2.653422521635295621e-03
2.720000000000025153e+01,-9.998247073583751421e-01,-8.001211310677909694e+00,7.281314613215967595e-06,5.131285207920885878e-07,0.000000000000000000e+00,9.470417247941664840e-02,-5.460089717306026337e-08,-2.652699984710224501e-03
2.725000000000025224e+01,-9.998247708144681889e-01,-8.001211104739283542e+00,7.247934790731871919e-06,2.769835266972900838e-07,0.000000000000000000e+00,9.473413168724320599e-02,2.791157104841535800e-07,-2.651816073480399698e-03
2.730000000000025295e+01,-9.998247442781161842e-01,-8.001210898291272855e+00,7.164461027743317944e-06,-1.123082305963791058e-07,0.000000000000000000e+00,9.476408023800075853e-02,4.075933744591106203e-07,-2.650761422230093513e-03
2.735000000000025366e+01,-9.998247606735922721e-01,-8.001210692153204462e+00,7.122370267261747176e-06,-2.582096264033839833e-07,0.000000000000000000e+00,9.478958144064364433e-02,3.881304185928411685e-07,-2.650902368316829846e-03
2.740000000000025437e+01,-9.998247316014031716e-01,-8.001210484426763969e+00,7.116119994424506486e-06,-2.315687924716696221e-07,0.000000000000000000e+00,9.482564322670405943e-02,5.002810378372783373e-07,-2.650526796631578249e-03
2.745000000000025508e+01,-9.998247683017759124e-01,-8.001210278992891389e+00,7.101451652083743669e-06,-2.439284033403861373e-07,0.000000000000000000e+00,9.485691434827003832e-02,7.008122082831337353e-07,-2.650943628627504441e-03
2.750000000000025580e+01,-9.998247719762327623e-01,-8.001210069950094095e+00,7.112341941182698296e-06,-1.515815662764910103e-07,0.000000000000000000e+00,9.488637101431152132e-02,3.927209491219290562e-07,-2.650347944541412478e-03
2.755000000000025651e+01,-9.998248083944337727e-01,-8.001209864801962723e+00,7.108934538593114871e-06,-1.348948633795263177e-07,0.000000000000000000e+00,9.491251966892022551e-02,3.918396352997433537e-07,-2.650326369779511856e-03
2.760000000000025722e+01,-9.998247895361505044e-01,-8.001209659816369779e+00,7.075938653019400246e-06,-2.398994329984776489e-07,0.000000000000000000e+00,9.494676762712650486e-02,4.756289669739626204e-07,-2.649769601964247281e-03
2.765000000000025793e+01,-9.998247772750753493e-01,-8.001209453923063819e+00,7.056290722914261644e-06,-2.705112668193354379e-07,0.000000000000000000e+00,9.497865951718154065e-02,6.209225117460823765e-07,-2.649950848884430072e-03
2.770000000000025864e+01,-9.998247480103861218e-01,-8.001209250254012417e+00,7.072246561776113044e-06,-1.525856580080636916e-07,0.000000000000000000e+00,9.501174383445221139e-02,9.301646277058148880e-07,-2.650074249386280383e-03
2.775000000000025935e+01,-9.998247363479324523e-01,-8.001209040427593067e+00,7.102350357196529629e-06,-1.653344724786345304e-09,0.000000000000000000e+00,9.503493533100382251e-02,1.011890099508150502e-07,-2.650562363708998653e-03
2.780000000000026006e+01,-9.998247237080686300e-01,-8.001208840527304744e+00,7.018681862030494759e-06,-3.359966564439638329e-07,0.000000000000000000e+00,9.507267853570589011e-02,7.087473123410892429e-07,-2.650830020205096563e-03
2.785000000000026077e+01,-9.998247092029982630e-01,-8.001208640492729174e+00,6.994112468432882539e-06,-3.670748995456186030e-07,0.000000000000000000e+00,9.510874471727159829e-02,1.131181064084515244e-06,-2.650761919194116398e-03
2.790000000000026148e+01,-9.998247459953505389e-01,-8.001208430608388156e+00,7.095935969909960336e-06,1.136340862718105877e-07,0.000000000000000000e+00,9.512961346077908331e-02,2.529842005113854696e-07,-2.650903821516414818e-03
2.795000000000026219e+01,-9.998247485832904013e-01,-8.001208231824019634e+00,7.018670388347637542e-06,-2.181550572318383228e-07,0.000000000000000000e+00,9.516866557819092520e-02,9.380670259000592112e-07,-2.650665552620706973e-03
2.800000000000026290e+01,-9.998247184035042867e-01,-8.001208024806429009e+00,7.057753711186958714e-06,-1.819075442818819276e-08,0.000000000000000000e+00,9.519265089714679107e-02,4.258527947620772786e-07,-2.650388755528602404e-03
2.805000000000026361e+01,-9.998247119048755405e-01,-8.001207822712041562e+00,7.027629157601692452e-06,-1.350508178836138723e-07,0.000000000000000000e+00,9.522983605708734700e-02,8.831635825560929046e-07,-2.650961828956154443e-03
2.810000000000026432e+01,-9.998247668205365590e-01,-8.001207613789805606e+00,7.094978939803059004e-06,1.613584744985713023e-07,0.000000000000000000e+00,9.525378276296869728e-02,4.566703539591813096e-08,-2.650966524761157964e-03
2.815000000000026503e+01,-9.998247505028805548e-01,-8.001207409644695900e+00,7.050455583767615994e-06,-4.900664454291245351e-08,0.000000000000000000e+00,9.528418136871152910e-02,3.594959066221371583e-07,-2.650350227177638782e-03
2.820000000000026574e+01,-9.998247527305086368e-01,-8.001207205355928664e+00,7.039840770661850587e-06,-8.166456805739098698e-08,0.000000000000000000e+00,9.531709131055077222e-02,6.541502812236455813e-07,-2.650457860079401956e-03
2.825000000000026645e+01,-9.998247800308481814e-01,-8.001206995589434712e+00,7.067121689590724028e-06,4.379202126957944151e-08,0.000000000000000000e+00,9.534251113974612224e-02,-6.290661202403113616e-08,-2.650391752033401903e-03
2.830000000000026716e+01,-9.998248120364980895e-01,-8.001206791634006166e+00,7.041311029736092720e-06,-6.820902240286022451e-08,0.000000000000000000e+00,9.536626300054606986e-02,-7.028793854698854632e-08,-2.650066272171576476e-03
2.835000000000026787e+01,-9.998248086441667848e-01,-8.001206592169733511e+00,6.993374294225741016e-06,-2.463141599636922926e-07,0.000000000000000000e+00,9.540503503013653130e-02,8.490939357560866710e-07,-2.649506690589615698e-03
2.840000000000026859e+01,-9.998247936515969325e-01,-8.001206393181082177e+00,6.969439507608146769e-06,-2.927904744413295125e-07,0.000000000000000000e+00,9.543903922749041868e-02,1.077597622830906834e-06,-2.649409930412002356e-03
2.845000000000026930e+01,-9.998248145950160426e-01,-8.001206195724856585e+00,6.938543233756237957e-06,-3.578174749606970985e-07,0.000000000000000000e+00,9.547280664998236688e-02,9.055763731616641907e-07,-2.649561099816108434e-03
2.850000000000027001e+01,-9.998248319167585274e-01,-8.001205998584312695e+00,6.934007065067440470e-06,-3.043986547237473948e-07,0.000000000000000000e+00,9.550809015269479119e-02,1.134191842171061406e-06,-2.649151788004845600e-03
2.855000000000027072e+01,-9.998248338668502821e-01,-8.001205800000676049e+00,6.937095311154341762e-06,-2.311659394313929641e-07,0.000000000000000000e+00,9.554564751695515668e-02,1.373401642870051574e-06,-2.648877990467844463e-03
2.860000000000027143e+01,-9.998248832175693490e-01,-8.001205598150161080e+00,6.987241298179248564e-06,1.565119655450999511e-08,0.000000000000000000e+00,9.557814021249200209e-02,1.045310728268486708e-06,-2.648858250889584744e-03
2.865000000000027214e+01,-9.998248814161108111e-01,-8.001205400052914030e+00,6.959247692836727946e-06,-9.945346412647288446e-08,0.000000000000000000e+00,9.560981860685657807e-02,1.079772611274897855e-06,-2.648272439745485377e-03
2.870000000000027285e+01,-9.998248466892795117e-01,-8.001205196304445266e+00,6.995691582079484677e-06,6.621278566984654514e-08,0.000000000000000000e+00,9.563902720450023764e-02,5.602163952155459783e-07,-2.648213241318053603e-03
2.875000000000027356e+01,-9.998248243657597012e-01,-8.001204981981206998e+00,7.052502727924073208e-06,2.802148119142281512e-07,0.000000000000000000e+00,9.565561569653624474e-02,-5.586509429674084709e-07,-2.648846390967775789e-03
2.880000000000027427e+01,-9.998247951165716296e-01,-8.001204784434818862e+00,6.979875794374729010e-06,-6.633588466599018509e-08,0.000000000000000000e+00,9.569315769596631327e-02,6.228512043962458463e-07,-2.649356222096286954e-03
2.885000000000027498e+01,-9.998247930496318991e-01,-8.001204581505232838e+00,6.977675961702562647e-06,-6.186803842145748283e-08,0.000000000000000000e+00,9.572277001134743557e-02,3.434344368062825595e-07,-2.649571268959282667e-03
2.890000000000027569e+01,-9.998247652428003951e-01,-8.001204375824991999e+00,6.982457539169446278e-06,-3.036812086963173622e-08,0.000000000000000000e+00,9.575143322722290407e-02,8.680989317250773929e-09,-2.649595497570527130e-03
2.895000000000027640e+01,-9.998247759804156365e-01,-8.001204173777313855e+00,6.969162822279563373e-06,-7.747336425523625786e-08,0.000000000000000000e+00,9.577853449679807341e-02,3.309668144439257211e-07,-2.650027327301864542e-03
2.900000000000027711e+01,-9.998247438157152889e-01,-8.001203976722377931e+00,6.952664918529880467e-06,-1.279703064029197016e-07,0.000000000000000000e+00,9.581648961052646740e-02,9.391406109675709965e-07,-2.649825315344726210e-03
2.905000000000027782e+01,-9.998247462968088417e-01,-8.001203771727981362e+00,6.946959450936271058e-06,-1.251981154967730717e-07,0.000000000000000000e+00,9.584230846572783236e-02,2.134566368200914563e-07,-2.650256972305778131e-03
2.910000000000027853e+01,-9.998247517319756028e-01,-8.001203578901792568e+00,6.885982102911016431e-06,-3.440678844984335570e-07,0.000000000000000000e+00,9.588063160661430828e-02,1.289759613907715078e-06,-2.650202183062085395e-03
2.915000000000027924e+01,-9.998247205374513058e-01,-8.001203374713799832e+00,6.962778372017887178e-06,3.193076882873177011e-08,0.000000000000000000e+00,9.590343433695647235e-02,3.684560751410574635e-07,-2.649932845326510421e-03
2.920000000000027995e+01,-9.998247037087280020e-01,-8.001203177730403127e+00,6.904025445225877604e-06,-2.094670921050495506e-07,0.000000000000000000e+00,9.594152822617729726e-02,9.079556997083185446e-07,-2.650637295702642886e-03
2.925000000000028066e+01,-9.998246910886825489e-01,-8.001202976561364366e+00,6.897029488945826233e-06,-1.955574988042447490e-07,0.000000000000000000e+00,9.597521340910120102e-02,7.287954216703489955e-07,-2.650708767535511160e-03
2.930000000000028137e+01,-9.998247113604830094e-01,-8.001202770459377334e+00,6.958543343117233333e-06,8.960941764222908502e-08,0.000000000000000000e+00,9.599768174541889465e-02,1.246045799965303230e-07,-2.650876520671708800e-03
2.935000000000028209e+01,-9.998246854168060249e-01,-8.001202571412914466e+00,6.931537783539908952e-06,-3.633470419551272628e-08,0.000000000000000000e+00,9.603211619853446734e-02,4.853619271796533607e-07,-2.650761906337916786e-03
2.940000000000028280e+01,-9.998246745529948409e-01,-8.001202377158428192e+00,6.862064738751762605e-06,-3.069599425089916719e-07,0.000000000000000000e+00,9.607268774899857533e-02,1.156888070804029526e-06,-2.651067884368185894e-03
2.945000000000028351e+01,-9.998246981486144103e-01,-8.001202170746511300e+00,6.956615996850237723e-06,1.326370783867017650e-07,0.000000000000000000e+00,9.608958272471213036e-02,8.424107940829318899e-08,-2.651016864555459738e-03
2.950000000000028422e+01,-9.998246359507056980e-01,-8.001201965740445843e+00,7.030097570070995878e-06,4.000359555923898741e-07,0.000000000000000000e+00,9.610927916467115750e-02,-3.774834178984943512e-07,-2.650954148140329935e-03
2.955000000000028493e+01,-9.998246345974554083e-01,-8.001201777870166509e+00,6.850465870133217912e-06,-3.984980352771897789e-07,0.000000000000000000e+00,9.615225989805686879e-02,9.854633537056240505e-07,-2.652113440019295085e-03
2.960000000000028564e+01,-9.998246176161356136e-01,-8.001201589097432176e+00,6.799071437660862185e-06,-5.243761581111718309e-07,0.000000000000000000e+00,9.619964805526759477e-02,1.761511020601928025e-06,-2.651580473131185441e-03
2.965000000000028635e+01,-9.998246137931536826e-01,-8.001201387922471042e+00,6.861625803563443122e-06,-1.692834628786172735e-07,0.000000000000000000e+00,9.622666696645154616e-02,1.002651593823604443e-06,-2.651676898074253365e-03
2.970000000000028706e+01,-9.998246049403475277e-01,-8.001201181434705489e+00,6.914831420720423018e-06,7.739569832502277116e-08,0.000000000000000000e+00,9.625296746471345699e-02,1.855728753856718753e-07,-2.651926910252440026e-03
2.975000000000028777e+01,-9.998246660627518878e-01,-8.001200977075873411e+00,6.983959011100625856e-06,3.384269201808256437e-07,0.000000000000000000e+00,9.627436835183544872e-02,-1.121745183470221281e-07,-2.652223575647545250e-03
2.980000000000028848e+01,-9.998246636561823886e-01,-8.001200780268403534e+00,6.908259285332215641e-06,-3.205736692897603755e-08,0.000000000000000000e+00,9.630748242878883758e-02,3.834107422443374087e-07,-2.651519652563078411e-03
2.985000000000028919e+01,-9.998246613459302878e-01,-8.001200583324218130e+00,6.853905985981571149e-06,-2.430590909457557375e-07,0.000000000000000000e+00,9.634128488553539427e-02,7.449439194101869551e-07,-2.651322595947395392e-03
2.990000000000028990e+01,-9.998247003997635662e-01,-8.001200391028438830e+00,6.837471208165719378e-06,-2.601863840200107444e-07,0.000000000000000000e+00,9.637907065349260449e-02,1.116528256413459049e-06,-2.651189841564930132e-03
2.995000000000029061e+01,-9.998247302053148156e-01,-8.001200193134637928e+00,6.857935933701786942e-06,-1.262902050717395122e-07,0.000000000000000000e+00,9.640953170060129196e-02,6.876695876267399008e-07,-2.650553414949489203e-03
3.000000000000029132e+01,-9.998247802914577154e-01,-8.001199998872058572e+00,6.862337961641985209e-06,-8.342405229659880032e-08,0.000000000000000000e+00,9.644740550289299108e-02,1.189685369413041208e-06,-2.650169363036138006e-03
